assigned_id,nb_assigned_ids,nb_fingerprints,ownership,id_ownership
6dd65700-16cd-44ae-82c8-63ebf9f3e9a5,1,1,1.000000,8d7e30ed-2eb2-48c9-ad99-3d0e8cf03e99
861a7316-38c1-4ac2-9be1-ee2b644b646e,1,1,1.000000,8b10f12f-516a-44ee-9e79-134d040d1ef4
b9a88da7-33e0-4ce0-8911-8dec1b9bce83,1,1,1.000000,18812d7d-3e1e-4084-ad30-79ac968a2fa5
e469d159-b0aa-4612-9e71-49d5eacc862b,1,1,1.000000,d4be492d-c9ee-46a0-b1ab-076386b61b85
1790c2a3-3796-43a1-9195-b5d0f4fdc865,1,1,1.000000,7f683754-6c34-4de6-b54f-367de9daf770
d47f6374-12bf-4d5f-8365-7fc28c946490,1,1,1.000000,5fe18d2a-1ec2-4075-adfc-637e282721b4
8df2f3e2-48ba-474e-92cc-b0e6428063ed,1,1,1.000000,1f84d45e-8689-42bf-9ad5-0f9c8753fbde
bf08153e-664c-4950-9eb2-2cd9d854de85,1,1,1.000000,2bef0281-b2d9-41ac-967c-45835e5ba8c0
b75eae54-ce53-4cf2-9552-99fbb88fbb2e,1,1,1.000000,595525a1-8ff1-493d-bdef-74ecb74d182b
f57b6fb8-6409-4785-86b4-8ef4393ed83a,1,1,1.000000,a1e159d8-57d0-47b8-9d45-24df63d3595a
f670be82-48b9-4c75-9a65-8c487be12b44,1,1,1.000000,768f8c65-6279-4be8-98a6-af3595dc5f5f
20d836bd-b5a8-496b-a9ce-73ef3abb18cd,1,1,1.000000,68942969-0475-4a26-931b-d1d8043a659c
037d5481-49fb-4852-9d04-bdd4fcff30d4,1,1,1.000000,efca79c2-0b12-4ce7-a28f-68ad9193990d
1de4ea4a-0094-4e62-9ebb-3dc4caf68d9b,1,1,1.000000,2847c646-a1c3-45b5-815f-46681e3db9c1
51d08b81-830b-4458-b4cd-e22f8fb9fd18,1,1,1.000000,adf5227c-74ef-49bf-b9fc-2fb8cf302732
1b8586b8-bad3-4053-90f2-e54e689a1ebb,1,1,1.000000,b811ccd0-a9ef-40ef-8326-d8efbf85e50f
f9f3c94c-a15e-4b19-b5fb-cfc8441425d4,1,1,1.000000,06b6d1b3-dda3-4743-96f5-a45079ab6996
446004bf-af05-4ff6-955f-d97c48a0d893,1,1,1.000000,0062535e-d9ab-4cb0-ae8f-79133b440129
e0ae03f2-aa58-4221-8c4b-394e92496df0,1,1,1.000000,2c383b80-2256-4ece-81d4-c81290a10a14
b3a3b01c-b6ee-4c35-9f30-21481e422db2,1,1,1.000000,98c881d4-c19a-4d67-b99a-238515d05638
ddf3ef3a-fd8a-430a-9594-3e870ea1a3d9,1,1,1.000000,29cc433b-5fc2-46f5-9183-c76d4be7a356
04e9074c-a8d0-463f-bf43-13079311b84b,1,4,1.000000,f61809d2-a428-4a2c-81e4-461ea9908687
80d8fd19-a5df-49e4-9921-c75ed6acfeea,1,1,1.000000,e99b3521-4e62-4230-b899-85c9dbed1921
a912a87f-bb00-44c3-af2e-0982ffd8ddad,1,1,1.000000,6c1f708c-f3e9-4d9e-a0ae-311ba42c139a
689648d8-2ab8-401d-ab8f-8baf8d74cb99,1,1,1.000000,c28aa37d-571e-4b43-bf01-aa14eeb765e7
110c32cb-c48b-4a37-bc74-7630ea862124,1,1,1.000000,a7f1b3c9-e8d6-4ed4-a7c3-2a17b414596a
53b4538d-6c46-4a11-9e08-58de1fa507cc,1,1,1.000000,5d6b65a6-6a87-4085-900c-575ab429c359
99680a22-429c-4109-9fca-33cdf157186e,1,1,1.000000,ecd9aab5-ddc6-4cf9-97f2-03e3018e6076
41092bc8-a97d-48e6-bb81-971bae611111,1,1,1.000000,bd02a352-b7dd-4dbf-a0df-245aab548fe9
b74960c0-fcf5-4309-a454-5f2e7db54f29,1,1,1.000000,1d39f953-a08e-494e-acf6-e594832b010a
8ed4d6b2-f98c-4be9-b8a0-b7f898b42edd,1,1,1.000000,c33e02f8-4665-4d6c-8781-4a5c991889da
93cd008d-7d58-4afa-b25a-358b8fefbda8,1,1,1.000000,d7969eaf-cd67-4ac5-b060-393d864f8525
c8e87dc2-f7f4-4a90-8a01-bfa1b2c6ff9f,1,1,1.000000,9a750eec-46c2-4720-b481-a0d6f03af47b
bb547f16-691f-4a39-88d5-1864fa97a5f8,1,1,1.000000,1a2a7fa6-a936-4e87-a513-50ea19f0483e
3773bd5a-8f2f-4280-b436-ed108ba4ac12,1,1,1.000000,2657b615-04b0-4c11-8343-1245c9c07676
b8f91b21-c8c3-4cac-9c45-83534b882831,1,1,1.000000,3284e414-8b55-431b-996f-5e5cf9e96ed9
dc45dd1c-ccfb-4405-98ff-db5aa48ea2d9,1,1,1.000000,7ce6f4e7-3343-4519-8d80-7b97f0fa9e57
b5e8ad63-aeaf-420e-b3af-e1242727cf44,1,1,1.000000,6bbe076c-62a2-4eae-9e57-e45c85c909b2
738b2a4e-a420-4fe1-b37d-3a636e684d87,1,1,1.000000,ad30762b-ff39-441d-a0f7-d388fcb65c5d
691520c4-c972-4fa3-a9b8-bc5ef6f0adcc,1,1,1.000000,5ac34c91-a3b4-4a11-a940-a4babf02057f
e4c2167a-41c5-42ad-9fa2-90c64517d8c6,1,2,1.000000,6703acf0-f2c1-4b80-a158-fbbe091d3948
8bc734df-122a-4bc1-b8e2-0824bcba729b,1,1,1.000000,a3f79161-ce4f-4ec0-9c53-67b5d89375d4
1ed4119d-feb5-425b-9dd0-4ff7d4117e14,1,1,1.000000,bb86048e-c4fd-4bc1-8fda-a4fb5b391a14
2f153a39-e1b3-4ac4-b8b1-b3cfd23bdbed,1,1,1.000000,1729815c-0eca-4350-ab5c-5ce2c530fcd4
95c5af82-1d45-41cc-9960-11cda3214fc4,1,1,1.000000,8e7f3b7f-2631-4b94-a2ae-31e8f02f07cd
e2666d7a-408c-4188-bcb0-4962c317b189,2,2,0.500000,f4f25187-82c7-4265-9bf9-71bc8ed1701f
5579380a-1951-4ee7-97df-582ccc666944,1,1,1.000000,be62454c-9208-4099-9ed2-02aa2de09509
534278c4-e9e3-4793-a2c6-9542795bbcb5,1,1,1.000000,b31c10f0-ddb3-4d3f-b6b1-6ac865523ec8
484df59f-4f71-453e-ac2e-82771a081402,1,1,1.000000,30f64336-9100-4dbf-b67b-4a2096a38da9
e65ad054-5984-4664-ab7b-b0305792131e,1,7,1.000000,5e3d6bde-1451-4103-89a6-c67d81f63ed6
b2c72cd6-02a6-4bb3-b732-ef8c8c5df279,1,1,1.000000,849e3617-6a09-4b25-8eb9-efdae87a793c
7500570b-1ab3-4e2c-a47c-4548f4fe335f,1,1,1.000000,8e72a8bd-ae9b-460b-9573-aba4b21efb12
026835d5-9bcb-404b-970f-d69d1425da10,1,1,1.000000,17b99863-8bfd-492d-8451-374fd7cde36c
b33c9a45-591e-46d5-a0cc-13cb1f8da3a1,1,1,1.000000,628a06f1-ca1e-4e6e-9b38-5e23da554b53
b1f43793-0dd0-4b60-8605-0ca29e2e21dd,1,1,1.000000,15f3a523-0299-4249-8ccc-fee0b320040f
0edf5218-77e6-4ae1-adf4-31e766e19947,1,1,1.000000,8a0fe7de-deff-4ffa-acbf-192cb2d37b39
7920377e-0841-47c2-b78c-0a7a2a05385e,1,1,1.000000,1bc74fba-d84b-4bcc-9386-cb329e96d9e3
2d40526d-868a-4a6b-9f20-13f5500195b3,1,1,1.000000,553ad3d4-3bb0-43b3-ad8a-356e97057a27
f12fb014-dbc3-4cb4-a31d-67b2a0c7e738,1,1,1.000000,c17f5405-360e-43d7-9b50-bccf6faf2207
620b851c-5f17-4a6e-a69e-c6aafa897af8,1,1,1.000000,3080614b-46eb-4c0d-b1ff-b9dc13bbc44b
3ea9b565-0f4c-4c96-ab65-9d5c1a35c168,1,1,1.000000,b10b18e5-cc00-4fd7-9fba-b538c181d05b
f0c946e7-94fe-4b9a-8f20-3879e57210a3,1,1,1.000000,4f84b332-20fa-45e8-b9e0-e9fd0839492a
e534cbd7-35ac-449c-af36-716dbb9eb99f,1,1,1.000000,5e1920ed-d676-4151-a8ff-1153e7b7561f
8f538937-38b1-42b1-b118-03286321d1d7,1,1,1.000000,68e7ae29-15ff-402c-adc1-76d5a932c984
2948649e-eef5-4082-8337-b2bddf572e52,1,1,1.000000,e51675c9-0801-4428-adc3-cf4b532be589
96ae9d09-6af5-4e58-b8d4-92333451ae3d,1,1,1.000000,b34a8c1a-f43f-4635-9799-9891ed21239a
556c47a0-6ac4-4014-b1bf-243304673d25,1,1,1.000000,142269c1-304f-434d-be4c-cbe566ba1379
10995a38-1fd7-4ac8-9f21-0e8cb2cf0496,1,1,1.000000,b8f4eb79-baaf-442b-ada2-5bcd5cf89df4
0d8ae241-f25f-489b-b946-18964111cb2d,1,1,1.000000,06bc34ca-c98b-4c0d-9276-b7cf78be600e
f1b4c5a8-5c73-4309-bfbd-234602dd1212,1,1,1.000000,8537fdf9-7619-499b-b288-a3cfa1ee546f
97514da1-98e2-4bb6-b60d-19ec3ded71d6,1,1,1.000000,a06a6baa-a68b-42fe-a709-0053627f90d7
3dc3bf02-17e0-4a60-b0b7-22b7af4fcffe,1,1,1.000000,5e5bd954-ae5a-4f7d-a16b-85bc7f3203e5
ff161a26-4f14-4cfa-a0bb-263c484a3551,1,1,1.000000,4f2ed62c-2a18-4888-86c1-aa01ba21b64f
916465a5-c051-4163-b856-9ed812bc9a53,1,1,1.000000,be47e9a1-0600-40bc-8360-0fc2c99c4ca2
0d2955a8-28bf-4ff5-8bf9-d39fd3fcfb4b,1,1,1.000000,21cbaff6-4d5f-4083-9edf-9523563b74ae
b5a6d52d-3bf9-4e15-b37a-a95f6d90c459,1,1,1.000000,4d49cfb2-841d-4a04-81cb-7d1b39a507b4
c4882ebc-efff-444c-8106-68d688ac5774,1,1,1.000000,9a8ce184-8911-4e32-be51-261497e0d919
28e058cd-b33d-4721-8ba5-f5a779ed543f,1,1,1.000000,49fcf025-22ca-4e4b-85b8-278b855e63b7
83ba6c7e-b474-4582-ba8a-5e97f9c09736,1,1,1.000000,bc89da45-e92d-43b3-82e6-e4633ecdb0db
5c019389-6d35-43aa-ac24-172247d9559d,1,1,1.000000,639303f6-00f5-4aec-a487-291f27972688
9c9a744a-d38d-49df-ad84-4094d0876898,1,1,1.000000,bc19c32d-a271-4dd7-b5e6-62d36d1a3128
206de226-5e0c-4334-83e5-0f5ca339ed2e,1,1,1.000000,2dd5f116-f355-4d81-9790-cb050463be55
75862651-2315-4386-bdb4-176d51c18a39,2,5,0.800000,105b0c95-40d4-43ed-9328-6cbeb200183c
81202051-3666-4a07-b280-f43db3cffe23,1,1,1.000000,bf3f096b-5f9c-4174-ab8a-49e7a574f4c7
4089f9b5-7540-4d6b-8a22-c55735ad9f69,1,4,1.000000,5f118823-51ee-47bb-859f-1316523af0ed
da6b39a1-cf27-42ae-a2f6-81413a8b57e7,1,1,1.000000,71c102e5-a364-450a-b233-6c5e2976b9d1
4702c612-cbe4-4692-af0b-1c12167f7501,1,2,1.000000,31fa27b8-6c4d-47b2-8566-b4af4d9ca9e8
f066f403-9a77-462b-88ea-412cfab288bd,1,1,1.000000,a2969fda-e1ea-4d11-8d21-b5fa826c0666
ea9839f6-ef56-4317-b204-a3c1a3b9e71e,1,1,1.000000,a4869a14-7941-461e-89f4-ea6e19a3866b
617c1745-013b-4035-9b2a-b19a1304941c,1,1,1.000000,8758fefb-3ed1-4d64-b75d-b9e3d628eef3
a48bc660-4c0f-408e-84cf-4dc289413a46,1,1,1.000000,5d5b6794-5e6a-45d4-a508-e6ad12155d53
164edcc4-7f10-4934-99b1-fbea13f15d1e,1,1,1.000000,4c7e79d1-ebd0-40e5-97cc-5156fe65e1ac
77d4a3ac-963d-4a42-bb23-f5005b95829d,1,1,1.000000,47bad423-2418-4435-83c8-08ba94003d14
448519a0-a8fb-44bc-b59f-d1ea2de08b6a,1,1,1.000000,b63742da-5e1c-45af-90ad-17c4303b044e
0f2eb44f-b1ab-4581-bc62-aea8b7076fcd,1,1,1.000000,5f993501-e331-41f8-88ef-8789acff3d7f
ed133df2-54d8-448c-bc52-1ac178dc1222,1,1,1.000000,15c7af42-87ad-4bc8-92fa-52ae8f2040fa
019436f6-7ee3-4233-8b26-94edb0d49b81,1,3,1.000000,7e2037cd-4943-4935-a393-43fc5c390c87
6558f523-e094-406b-b5a5-ab3b2405f753,1,1,1.000000,9b9c8be4-8e25-413a-8928-7da271e119ca
1a575a18-5078-4609-b6bb-6c476e0eeedd,1,1,1.000000,36027d15-9fa5-4ada-bf4b-ed5b5daa5587
fb3c0910-1b6f-4a1c-afa9-8ec176f0201c,1,1,1.000000,340b7157-11e5-4463-a088-59ca98df39cd
fbf9d88c-35d3-4107-aa21-3d6f596d963c,1,1,1.000000,7df7a9b0-729a-40ef-9403-c28f90d19453
1d6b9f87-1df5-49c0-ae8c-96b8ba609be0,1,1,1.000000,0feedf09-ee01-43ea-9489-1b58a00ba227
bb653250-ea7e-4d4f-bf5a-083b14a66d5d,1,1,1.000000,5771f07a-575e-4004-a3a5-db3ee44bb1b0
a81425c8-a957-4459-9532-a081bae03a88,1,1,1.000000,5f93621b-e9a9-451b-8d30-165dae1653c2
5eef7903-102e-436f-aeae-3fe564084010,1,1,1.000000,935eb020-a824-4cdc-9442-727a6d9e019e
6a7c4ecc-3081-45e1-bde2-dd0601ff50f7,1,1,1.000000,24aa014e-055c-4925-85de-d3541e3d0bef
ff157a62-d299-4eb9-a477-885904f95aef,1,1,1.000000,39107c52-98c9-4a75-b505-271294fac465
f72bbba6-20d0-47f2-8573-43f3a65d5393,1,3,1.000000,f80e3924-ebe8-4e2b-8fc1-f8040e9b541d
c8d8a12b-4cef-424e-83af-2bba587a1377,1,1,1.000000,75f1c4e9-4841-4159-a021-44ff5c150d37
8c37a247-2b9d-4c1f-a556-b924b7006e0d,1,1,1.000000,10c196fc-2c76-4e4b-b628-4472949c39c3
010894c5-3a1d-40bd-907f-72b500646c7b,1,1,1.000000,7413fd0f-0de7-4b60-b466-60b0bdd9a9c9
6af3d2d7-a5f9-4eb9-ac1e-e167b04f0d7b,1,1,1.000000,907af844-581a-4044-8ddb-8bcc91df32f9
786d3243-e383-43ed-a08c-c62fccbc7b55,1,1,1.000000,039c70da-6930-47d6-bdfd-f1d429ade760
4e649378-f611-470c-8912-1c649a9d8a0d,1,1,1.000000,f812d842-42ac-4a21-8073-f483c059ca2d
62f3018e-2389-406a-92b5-cf1bd319aafa,1,1,1.000000,a1a87013-2cc1-4ab5-a85b-9fd21ffffe4b
9d766c0b-45b7-4fdb-9018-c59b0dffb729,1,1,1.000000,b598bd23-8da8-4ecf-8ed7-f22321137698
7e41975c-ba1a-4f5a-949d-ada6006cf564,1,1,1.000000,71bc06fd-068a-4dd5-8c8b-4c7b2e3ff17e
052c6405-670a-4e0b-9ad0-ef84bc0e244e,1,1,1.000000,78d36156-f985-41f2-b808-8ffa7a87f4b9
cfd7ccbf-9a48-4297-896f-540960c42f42,1,1,1.000000,2f38656b-76d5-4b46-a81d-c90b96495673
cb0e5e61-e7b6-46f7-a4c7-ebed3a9524b0,1,1,1.000000,48a3cfba-dcdc-4833-886c-5cc284e12343
15649897-0300-47eb-a07b-51cc4f23ff4c,1,1,1.000000,618b27ad-6280-4709-8245-2f34c8e13f53
9fee0b88-945d-4693-b7a3-0e9c3f96ffd7,1,1,1.000000,45408613-9964-47f1-ab70-7690b988b705
30e7f23d-3d8d-42bd-8688-71165d15e9f4,1,1,1.000000,028b8603-30a8-498d-97ee-f8a764ed1d88
5aa9aa4f-512e-4178-a4b0-1d9ad2159626,1,1,1.000000,15d97e16-a8bd-47fc-90d0-a7b1505efd0b
4d907650-6936-4844-bf80-3752c8515148,1,1,1.000000,6691497e-e3b6-4698-a5e3-35f282f0eb8d
45513138-63f7-4690-931f-7bf82c43e2d5,1,1,1.000000,27b1e11e-8d9e-467d-8636-df88f9641094
52683996-8dc1-446f-a8dc-71ef5b6e239c,1,1,1.000000,faede4bf-624b-414f-8bff-7f3bbfc74f7b
529421de-a905-493e-90ea-0118601b3d66,1,1,1.000000,f6f0f4cc-1446-4e9b-8217-0e87c459d01d
ebe4aac4-3efb-4d8f-8ad8-c44714c54ba7,1,1,1.000000,c7b87666-56b8-4851-ad87-0ba40803d992
a09f4bd0-a5dd-4159-b817-dc0179e7127d,1,1,1.000000,f1f761d6-552f-4f35-be9e-b094d7b78160
996dbc8b-0e2c-4efb-98b2-f62129e7f73d,1,1,1.000000,a4b7e876-b24c-4888-85f9-62bcb8a9d776
a88ffe74-f266-4427-9039-cba0f0d48ecf,1,1,1.000000,8d7e30ed-2eb2-48c9-ad99-3d0e8cf03e99
95f4b614-e7c5-45ae-8918-086ecdeaa738,1,2,1.000000,8b10f12f-516a-44ee-9e79-134d040d1ef4
2614f7a3-c3ee-450f-8409-15b6868084d5,1,3,1.000000,18812d7d-3e1e-4084-ad30-79ac968a2fa5
85900739-065b-4aeb-83b9-928373338adc,1,1,1.000000,d4be492d-c9ee-46a0-b1ab-076386b61b85
2bee9b5f-ffb4-421c-bec4-cd39595d1bab,1,1,1.000000,7f683754-6c34-4de6-b54f-367de9daf770
e379485f-dc01-4e78-ad96-76d01c4a8eed,1,3,1.000000,1f84d45e-8689-42bf-9ad5-0f9c8753fbde
65c3e0d7-20bb-4b06-8287-3fe80681a2f3,1,1,1.000000,2bef0281-b2d9-41ac-967c-45835e5ba8c0
c3231c9a-d64b-4a0e-8c48-538f87e43c5b,1,1,1.000000,595525a1-8ff1-493d-bdef-74ecb74d182b
e6f79f6d-2d75-48b5-8cdd-3e51fcdc9bd3,1,1,1.000000,a1e159d8-57d0-47b8-9d45-24df63d3595a
5a924c1c-c3e2-4935-adf7-45a9ae795cc5,1,1,1.000000,768f8c65-6279-4be8-98a6-af3595dc5f5f
1a8f3344-0f2d-4e71-ad49-08b63bf5d6c8,1,1,1.000000,68942969-0475-4a26-931b-d1d8043a659c
5d0b6ca2-a621-4331-8aa0-f05d3de522e8,1,1,1.000000,efca79c2-0b12-4ce7-a28f-68ad9193990d
6e1d7517-f11c-4be2-80f8-a74d6aca0178,1,1,1.000000,2847c646-a1c3-45b5-815f-46681e3db9c1
ac63b34e-557b-4135-b619-57268c95fb5b,1,1,1.000000,475f6ef0-4e4c-4fdc-b24f-529a349d521e
e4ead738-b38a-4295-99ce-53478ec00624,1,1,1.000000,adf5227c-74ef-49bf-b9fc-2fb8cf302732
2d95c905-b4f8-406c-812e-a8bf63d9fe26,1,1,1.000000,b811ccd0-a9ef-40ef-8326-d8efbf85e50f
ac123541-3c5d-4892-8f29-294ae22faac7,1,1,1.000000,06b6d1b3-dda3-4743-96f5-a45079ab6996
a7eed6e0-8b1b-4d04-8061-457d5bfde77c,1,1,1.000000,a570d9cd-f8c7-4a04-acd2-701cc226b960
2d3a68d0-1fe0-439a-9995-5c71a4ae7c18,1,1,1.000000,0062535e-d9ab-4cb0-ae8f-79133b440129
4174e57e-6610-498d-8c6e-d289548e72d8,1,1,1.000000,2c383b80-2256-4ece-81d4-c81290a10a14
1826df1c-9182-47b3-a646-146ba90958a3,1,1,1.000000,b319c8c3-de7b-45c2-ba51-91927dd27b3b
ddc18b4a-21d6-4c23-ab74-0d3fad7223a7,1,1,1.000000,2f843830-e489-45c6-a140-48ef168f7d3e
f28bf631-1a6a-4f8b-a286-55bca0e855fe,1,1,1.000000,941cbc5b-b82c-4e79-98d7-87808e8819b9
6318e15a-77e2-41cd-aa69-fffcaf765c71,1,1,1.000000,e99b3521-4e62-4230-b899-85c9dbed1921
dfb9da90-1854-4fcb-8956-ca1a53357ae8,1,1,1.000000,6c1f708c-f3e9-4d9e-a0ae-311ba42c139a
8e87c4b1-f061-463a-95fb-9d40c81c237f,1,1,1.000000,c28aa37d-571e-4b43-bf01-aa14eeb765e7
c7c6efef-4870-4b16-895d-dea33069c376,1,1,1.000000,fff9db58-c20e-4f2c-b07d-9937b70a1273
73a62eac-44bf-40b0-bc76-38210b788082,1,1,1.000000,a7f1b3c9-e8d6-4ed4-a7c3-2a17b414596a
aa15940d-74a9-44da-8dec-a81a5e049fd1,1,1,1.000000,5d6b65a6-6a87-4085-900c-575ab429c359
1ac1b1fc-71e4-4b91-8241-bf537cf2a0d1,1,1,1.000000,b00c8ba4-8b50-4d81-a08e-fee649ef9423
a446c0f0-c989-410c-a324-d03237d1e6ae,1,1,1.000000,ecd9aab5-ddc6-4cf9-97f2-03e3018e6076
7374c4d3-528d-4b13-a8ed-cccd10600d43,1,2,1.000000,bd02a352-b7dd-4dbf-a0df-245aab548fe9
9ee50125-461e-4cc5-849a-9d468c4577cb,1,1,1.000000,1d39f953-a08e-494e-acf6-e594832b010a
086dec03-8ea1-4b21-a30b-11dcb325e4f6,1,1,1.000000,c33e02f8-4665-4d6c-8781-4a5c991889da
dfe72dc8-261a-4254-a952-634a2fdfb9ad,1,2,1.000000,d7969eaf-cd67-4ac5-b060-393d864f8525
9b6299e9-05e4-4b4c-995f-6cb2177d18f0,1,1,1.000000,9a750eec-46c2-4720-b481-a0d6f03af47b
4787d83e-d8a6-4308-a14a-65851d11ade1,1,1,1.000000,f258256f-54bc-46fc-baca-9df34d5ff3ac
fc63895f-5b6c-45aa-9a63-65b0a2561c07,1,4,1.000000,1a2a7fa6-a936-4e87-a513-50ea19f0483e
efb787b9-d96e-4155-9c99-94ee06d059aa,1,2,1.000000,2657b615-04b0-4c11-8343-1245c9c07676
4ad4aef9-ecf7-4f2d-abb6-7b803764119c,1,2,1.000000,3284e414-8b55-431b-996f-5e5cf9e96ed9
6b85b112-6635-478d-a19e-8888d911e965,1,1,1.000000,6bbe076c-62a2-4eae-9e57-e45c85c909b2
38183157-c1f9-4929-88f0-6e3cf9bb61b7,1,1,1.000000,ad30762b-ff39-441d-a0f7-d388fcb65c5d
91bc2c15-a63e-4d27-9f7e-d1022356438f,1,1,1.000000,5ac34c91-a3b4-4a11-a940-a4babf02057f
c0c46f44-df3f-411e-9cf7-43a65cb3a43b,1,2,1.000000,bb86048e-c4fd-4bc1-8fda-a4fb5b391a14
5b7b463b-ea7f-441f-95db-3a04f9ee3ff1,1,2,1.000000,1729815c-0eca-4350-ab5c-5ce2c530fcd4
effe84bc-825f-4adf-9b4f-3b2aa5d37caf,1,1,1.000000,f4f25187-82c7-4265-9bf9-71bc8ed1701f
e55adeac-5558-419d-94ee-bfa5a7e67bc1,1,1,1.000000,b31c10f0-ddb3-4d3f-b6b1-6ac865523ec8
81f74a3f-bf92-45ab-ba6c-b34ee656f829,1,2,1.000000,30f64336-9100-4dbf-b67b-4a2096a38da9
7ce14d9b-1ca2-46b6-aefc-ae200da85605,1,4,1.000000,849e3617-6a09-4b25-8eb9-efdae87a793c
a0efdb9f-14e1-40a4-afc3-0f328af91adc,1,2,1.000000,8e72a8bd-ae9b-460b-9573-aba4b21efb12
3477797a-6834-437e-b0de-f67824a70eb8,1,1,1.000000,ee629236-d81f-4548-822a-11f979d7f013
fdb90543-33bd-46b5-9a85-7a8243c6a1a8,1,1,1.000000,17b99863-8bfd-492d-8451-374fd7cde36c
b6fa5807-4c5a-41b1-9c7c-d8c7b6914b55,1,3,1.000000,628a06f1-ca1e-4e6e-9b38-5e23da554b53
3daeba18-f163-406d-8c1e-ce431e20c0cf,1,1,1.000000,15f3a523-0299-4249-8ccc-fee0b320040f
a645c159-37a9-4a08-b887-2bdcbaefe846,1,3,1.000000,1bc74fba-d84b-4bcc-9386-cb329e96d9e3
8a0946ce-50e6-404e-8525-db795ae674fc,1,2,1.000000,553ad3d4-3bb0-43b3-ad8a-356e97057a27
6d50d47b-8a67-4741-981d-075a3b309448,1,1,1.000000,339569d2-ab4e-4f6d-9e2a-1b9f9fc083aa
9688eb1b-9065-4378-9913-322c7f3b8671,1,1,1.000000,c17f5405-360e-43d7-9b50-bccf6faf2207
f8290dda-9498-4237-96ae-c1969a5ab72e,1,1,1.000000,6da10582-c8f5-41e2-9d10-63b7b66ea527
87f651c9-791a-4cd3-b6ce-06aa00c09002,1,1,1.000000,c15796a9-88e4-406f-bd36-788d0e579acd
c2531617-c1b5-45bd-a6f2-18d429af6f15,1,1,1.000000,17b06456-e7d7-47f8-adb8-f259fb98dcc9
06a9a3cc-4407-47f1-8003-75fa391ad4bf,1,3,1.000000,b10b18e5-cc00-4fd7-9fba-b538c181d05b
227cccf2-2aec-4d4d-b33c-f7944fda9cf7,1,1,1.000000,4f84b332-20fa-45e8-b9e0-e9fd0839492a
f4da5914-0c8b-415a-959d-c25cd193dd22,1,1,1.000000,08a984f9-9503-41c3-95a9-001f60ccc981
31d3098c-4d64-434d-8be7-5ce7a1dd9c28,1,1,1.000000,5e1920ed-d676-4151-a8ff-1153e7b7561f
247d4349-1e90-4eda-9617-ce517b7fb6ce,1,1,1.000000,bf609a7c-229e-4dc7-82df-8162b6648e97
83bea7e7-aa29-4de4-819a-295263b7e13c,1,1,1.000000,68e7ae29-15ff-402c-adc1-76d5a932c984
be61f72e-9c41-4280-b4fe-d959440ce2a9,1,2,1.000000,e51675c9-0801-4428-adc3-cf4b532be589
ceb85efb-dfe5-43fb-bc2b-e05e3c36d287,1,3,1.000000,142269c1-304f-434d-be4c-cbe566ba1379
3f7ce45c-569a-4a49-8e2b-172c88efb53d,1,1,1.000000,b8f4eb79-baaf-442b-ada2-5bcd5cf89df4
65632c83-0026-4d29-857e-7b342c8bcfb6,1,2,1.000000,06bc34ca-c98b-4c0d-9276-b7cf78be600e
cec2695e-0c10-4b5f-875b-22b092974e9d,1,2,1.000000,8537fdf9-7619-499b-b288-a3cfa1ee546f
9ab1e645-641d-4083-87b4-31d9fdb350c8,1,1,1.000000,a06a6baa-a68b-42fe-a709-0053627f90d7
e40208e4-aed6-4cdc-a928-34edd74abaf7,1,1,1.000000,299be603-a667-4e4b-9287-3e88c441d26c
e819100d-dbe0-467b-9e8d-fb968036df0b,1,1,1.000000,5e5bd954-ae5a-4f7d-a16b-85bc7f3203e5
be224f7b-fe88-430a-8d80-60aae05402f1,1,1,1.000000,87e53473-180b-4180-830f-6999f612c755
ae703163-704e-469b-97ba-7c28a63e852d,1,1,1.000000,59751180-e355-4bfc-b5a2-5c571dfc6efa
e7ce16dc-534c-4f47-a556-08442cfbf58c,1,1,1.000000,4f2ed62c-2a18-4888-86c1-aa01ba21b64f
5ffa9c61-7a33-44dc-8f2c-e36e55ef6af9,1,5,1.000000,21cbaff6-4d5f-4083-9edf-9523563b74ae
fe29bbbc-b389-4833-834e-d57f1a040515,1,2,1.000000,4d49cfb2-841d-4a04-81cb-7d1b39a507b4
f2d493a5-73ff-40f9-897d-012177544eb4,1,2,1.000000,9a8ce184-8911-4e32-be51-261497e0d919
9eb09078-cfd9-4b68-aa3f-f2977e403df8,1,2,1.000000,49fcf025-22ca-4e4b-85b8-278b855e63b7
dc9f60c4-f684-4df9-bb1e-f2cd19e00cc7,1,5,1.000000,bc89da45-e92d-43b3-82e6-e4633ecdb0db
d821b2a3-6114-4fa3-855e-4883a6e94479,1,1,1.000000,639303f6-00f5-4aec-a487-291f27972688
75f9ea79-c2d7-4142-a159-4be0cc197c51,1,2,1.000000,bc19c32d-a271-4dd7-b5e6-62d36d1a3128
2ff8fc66-c125-4389-806a-ca3dbc12fb11,1,2,1.000000,2dd5f116-f355-4d81-9790-cb050463be55
1841a89c-40e4-476e-bfcf-4f35bdd277c0,1,2,1.000000,bf3f096b-5f9c-4174-ab8a-49e7a574f4c7
5245f7a2-e64c-4d10-b897-5fb17b6c8551,1,3,1.000000,71c102e5-a364-450a-b233-6c5e2976b9d1
e2ffa17f-bff4-44f1-b796-b16b2be51f06,1,3,1.000000,a4869a14-7941-461e-89f4-ea6e19a3866b
abac14e7-347c-415c-aada-1cd29c32e487,1,2,1.000000,8758fefb-3ed1-4d64-b75d-b9e3d628eef3
62fb4f59-956c-4b4f-8379-2b9f1fd29a35,1,2,1.000000,5d5b6794-5e6a-45d4-a508-e6ad12155d53
6d58628e-cd64-41ad-b830-51c8a447f4b1,1,3,1.000000,4c7e79d1-ebd0-40e5-97cc-5156fe65e1ac
8c1052d3-be3b-404f-af15-821d5bef7aa7,1,2,1.000000,47bad423-2418-4435-83c8-08ba94003d14
1dd873f4-543a-47c0-b5e9-2cb41d6b08da,1,2,1.000000,b63742da-5e1c-45af-90ad-17c4303b044e
7e7210d5-6706-4508-bdb1-2eb926a6fda9,1,2,1.000000,5f993501-e331-41f8-88ef-8789acff3d7f
a67abf61-1583-49c1-8918-06395c7da483,1,2,1.000000,15c7af42-87ad-4bc8-92fa-52ae8f2040fa
38f2309f-57f3-4258-965a-d9188bc1f6a3,1,2,1.000000,9b9c8be4-8e25-413a-8928-7da271e119ca
c5304dd9-1b3f-4650-818b-8541b53f5c97,1,2,1.000000,36027d15-9fa5-4ada-bf4b-ed5b5daa5587
1405c17e-312a-4111-a3d9-3cdb4a98e5d9,1,3,1.000000,340b7157-11e5-4463-a088-59ca98df39cd
be5932ca-7255-4b3d-a8e9-2908c62e41ec,1,2,1.000000,7df7a9b0-729a-40ef-9403-c28f90d19453
54bf2901-e82d-4d17-b1bb-f298a30e6ae6,1,2,1.000000,0feedf09-ee01-43ea-9489-1b58a00ba227
a767f449-b3f9-46e0-ac3f-7c1c552ad382,1,1,1.000000,5771f07a-575e-4004-a3a5-db3ee44bb1b0
91b590a4-b7ed-42b4-ad05-1893903d4f3e,1,3,1.000000,5f93621b-e9a9-451b-8d30-165dae1653c2
aed57dfc-4b2a-4c23-9361-94518c143b9c,1,1,1.000000,935eb020-a824-4cdc-9442-727a6d9e019e
da5756d3-9888-4e08-94ee-5fceb3462648,1,1,1.000000,39107c52-98c9-4a75-b505-271294fac465
294de590-4f7f-48ab-81f2-56d822df601a,1,2,1.000000,10c196fc-2c76-4e4b-b628-4472949c39c3
33aa4742-fd88-45ca-a413-3bb8ab8c1d72,1,1,1.000000,7413fd0f-0de7-4b60-b466-60b0bdd9a9c9
07a7d535-5b3d-43c7-850f-3b24e35478a8,1,1,1.000000,907af844-581a-4044-8ddb-8bcc91df32f9
c9664fa0-5dbe-47e9-a413-45b9a1988fa2,1,2,1.000000,039c70da-6930-47d6-bdfd-f1d429ade760
5d578b40-be5d-4b8f-910d-65b3f2a66938,1,2,1.000000,f812d842-42ac-4a21-8073-f483c059ca2d
8aeb862e-4926-4365-b49d-aa81587d316f,1,1,1.000000,c1579949-3fb1-4a2a-8a10-4bcba6e0cab7
429339cb-b1db-4264-9b72-8ce80e35f001,1,1,1.000000,92ef2ca8-10c2-4b32-a999-3af1b85502c7
81549341-eafa-444c-8549-620f1bc22e92,1,1,1.000000,34f99a24-a6bb-4995-b47c-e02f1c26a820
e02ae99a-f397-4437-9cd4-d5d8b401a59e,1,1,1.000000,5b42ea58-d3a6-491a-98ea-d6cb61b21abe
5735f1c2-7586-409c-a21a-6bd37c63d64c,1,1,1.000000,9c862f56-7315-43ed-9922-be53b612c26b
7a1b68d0-769c-4cc5-974f-e6105852a7a8,1,2,1.000000,a1a87013-2cc1-4ab5-a85b-9fd21ffffe4b
4e60ff3e-2f7e-4c67-9d50-a3698a11935f,1,1,1.000000,b2adc949-f710-48f8-8159-5533f440730d
e9b2bddd-a640-4e1e-8bf7-aaa555a49fe7,1,1,1.000000,7cc462c2-3438-4530-81e0-ef36b8cce783
43053795-32f7-4545-b273-d601e5a9032f,1,3,1.000000,b598bd23-8da8-4ecf-8ed7-f22321137698
f4203589-93d7-44fc-a9e9-14a306426e6a,1,1,1.000000,a93f061d-7038-4993-a948-be4b7034b354
ee720798-e07b-4b37-afdd-7a642c005185,1,2,1.000000,33ee54b5-0d80-4b24-b785-abcf45ee1e3f
e6a2751e-7805-4fd3-8b5a-f1ef07068d1c,1,1,1.000000,169a37aa-17e8-4998-adea-e8e08e08013f
0074a449-9d68-493a-9554-a0bce0fbfd61,1,2,1.000000,71bc06fd-068a-4dd5-8c8b-4c7b2e3ff17e
30632e3f-35aa-4cc4-98b1-1d4523ccb86a,1,1,1.000000,78d36156-f985-41f2-b808-8ffa7a87f4b9
a5e3785c-a4e5-4c68-84de-15eeca7f601c,1,3,1.000000,ae58f689-c66b-4ec7-8bea-c1ef1490288a
68fac3b4-db08-489e-98e8-c792710343e9,1,1,1.000000,2f38656b-76d5-4b46-a81d-c90b96495673
6c047047-f2d8-442a-a363-2afafd0470c2,1,3,1.000000,48a3cfba-dcdc-4833-886c-5cc284e12343
c0d06d8d-a114-4824-9e4e-fa2a38be7afd,1,2,1.000000,618b27ad-6280-4709-8245-2f34c8e13f53
285d5428-495a-4718-a015-0222e140ac75,1,1,1.000000,45408613-9964-47f1-ab70-7690b988b705
5079d89b-32e8-48ec-ae05-bf39b8889a62,1,1,1.000000,15d97e16-a8bd-47fc-90d0-a7b1505efd0b
bfe44dd0-9e75-4d85-b830-41d9a4404b97,1,1,1.000000,6691497e-e3b6-4698-a5e3-35f282f0eb8d
ec728ce2-eda9-4103-91b4-aab085ca46cd,1,1,1.000000,bb4fc561-441d-4dc9-b9b0-9248820ad968
d817fccb-121e-40b5-bba9-0bc26e057020,1,2,1.000000,27b1e11e-8d9e-467d-8636-df88f9641094
c6a3b628-b1d2-4eca-be9b-ec686fe11224,1,1,1.000000,faede4bf-624b-414f-8bff-7f3bbfc74f7b
bbd5bde9-40b3-4153-84fe-5ef97703cc1a,1,1,1.000000,f6f0f4cc-1446-4e9b-8217-0e87c459d01d
b93c0111-80ad-47c3-af2a-aa19ab216a7b,1,1,1.000000,1637a67a-3e43-4ba3-9c63-dd1b557dcc19
7e92b285-4ff1-4a77-ab4b-d7671f0346d2,1,1,1.000000,c7b87666-56b8-4851-ad87-0ba40803d992
0f12fd59-5e00-44b4-aa78-9ec46b45083b,1,5,1.000000,f1f761d6-552f-4f35-be9e-b094d7b78160
1f7aacdf-ecf5-4d62-9001-98ad8ec58012,1,1,1.000000,a4b7e876-b24c-4888-85f9-62bcb8a9d776
0acc7c92-d396-4a46-8000-22f486b87fd7,1,1,1.000000,8d7e30ed-2eb2-48c9-ad99-3d0e8cf03e99
61d25931-8cfe-4bac-abbb-ece9f3502a9e,1,1,1.000000,d4be492d-c9ee-46a0-b1ab-076386b61b85
c7ce1ff6-8b5a-46f3-bbef-9a54ff0805e7,1,1,1.000000,2bef0281-b2d9-41ac-967c-45835e5ba8c0
1c54643e-8b7e-4603-a8f8-e4e35763f2f9,1,1,1.000000,595525a1-8ff1-493d-bdef-74ecb74d182b
59d58729-b07e-491c-914b-421f91be7243,1,1,1.000000,a1e159d8-57d0-47b8-9d45-24df63d3595a
cc52f5b5-b8d0-4eea-affb-da57f67165b9,1,1,1.000000,68942969-0475-4a26-931b-d1d8043a659c
2eff72cf-c724-4131-9d06-742b7b6d2d51,1,1,1.000000,efca79c2-0b12-4ce7-a28f-68ad9193990d
18262b39-3c64-4c52-88f1-965829d400eb,1,1,1.000000,2847c646-a1c3-45b5-815f-46681e3db9c1
1b8be76f-f469-4e83-8fc4-93167416e9e5,1,2,1.000000,475f6ef0-4e4c-4fdc-b24f-529a349d521e
e50f7731-62eb-45b1-8f50-4ae6e1a42ecd,1,1,1.000000,adf5227c-74ef-49bf-b9fc-2fb8cf302732
5492e147-f2b2-4c33-ad23-0b4187300641,1,1,1.000000,b811ccd0-a9ef-40ef-8326-d8efbf85e50f
dd31d5f6-05a4-4f01-a9db-be0ef3776451,1,1,1.000000,a570d9cd-f8c7-4a04-acd2-701cc226b960
2d14fe9d-6483-48d7-af66-2a6298031a1a,1,1,1.000000,0062535e-d9ab-4cb0-ae8f-79133b440129
bd19efeb-1297-4cee-97c0-8dcf2325b243,1,1,1.000000,2c383b80-2256-4ece-81d4-c81290a10a14
9b034c10-b50a-4ff9-8b33-ebc9334df6a5,1,3,1.000000,b319c8c3-de7b-45c2-ba51-91927dd27b3b
1cac4f9b-be94-490e-94b5-9b42069b876d,1,1,1.000000,2f843830-e489-45c6-a140-48ef168f7d3e
3e0febee-578c-46f0-98aa-c0fbed9341f2,1,1,1.000000,941cbc5b-b82c-4e79-98d7-87808e8819b9
0b3a8bc2-d6ae-4e1c-a0da-f859b52ec7c8,1,1,1.000000,f61809d2-a428-4a2c-81e4-461ea9908687
dbb78cd8-ed25-4b82-9c16-662fdc20fd59,1,1,1.000000,6c1f708c-f3e9-4d9e-a0ae-311ba42c139a
d0ba61e1-36c0-4408-8551-d61e2b753eff,1,3,1.000000,c28aa37d-571e-4b43-bf01-aa14eeb765e7
91273de6-de3a-4cc1-bd72-534569b642b9,1,5,1.000000,fff9db58-c20e-4f2c-b07d-9937b70a1273
e6024981-060a-4800-8cd1-6169522e4473,1,1,1.000000,a7f1b3c9-e8d6-4ed4-a7c3-2a17b414596a
15c8b667-4537-4060-bdb4-f9e1fb10fe52,1,1,1.000000,5d6b65a6-6a87-4085-900c-575ab429c359
5a0da205-74de-4abb-98e6-035e4497097a,1,2,1.000000,b00c8ba4-8b50-4d81-a08e-fee649ef9423
74d2bee4-2291-4753-ab46-fc2a9ff4868d,1,2,1.000000,1d39f953-a08e-494e-acf6-e594832b010a
5656fac6-a498-4917-bdef-1186a37a741b,1,3,1.000000,c33e02f8-4665-4d6c-8781-4a5c991889da
9e4d8f96-8eb4-4546-b0e8-87402b732a68,1,3,1.000000,9a750eec-46c2-4720-b481-a0d6f03af47b
6a896478-152b-4cc4-aea7-533d76e82f3e,1,1,1.000000,f258256f-54bc-46fc-baca-9df34d5ff3ac
3d3cdd86-610f-46b3-8acf-7e124679054f,1,1,1.000000,6bbe076c-62a2-4eae-9e57-e45c85c909b2
7e0d0141-b10f-4b05-8f63-ca957f22031b,1,1,1.000000,ad30762b-ff39-441d-a0f7-d388fcb65c5d
b3131538-ebe1-4359-b629-af1bfe3b270b,1,1,1.000000,5ac34c91-a3b4-4a11-a940-a4babf02057f
0513636c-0d4b-4c8b-83ce-b5f297ea49f9,1,2,1.000000,6703acf0-f2c1-4b80-a158-fbbe091d3948
fb35a660-824c-4d0c-a879-1cf8c26ae651,1,1,1.000000,f4f25187-82c7-4265-9bf9-71bc8ed1701f
f47d153b-f602-451d-b382-45f92438e7d7,1,1,1.000000,b31c10f0-ddb3-4d3f-b6b1-6ac865523ec8
0295a478-e6ac-4f67-a6c7-c63396013d11,1,1,1.000000,ee629236-d81f-4548-822a-11f979d7f013
34046b2e-2e30-4d90-b015-6229a52795bb,1,1,1.000000,17b99863-8bfd-492d-8451-374fd7cde36c
6fd4e6c9-b0d7-4373-9fa8-dd199fd19a1f,1,1,1.000000,15f3a523-0299-4249-8ccc-fee0b320040f
308ae5a2-ff94-49b5-920b-cc3713545719,1,1,1.000000,339569d2-ab4e-4f6d-9e2a-1b9f9fc083aa
1ef9e236-ecee-42dc-8878-f2cf87854c88,1,1,1.000000,c17f5405-360e-43d7-9b50-bccf6faf2207
9db07d97-1757-4a9a-b252-0ff214dcf035,1,1,1.000000,c15796a9-88e4-406f-bd36-788d0e579acd
848e1042-f189-4393-b67a-989d3b1ad341,1,1,1.000000,4f84b332-20fa-45e8-b9e0-e9fd0839492a
5102bc84-2615-4ae1-8ef1-92e01fa232be,1,2,1.000000,08a984f9-9503-41c3-95a9-001f60ccc981
501d5ebd-e52f-4810-a54a-ed47b0330cbe,1,2,1.000000,5e1920ed-d676-4151-a8ff-1153e7b7561f
52b64aec-e9f6-4914-b95f-5887b7cfaffe,1,2,1.000000,bf609a7c-229e-4dc7-82df-8162b6648e97
f8ab8faf-dcc7-413b-ab86-f6bb473b79d0,1,1,1.000000,68e7ae29-15ff-402c-adc1-76d5a932c984
ed1608da-c566-4e78-8fee-df0521bd5bcd,1,1,1.000000,b8f4eb79-baaf-442b-ada2-5bcd5cf89df4
0237136c-26ba-4bdc-9ebc-dfaf72954746,1,1,1.000000,a06a6baa-a68b-42fe-a709-0053627f90d7
e899b761-3748-4d6b-a5f3-a69d5529056f,1,1,1.000000,299be603-a667-4e4b-9287-3e88c441d26c
66eb8031-d753-4c29-9eef-49a19a273818,1,1,1.000000,5e5bd954-ae5a-4f7d-a16b-85bc7f3203e5
6dc1f884-419b-4152-aa06-345b8d818224,1,1,1.000000,87e53473-180b-4180-830f-6999f612c755
e27e3bcd-7850-45b3-a765-bf8fa6c38728,1,2,1.000000,59751180-e355-4bfc-b5a2-5c571dfc6efa
49910c41-de02-4fd0-b52b-3de803f3bbb0,1,1,1.000000,4f2ed62c-2a18-4888-86c1-aa01ba21b64f
7208a56a-2c3a-4ed3-851f-527ce6f82f6d,1,1,1.000000,639303f6-00f5-4aec-a487-291f27972688
cb55b62f-4195-49c2-af46-f597b863bd3a,1,1,1.000000,31fa27b8-6c4d-47b2-8566-b4af4d9ca9e8
8d848ba5-052f-43e6-a169-361d5edf7448,1,1,1.000000,5771f07a-575e-4004-a3a5-db3ee44bb1b0
44737b0d-dc79-4d4b-a082-a0d4d6e48ede,1,1,1.000000,6ac4be27-6951-4110-953b-42994ca04dfc
18185a2f-6871-42b6-82d3-838b3d43175a,1,1,1.000000,935eb020-a824-4cdc-9442-727a6d9e019e
32f423ca-e695-425a-b74d-74346a41eb21,1,1,1.000000,bdc5938a-77a5-4148-8281-898e87238451
d92b78b5-f6f3-4ad1-ad8d-47281b136580,1,1,1.000000,644cc752-3d2b-4bc8-8521-9c913e09170f
7e6cf11a-ab43-4af4-9c27-c1b71880eb8e,1,1,1.000000,39107c52-98c9-4a75-b505-271294fac465
a9300ede-e0a8-4cb6-8ad8-0a719ad7b9d9,1,1,1.000000,06bae8fb-0776-4dad-ab94-34d99d38f70b
4fd24cda-2838-465d-8ac8-eb1341a054dc,1,1,1.000000,91675abf-4d79-497f-8fa5-224ae0472254
8c402cb2-ebef-4e2c-b70a-e0c27e6b50b1,1,1,1.000000,36a6b0df-5d2f-43d0-afd8-c151b0ebd25b
d7182b5a-5e6f-4a8b-9090-4a3828b8d502,1,1,1.000000,7413fd0f-0de7-4b60-b466-60b0bdd9a9c9
4f263788-05cf-4443-a29a-25e54171680f,1,1,1.000000,907af844-581a-4044-8ddb-8bcc91df32f9
02df2238-4e9a-49af-b243-52d308385ce3,1,1,1.000000,c1579949-3fb1-4a2a-8a10-4bcba6e0cab7
9d6072d2-56e6-4b72-b892-a60290262316,1,1,1.000000,92ef2ca8-10c2-4b32-a999-3af1b85502c7
54a91c83-7f2c-4e33-b466-2d144d4a5c7d,1,1,1.000000,34f99a24-a6bb-4995-b47c-e02f1c26a820
5d30278b-79be-4f64-bae8-9d3a19a2a95f,1,1,1.000000,ece552c2-b04a-49f3-a01f-244ea2be828f
5b0dc808-39d8-4c17-88bb-47866e3bcc6a,1,1,1.000000,5b42ea58-d3a6-491a-98ea-d6cb61b21abe
65cac7eb-e9eb-499e-bf6f-9321c1a389b8,1,1,1.000000,9c862f56-7315-43ed-9922-be53b612c26b
04c252ca-e951-47c6-82bf-ac3fc26b56d5,1,2,1.000000,b2adc949-f710-48f8-8159-5533f440730d
a0f911e8-a8fa-42a5-8407-08698d7fa0ad,1,1,1.000000,7cc462c2-3438-4530-81e0-ef36b8cce783
3dcc6736-bef0-4895-a241-9f0863f17463,1,2,1.000000,a93f061d-7038-4993-a948-be4b7034b354
cfa8cd02-1ce3-434b-9867-94ac68f388fe,1,1,1.000000,e7dddb75-ce7a-4c4a-a047-cd3c7c12c4f7
aed13120-061a-471c-822d-9a933ad3a1f2,1,1,1.000000,e43b733a-2cf6-41eb-9a50-46282a0c37fa
37c0317b-8455-409c-bd2f-247296086279,1,1,1.000000,169a37aa-17e8-4998-adea-e8e08e08013f
7307482c-968b-456c-9eaa-8ee39a0b9c53,1,1,1.000000,289638d6-a850-4690-a2cd-3f4189665d44
f748db42-f3be-4170-a94d-cb115d272f4f,1,2,1.000000,78d36156-f985-41f2-b808-8ffa7a87f4b9
07805cb9-05dc-4a7a-b938-2a8bcaee63aa,1,1,1.000000,2f38656b-76d5-4b46-a81d-c90b96495673
5a250093-7923-4c3a-9007-35875521efcf,1,1,1.000000,45408613-9964-47f1-ab70-7690b988b705
966973e3-37b2-4581-afaf-4a57c844b980,1,2,1.000000,15d97e16-a8bd-47fc-90d0-a7b1505efd0b
778e3e4c-f13a-4dc4-ab4c-4862e110fbd9,1,1,1.000000,6691497e-e3b6-4698-a5e3-35f282f0eb8d
13c95617-6165-4cb8-b837-7d159e0bf7af,1,1,1.000000,bb4fc561-441d-4dc9-b9b0-9248820ad968
50f89640-bcb8-4bde-a964-466ebe27b2ac,1,1,1.000000,faede4bf-624b-414f-8bff-7f3bbfc74f7b
b5f88e14-ad1f-4fc9-bf46-3bbaf8b4e891,1,1,1.000000,f6f0f4cc-1446-4e9b-8217-0e87c459d01d
777cf557-7bda-4906-be6a-10985496978e,1,1,1.000000,1637a67a-3e43-4ba3-9c63-dd1b557dcc19
c90507b9-c324-4566-88bc-47f72e595f90,1,1,1.000000,7fd39831-e264-4ed0-a0b6-8d05bbcbb38c
a42239e9-9b3c-4c1c-a80b-d1f8717d559a,1,2,1.000000,c7b87666-56b8-4851-ad87-0ba40803d992
51facc3a-ece8-40d5-92e5-24e403d67329,1,1,1.000000,a4b7e876-b24c-4888-85f9-62bcb8a9d776
1bc2a03a-1d78-4c61-9cb3-9c9b742f26f2,1,1,1.000000,1e4d3af4-cc42-44a9-b716-96fcf81a25a5
dd22defb-c0bd-4a5f-98ed-f896ae21da07,1,1,1.000000,8d7e30ed-2eb2-48c9-ad99-3d0e8cf03e99
7d057882-3803-4855-adbf-3b672073e275,1,1,1.000000,8b10f12f-516a-44ee-9e79-134d040d1ef4
be873b59-6f95-44bf-82ec-52c8c9425c12,1,1,1.000000,d4be492d-c9ee-46a0-b1ab-076386b61b85
e83e81d8-299d-4ae7-a402-8005638628a6,1,1,1.000000,2bef0281-b2d9-41ac-967c-45835e5ba8c0
ecabdbb7-a5f6-4c72-adfe-8d98de8b42b5,1,1,1.000000,595525a1-8ff1-493d-bdef-74ecb74d182b
eb49ba55-503d-4c3e-adfc-1273bfb6d257,1,1,1.000000,a1e159d8-57d0-47b8-9d45-24df63d3595a
ecdd87e6-8b00-4c1d-890b-2996b6415cc0,1,2,1.000000,68942969-0475-4a26-931b-d1d8043a659c
b9729a4c-235f-4de2-965d-bb00b4060700,1,1,1.000000,efca79c2-0b12-4ce7-a28f-68ad9193990d
eb985683-35ca-43b9-af68-7b19bb517924,1,1,1.000000,2847c646-a1c3-45b5-815f-46681e3db9c1
bde5a20c-2643-455b-a974-cfe4dfea07d2,1,2,1.000000,adf5227c-74ef-49bf-b9fc-2fb8cf302732
fc7370e4-a522-403d-bc1e-3b3358833303,1,1,1.000000,b811ccd0-a9ef-40ef-8326-d8efbf85e50f
205ed46b-786d-42df-9278-81f5607f1dd3,1,3,1.000000,a570d9cd-f8c7-4a04-acd2-701cc226b960
e96fa524-d000-4d50-b183-fed8625aba32,1,1,1.000000,0062535e-d9ab-4cb0-ae8f-79133b440129
9c215b98-f9e1-4189-9679-0224e4dc80c6,1,1,1.000000,2c383b80-2256-4ece-81d4-c81290a10a14
c8e78626-7bc2-4008-81fc-70f5a791492d,1,1,1.000000,2f843830-e489-45c6-a140-48ef168f7d3e
dad56cc0-8327-4168-a8d3-9c5b5c12dad1,1,1,1.000000,94560f9c-6b13-4732-ac39-78f6d48a8133
a9efebac-dfc4-40c1-823f-2d628175d178,1,1,1.000000,941cbc5b-b82c-4e79-98d7-87808e8819b9
54126896-6668-4cc5-85dd-dd5b3e5aaa41,1,1,1.000000,6ba68ba3-3aee-4198-9e5e-f659b55375bd
77e015ac-2af5-4be6-8093-744ba73c2065,1,1,1.000000,6c1f708c-f3e9-4d9e-a0ae-311ba42c139a
7365703f-b505-4006-b615-2beed7bc51c5,1,1,1.000000,dca7d97b-a46b-482b-b513-4c3ef1fa7dbf
855bbc14-e871-4f40-bc7e-c6cd5edd2e32,1,2,1.000000,a7f1b3c9-e8d6-4ed4-a7c3-2a17b414596a
0b3b79e6-accc-4770-b06a-a416257ab63a,1,1,1.000000,5d6b65a6-6a87-4085-900c-575ab429c359
9e560f75-79cc-48dd-9180-0c6c16faf5b7,1,1,1.000000,c49c5729-6dda-416a-91d6-3fec37394388
cbac491e-098c-419f-b310-1bb130f0ae45,1,1,1.000000,ba986e5c-6165-4761-8c5b-a7cb1bdaa9f8
60179291-d707-4b86-ae4f-6af5784227f4,1,2,1.000000,d7969eaf-cd67-4ac5-b060-393d864f8525
8b8497dc-6b0a-44ca-9bca-74d8c6af0905,1,1,1.000000,fd026db8-dad8-4f55-8016-d469844b2862
3e777dc4-69b3-4a74-9a66-87090ec501d1,1,1,1.000000,f258256f-54bc-46fc-baca-9df34d5ff3ac
cfbdfe10-a00e-4f2f-9df2-6fe29cf58cc3,1,1,1.000000,2657b615-04b0-4c11-8343-1245c9c07676
db889068-4b52-4064-acc8-ab377bfeab19,1,1,1.000000,8aa0c34c-dda5-43e4-a825-202ddad15708
9c1c898f-3c06-4d82-b1b6-0b725b412e11,1,2,1.000000,3284e414-8b55-431b-996f-5e5cf9e96ed9
491c2a73-3bc2-4c76-b9ca-1e841104b18b,1,1,1.000000,6bbe076c-62a2-4eae-9e57-e45c85c909b2
77e00601-1d4e-457f-9a85-3afc049b0a89,1,1,1.000000,5ac34c91-a3b4-4a11-a940-a4babf02057f
56b0227a-0283-4884-b527-255189660e83,1,2,1.000000,bb86048e-c4fd-4bc1-8fda-a4fb5b391a14
7bc6d729-f1da-4442-9acc-add9f57ad146,1,1,1.000000,1729815c-0eca-4350-ab5c-5ce2c530fcd4
db87a9d2-f57e-4062-b6a7-e5be902a0703,1,1,1.000000,f4f25187-82c7-4265-9bf9-71bc8ed1701f
a9d9b75e-be3d-4c76-ade2-4e8301686fb7,1,1,1.000000,b31c10f0-ddb3-4d3f-b6b1-6ac865523ec8
9941c37f-12d3-4337-99bc-42e88123d5de,1,2,1.000000,30f64336-9100-4dbf-b67b-4a2096a38da9
e52c0eda-7898-45aa-8a72-885439332023,1,1,1.000000,8e72a8bd-ae9b-460b-9573-aba4b21efb12
2c1468fa-1610-4c07-a44e-a4ecbd116599,1,1,1.000000,ee629236-d81f-4548-822a-11f979d7f013
1216e744-df4f-4118-95a4-8dfe21f65525,1,1,1.000000,17b99863-8bfd-492d-8451-374fd7cde36c
141d7f49-7c8a-4063-8893-cbbd327eee65,1,1,1.000000,15f3a523-0299-4249-8ccc-fee0b320040f
15b3ffda-aba6-47c4-8930-d6a4247b97eb,1,1,1.000000,553ad3d4-3bb0-43b3-ad8a-356e97057a27
8c44b481-120e-4b72-b1c6-a3679a7e27df,1,2,1.000000,339569d2-ab4e-4f6d-9e2a-1b9f9fc083aa
b8111b4e-d37e-4ad1-bb9a-b95c8eee143e,1,1,1.000000,c17f5405-360e-43d7-9b50-bccf6faf2207
85e430f0-610c-4a76-acdc-1343ebddcc37,1,1,1.000000,c15796a9-88e4-406f-bd36-788d0e579acd
3eebf73e-7771-4573-9614-4e3b903c42fc,1,1,1.000000,94d77a1e-9dfa-42b7-a41e-eba20dbbf8f1
81ba2ed8-40d9-4fe1-90c0-f27b8b4e37ec,1,1,1.000000,4f84b332-20fa-45e8-b9e0-e9fd0839492a
2a3bd44b-1107-473d-b8bd-8bdb7e34d246,1,1,1.000000,cb8044c4-b13f-45a5-a981-ad46f7a15bd9
34e9ab6c-6ed5-447b-8dec-eebd292d63b7,1,1,1.000000,68e7ae29-15ff-402c-adc1-76d5a932c984
f865577d-c94f-46e2-b754-20b4e2fc1e16,1,3,1.000000,e51675c9-0801-4428-adc3-cf4b532be589
ec8d3c90-2600-44a8-a153-eacfdaa1eaa8,1,1,1.000000,70aa3c86-1745-40da-9072-13ac3ed78efd
dd2acfbd-3640-4b6b-8122-fee19dcb1575,1,1,1.000000,b8f4eb79-baaf-442b-ada2-5bcd5cf89df4
cbad35ee-b59c-4bd7-bac1-c5ddbe943bc3,1,1,1.000000,06bc34ca-c98b-4c0d-9276-b7cf78be600e
96ef674b-4c2b-47d3-8b35-9ee95f1c8786,1,1,1.000000,8537fdf9-7619-499b-b288-a3cfa1ee546f
05321b92-df02-4387-9a4e-8a5285c83e6f,1,2,1.000000,a06a6baa-a68b-42fe-a709-0053627f90d7
48029b18-7cd4-4521-9e74-6a3515f88ff0,1,1,1.000000,299be603-a667-4e4b-9287-3e88c441d26c
44798ade-a0f8-4fb2-9a85-689df624b786,1,1,1.000000,5e5bd954-ae5a-4f7d-a16b-85bc7f3203e5
b2965716-6e7e-476e-8bb6-cf95307e4fc8,1,1,1.000000,87e53473-180b-4180-830f-6999f612c755
9697423d-ed02-4f27-a4b0-80d49db0572c,1,1,1.000000,823d6947-79a9-472f-8242-e07220bcaa02
f1595448-7aef-4040-9df6-3be15c607cab,1,1,1.000000,4f2ed62c-2a18-4888-86c1-aa01ba21b64f
6f051f7c-a82f-4792-a70e-50615136fd0b,1,1,1.000000,5c2dcee3-4c6f-4ac5-bebf-393949ab845c
527d8ef5-1dab-45b9-b9f9-53c5ae1db5f2,1,1,1.000000,050de4b3-0882-4235-9554-9a624b8850fb
603bba5a-15a3-4d6a-a865-dec1ce9d88b8,1,3,1.000000,f2d0957c-12af-426d-8d09-fdbbb4e0de0b
bd6cae76-b1c4-467c-9de5-3d160ff336bb,1,1,1.000000,4d49cfb2-841d-4a04-81cb-7d1b39a507b4
3fb34720-cf40-4985-811d-fb4c1bf7ceda,1,2,1.000000,9a8ce184-8911-4e32-be51-261497e0d919
99105c31-3ae0-4093-a675-c3b2a6e7fcd4,1,1,1.000000,49fcf025-22ca-4e4b-85b8-278b855e63b7
fe2a6a5a-6a89-48e4-8a36-bfbffa4e6a30,1,1,1.000000,686a875f-c72b-4803-b21d-8a7401fe132a
7b611d41-2865-47e1-b6a4-651aa70cb4ea,1,1,1.000000,bc19c32d-a271-4dd7-b5e6-62d36d1a3128
1dcb4c15-cd89-48f3-8b75-4e0b269026a9,1,1,1.000000,bf3f096b-5f9c-4174-ab8a-49e7a574f4c7
00be43dc-42e0-48f9-a441-d5f7eb4fb7f0,1,1,1.000000,31fa27b8-6c4d-47b2-8566-b4af4d9ca9e8
bc8248d7-488b-4e8e-98d4-d97fb1d31f1c,1,1,1.000000,51e67b1a-ddcd-479b-8d42-f1d1410e814d
9dcf2062-4295-473c-99ca-a309bebd7eaf,1,1,1.000000,df2d69ac-fbca-4b9e-8df4-d499bb27b403
83f98539-fdba-4476-8457-a2979a85735f,1,1,1.000000,22d63a23-9d58-4c8c-b5fc-433ef6baa9fb
ee92f99b-7163-4427-bb16-eb15f533c483,1,1,1.000000,ccf8bf15-e8fb-483c-83c9-e0523a2d0daa
1cbe6163-1867-473c-b268-e6a844dac54d,1,1,1.000000,5d5b6794-5e6a-45d4-a508-e6ad12155d53
de9d9b91-512f-4b17-8eb2-5d0bbc9420f3,1,1,1.000000,47bad423-2418-4435-83c8-08ba94003d14
e30d46ab-0f3b-4d4d-a41f-16a3e5f2d659,1,1,1.000000,b63742da-5e1c-45af-90ad-17c4303b044e
eb4501c8-c067-454e-9582-c2b5e6eb66b7,1,2,1.000000,5f993501-e331-41f8-88ef-8789acff3d7f
a46e6a36-3562-4eb5-b59e-28e73392bbb5,1,1,1.000000,af421bd7-84d7-4b0b-b621-c9b4091d1b06
4b903291-e877-45ae-9898-bb2f7751bf8a,1,1,1.000000,7e2037cd-4943-4935-a393-43fc5c390c87
320f4a63-7d96-40cc-ac51-98ae27444e6d,1,1,1.000000,9b9c8be4-8e25-413a-8928-7da271e119ca
b6683d6a-f904-4461-9dc6-2a6daf47e246,1,1,1.000000,36027d15-9fa5-4ada-bf4b-ed5b5daa5587
ad82dc34-24f0-4ef2-a0f2-39a5a16ac8b9,1,2,1.000000,7df7a9b0-729a-40ef-9403-c28f90d19453
f541c51b-50ea-47d0-910d-27b6cde0f87e,1,1,1.000000,0feedf09-ee01-43ea-9489-1b58a00ba227
12120242-745d-42b6-89ee-8ac0d76003e9,1,1,1.000000,5771f07a-575e-4004-a3a5-db3ee44bb1b0
2519ebba-f190-4bd0-b8ba-df4017a05f8e,1,1,1.000000,6ac4be27-6951-4110-953b-42994ca04dfc
47663921-0736-4a13-983e-6152822a4292,1,1,1.000000,935eb020-a824-4cdc-9442-727a6d9e019e
666028fa-214c-4d50-b8dc-47250a072496,1,2,1.000000,bdc5938a-77a5-4148-8281-898e87238451
36d9c569-403e-40c5-bedc-e91b625f55b9,1,1,1.000000,39107c52-98c9-4a75-b505-271294fac465
051ac956-bbc7-43fe-813e-12279c4d06d0,1,1,1.000000,06bae8fb-0776-4dad-ab94-34d99d38f70b
f3a7c9a4-4a64-4938-aa7d-0a546cabd481,1,1,1.000000,91675abf-4d79-497f-8fa5-224ae0472254
12e6f80c-d154-4aa6-b9c1-24144ff5a46f,1,1,1.000000,10c196fc-2c76-4e4b-b628-4472949c39c3
e1f35450-500d-4cb9-948c-d47f78823c43,1,1,1.000000,36a6b0df-5d2f-43d0-afd8-c151b0ebd25b
a3ed98df-272b-44b6-8f3b-edf90f1f8fae,1,3,1.000000,7413fd0f-0de7-4b60-b466-60b0bdd9a9c9
89b8d140-8f18-4704-8285-faea965637ce,1,1,1.000000,907af844-581a-4044-8ddb-8bcc91df32f9
5a459471-ae65-48ee-b779-aff3af793e02,1,1,1.000000,039c70da-6930-47d6-bdfd-f1d429ade760
72588063-060d-48ef-9a91-f3604c3fff4c,1,1,1.000000,f812d842-42ac-4a21-8073-f483c059ca2d
d63b44df-1bbb-4868-8b66-c083a1f89db6,1,1,1.000000,ece552c2-b04a-49f3-a01f-244ea2be828f
245beec9-071d-4d0f-89f6-78c9c0c75790,1,1,1.000000,5b42ea58-d3a6-491a-98ea-d6cb61b21abe
81fb89c2-4338-4287-a489-8237dcc9626c,1,4,1.000000,9c862f56-7315-43ed-9922-be53b612c26b
0361b496-62cd-47f1-9a7d-18d1ec4bcfcf,1,1,1.000000,a1a87013-2cc1-4ab5-a85b-9fd21ffffe4b
7c8474cf-2529-4a38-a8d3-b2fa2d315c9b,1,1,1.000000,7cc462c2-3438-4530-81e0-ef36b8cce783
e3fb26fa-985d-4692-8007-8d5cccf24295,1,1,1.000000,a714a287-37fd-4f34-ad8a-46580b566abe
247faf3e-b590-4631-8593-06cb7c376e7c,1,1,1.000000,e7dddb75-ce7a-4c4a-a047-cd3c7c12c4f7
b85d0cbc-6251-406b-8721-5450cf54c8d8,1,1,1.000000,33ee54b5-0d80-4b24-b785-abcf45ee1e3f
1ef2c04f-037f-4dee-bcc1-26c2c8b11c88,1,1,1.000000,169a37aa-17e8-4998-adea-e8e08e08013f
cf6a16d0-f09d-4b7f-8a8c-f0386c4d5cae,1,1,1.000000,289638d6-a850-4690-a2cd-3f4189665d44
0362bda4-fdec-48ef-a752-49aed2efb39b,1,1,1.000000,5a772c33-5555-4594-83d5-0410a67adc71
51931b3d-200c-4bcb-99bf-bd9798833259,1,1,1.000000,2f38656b-76d5-4b46-a81d-c90b96495673
d3f5b5df-9263-46d4-b145-86ba8939d452,1,1,1.000000,ac7c0dae-6fe3-48e3-97b7-ab62571a0eb1
2022ccb2-602e-4e2f-89f7-8ce270fbf44d,1,2,1.000000,e9599456-8981-4cc4-b128-82ca0012fb64
88ffe4b3-7dcd-4365-9e93-ec6622f369d4,1,1,1.000000,618b27ad-6280-4709-8245-2f34c8e13f53
4b22273a-95e6-4d28-83a1-b7cb0be88213,1,3,1.000000,45408613-9964-47f1-ab70-7690b988b705
d49ad431-0858-47f4-a630-d43b1e639ac3,1,1,1.000000,c07ff153-9e23-4312-a895-634db3ee5e20
df02d46a-c899-416b-9226-c65d3c27ec24,1,1,1.000000,6691497e-e3b6-4698-a5e3-35f282f0eb8d
06f0c963-abf5-4bbb-a385-82b276c637e7,1,1,1.000000,bb4fc561-441d-4dc9-b9b0-9248820ad968
265cb185-d399-4bc1-af9c-bbfcd1c99c29,1,4,1.000000,27b1e11e-8d9e-467d-8636-df88f9641094
d9c2b17c-ff69-4438-ace2-c4c43818a7bb,1,1,1.000000,faede4bf-624b-414f-8bff-7f3bbfc74f7b
21918c92-0f51-4ebc-b34e-f2fa660f32c5,1,1,1.000000,f6f0f4cc-1446-4e9b-8217-0e87c459d01d
874cfe2b-bdce-4e75-bb7d-b75c3cb20463,1,1,1.000000,7fd39831-e264-4ed0-a0b6-8d05bbcbb38c
38ded9c9-b5d2-40a9-b2e3-6b9ee289c69f,1,1,1.000000,9e3c679e-3548-47db-a84c-2471170dd5f9
a5218368-17cc-46aa-a8e9-2695fec04e98,1,1,1.000000,7919b794-334e-42d4-ae6d-cc5e8fd3cbeb
6d5d846d-e54e-4525-a7e6-8ea45781e03a,1,1,1.000000,a4b7e876-b24c-4888-85f9-62bcb8a9d776
f239609f-01a8-41ba-a03e-c0682c49ad91,1,1,1.000000,1e4d3af4-cc42-44a9-b716-96fcf81a25a5
8b7e5731-4844-4c85-a5ca-d7caf1e0e22d,1,1,1.000000,5f35250a-d81e-41b2-9564-ff94a61cfa88
3525d6bf-7aa3-4480-a8d6-e5e06c86224a,1,1,1.000000,da1a2d7f-932d-4a30-b182-c07ecc3443ac
4f62c453-832f-4d98-8521-2db8d17aae17,1,1,1.000000,8d7e30ed-2eb2-48c9-ad99-3d0e8cf03e99
9f2199f0-2cf0-427b-a114-47cab086284f,1,2,1.000000,18812d7d-3e1e-4084-ad30-79ac968a2fa5
4ff151bb-e539-4e00-b418-4944e1bc1555,1,1,1.000000,d4be492d-c9ee-46a0-b1ab-076386b61b85
d802e494-192b-499f-ae1e-e9f51d4ad51a,1,1,1.000000,1f84d45e-8689-42bf-9ad5-0f9c8753fbde
c49baf6a-7cf4-4838-ab3b-abbd5d2e4892,1,1,1.000000,2bef0281-b2d9-41ac-967c-45835e5ba8c0
42d490e5-7b26-41ab-bdf6-576eae78003d,1,1,1.000000,efca79c2-0b12-4ce7-a28f-68ad9193990d
9d2ce17f-ecf7-4593-80ba-ce7c3cefa384,1,1,1.000000,2847c646-a1c3-45b5-815f-46681e3db9c1
e31c05bf-cf70-40d0-95a2-976cc9ba1f36,1,1,1.000000,475f6ef0-4e4c-4fdc-b24f-529a349d521e
de053b5e-bfbe-4db7-b700-2b13b8ee237c,1,1,1.000000,b811ccd0-a9ef-40ef-8326-d8efbf85e50f
a34c70e9-3719-43e9-8ee7-73d887553039,1,1,1.000000,0062535e-d9ab-4cb0-ae8f-79133b440129
b4a8c996-e5c3-40bc-9392-c17d759d6722,1,1,1.000000,2c383b80-2256-4ece-81d4-c81290a10a14
eb40d922-54e8-4d55-bbd9-48ab79720639,1,1,1.000000,2f843830-e489-45c6-a140-48ef168f7d3e
bd109a48-4314-4d3e-b288-f218b19f9a54,1,1,1.000000,94560f9c-6b13-4732-ac39-78f6d48a8133
b52ca35c-958b-453e-b3bf-874786cd5320,1,1,1.000000,941cbc5b-b82c-4e79-98d7-87808e8819b9
1acee936-7438-4290-a6f0-836c29ee0e93,1,1,1.000000,6ba68ba3-3aee-4198-9e5e-f659b55375bd
029709df-0593-4d20-878c-be51d209cf3f,1,1,1.000000,374b89ae-6635-4710-aa3a-b1628e146d8a
3eaa56ef-d611-4eee-a9e7-1b096b7c4d83,1,1,1.000000,6c1f708c-f3e9-4d9e-a0ae-311ba42c139a
bd4a786d-7694-4de1-b818-486f53c15b1a,1,2,1.000000,dca7d97b-a46b-482b-b513-4c3ef1fa7dbf
7fdb4c6a-31bb-4039-aa46-bad0308963f0,1,1,1.000000,5d6b65a6-6a87-4085-900c-575ab429c359
83e58f83-3864-47c3-8ddc-81d832db06d0,1,1,1.000000,b00c8ba4-8b50-4d81-a08e-fee649ef9423
77c4e443-e483-456a-b801-ff0bf3f8a083,1,1,1.000000,c49c5729-6dda-416a-91d6-3fec37394388
f2df2fcd-2891-42ac-a2ec-7daba9fc003b,1,1,1.000000,ba986e5c-6165-4761-8c5b-a7cb1bdaa9f8
e18f8c05-5ec9-4ad3-878d-93a2b9bf37f1,1,1,1.000000,1d39f953-a08e-494e-acf6-e594832b010a
d10fd7a2-61b8-4799-8bee-2fb4c592d1b3,1,1,1.000000,fd026db8-dad8-4f55-8016-d469844b2862
fbd7d46e-8d37-4844-9bc6-530fbf5c57e0,1,1,1.000000,f258256f-54bc-46fc-baca-9df34d5ff3ac
ab238460-7ec0-4d7b-9795-7f127fdc56b0,1,1,1.000000,2657b615-04b0-4c11-8343-1245c9c07676
3ce2075f-5c79-4c33-a1d6-898657e5700b,1,1,1.000000,8aa0c34c-dda5-43e4-a825-202ddad15708
ff8bb260-90c6-4827-b268-2ec3a8867754,1,1,1.000000,6bbe076c-62a2-4eae-9e57-e45c85c909b2
088fa256-b905-4d36-b6d2-2c14576824fb,1,1,1.000000,5ac34c91-a3b4-4a11-a940-a4babf02057f
80238dbb-39d2-466c-8fd8-4cf72f9645bd,1,1,1.000000,6703acf0-f2c1-4b80-a158-fbbe091d3948
5c03a8f8-25e3-4e93-a905-56f19016ccff,1,2,1.000000,1729815c-0eca-4350-ab5c-5ce2c530fcd4
5a52c9d0-865c-4d5e-9274-84f317d26203,1,1,1.000000,f4f25187-82c7-4265-9bf9-71bc8ed1701f
5db92762-fdd9-4d09-82ca-27f7c6ccdd91,1,1,1.000000,97c26efe-10d8-4b54-8918-61fce6c86e73
7f6d0805-c386-4f0b-a0fa-64b3bda6533b,1,1,1.000000,8e72a8bd-ae9b-460b-9573-aba4b21efb12
0b3a0476-22fe-4e56-9763-03fc708ed678,1,1,1.000000,ee629236-d81f-4548-822a-11f979d7f013
50184660-2b18-486f-a209-37826c536e0c,1,3,1.000000,17b99863-8bfd-492d-8451-374fd7cde36c
b6c53235-3569-49a0-a263-5a82a5cbfd80,1,1,1.000000,628a06f1-ca1e-4e6e-9b38-5e23da554b53
0c367588-c3f6-482f-91f3-71ef8817ea93,1,3,1.000000,15f3a523-0299-4249-8ccc-fee0b320040f
afce3cfb-532c-41aa-8950-564f0cf14760,1,2,1.000000,1bc74fba-d84b-4bcc-9386-cb329e96d9e3
8df6f22a-e508-4876-b79c-021e7cce1a37,1,1,1.000000,553ad3d4-3bb0-43b3-ad8a-356e97057a27
10d38df8-02bb-4115-80fe-f0d75c5bb86e,1,1,1.000000,c17f5405-360e-43d7-9b50-bccf6faf2207
06687a07-7fb2-4ee0-8859-582f95c5a9ac,1,2,1.000000,c15796a9-88e4-406f-bd36-788d0e579acd
91b92c53-0583-4fba-9dc2-d0526a3d6584,1,1,1.000000,b10b18e5-cc00-4fd7-9fba-b538c181d05b
5127621b-6926-44c1-bdd0-0a056ae4ac00,1,1,1.000000,4f84b332-20fa-45e8-b9e0-e9fd0839492a
d1e4226b-f44a-4624-bab7-94209dd4767b,1,1,1.000000,cb8044c4-b13f-45a5-a981-ad46f7a15bd9
eafc779a-b7f1-4dcf-b881-a1e1f774701a,1,1,1.000000,08a984f9-9503-41c3-95a9-001f60ccc981
a182a45f-47fc-4162-b299-e65972795f35,1,3,1.000000,bf609a7c-229e-4dc7-82df-8162b6648e97
dc5e9982-0313-41f3-9433-abfb867f5f1b,1,2,1.000000,68e7ae29-15ff-402c-adc1-76d5a932c984
5b382c1d-63e6-4b9c-b1c3-22b885b3d92e,1,1,1.000000,70aa3c86-1745-40da-9072-13ac3ed78efd
fb671d94-0db8-49e9-a86e-551c25c2329f,1,1,1.000000,142269c1-304f-434d-be4c-cbe566ba1379
4503e3f3-64a6-4049-9a31-4d70fdf03e48,1,1,1.000000,b8f4eb79-baaf-442b-ada2-5bcd5cf89df4
cf73609d-9f1b-430a-a5d1-26b5b340a745,1,1,1.000000,06bc34ca-c98b-4c0d-9276-b7cf78be600e
866a02e7-586d-4485-b534-4fd953de0a93,1,2,1.000000,299be603-a667-4e4b-9287-3e88c441d26c
c43dbf33-0bc6-414d-a010-f3177ebafe6a,1,2,1.000000,5e5bd954-ae5a-4f7d-a16b-85bc7f3203e5
c74fa714-f933-4789-b4ea-f2590a60e605,1,1,1.000000,823d6947-79a9-472f-8242-e07220bcaa02
b8544a59-97ef-4719-9669-b0faec15589f,1,1,1.000000,59751180-e355-4bfc-b5a2-5c571dfc6efa
b731b9fd-6944-488b-85df-e54d8a904050,1,1,1.000000,4f2ed62c-2a18-4888-86c1-aa01ba21b64f
0ac8c8a0-bece-4d92-9498-3ff8b59b0033,1,1,1.000000,ec0f4dc7-2248-4e94-bafe-6df366348cb8
0125b370-1c90-4601-b791-d3a819b9519f,1,1,1.000000,5c2dcee3-4c6f-4ac5-bebf-393949ab845c
b39c4ee0-5297-44c6-90dc-99ec1bed91c4,1,1,1.000000,050de4b3-0882-4235-9554-9a624b8850fb
3740c37f-73a6-42e4-a8a9-d0c29dd17e89,1,1,1.000000,f2d0957c-12af-426d-8d09-fdbbb4e0de0b
99f5ad1f-cb6c-4fb8-8d14-7bb0f363ac9e,1,1,1.000000,42a98cef-7642-414d-a916-237ceb0abbf6
dd473e19-4b8f-41ce-905a-a312a1d3401e,1,1,1.000000,505a6b31-fc4e-421d-9a42-4882535d0da2
5b82d88d-e720-4417-9606-588df800a244,1,1,1.000000,686a875f-c72b-4803-b21d-8a7401fe132a
e3c0d1e9-d19b-428d-a465-86464a4e8d48,1,1,1.000000,bc19c32d-a271-4dd7-b5e6-62d36d1a3128
9d19beaf-5bea-402f-92fa-bba91097df7c,1,1,1.000000,105b0c95-40d4-43ed-9328-6cbeb200183c
575a5e30-f46d-4c14-a545-00c4acccaa35,1,1,1.000000,bf3f096b-5f9c-4174-ab8a-49e7a574f4c7
49a31d3c-a9c0-4afc-8e1b-072e6df2f816,1,2,1.000000,5f118823-51ee-47bb-859f-1316523af0ed
b5867bca-66b4-4704-8297-7bf4b3d7ecbd,1,1,1.000000,71c102e5-a364-450a-b233-6c5e2976b9d1
a1dab8ad-f767-44f7-9839-ae495559a1c1,1,1,1.000000,31fa27b8-6c4d-47b2-8566-b4af4d9ca9e8
416577b3-c892-4841-9644-c456e395bc93,1,1,1.000000,51e67b1a-ddcd-479b-8d42-f1d1410e814d
72e16bf2-ab2e-4b76-87a0-9cd2dc585933,1,2,1.000000,df2d69ac-fbca-4b9e-8df4-d499bb27b403
2765659b-2f28-4074-8841-72f5a5cde7d3,1,1,1.000000,6a62a318-0245-4aa5-9f3f-a6e200f8724a
7d2a60d2-3fc7-4260-bc6c-0a23330061f7,1,2,1.000000,22d63a23-9d58-4c8c-b5fc-433ef6baa9fb
178e65a6-d756-4748-a601-7842b01b04d8,1,1,1.000000,ccf8bf15-e8fb-483c-83c9-e0523a2d0daa
a70b462c-059f-4ae0-9419-9fc756762f61,1,1,1.000000,4c7e79d1-ebd0-40e5-97cc-5156fe65e1ac
03380c14-fa19-46ef-b3cc-10dd6f0d1d27,1,1,1.000000,47bad423-2418-4435-83c8-08ba94003d14
25dc2f07-786b-4c7c-ba69-1e22984a4556,1,1,1.000000,af421bd7-84d7-4b0b-b621-c9b4091d1b06
f81261cc-f1c7-45c0-a143-6f3c704d89a7,1,1,1.000000,7e2037cd-4943-4935-a393-43fc5c390c87
6372f0d3-1b26-4152-bdf9-2eeb7a771ed7,1,1,1.000000,36027d15-9fa5-4ada-bf4b-ed5b5daa5587
5ccd82e9-94d8-4e2f-a263-7cd827c25c5b,1,2,1.000000,340b7157-11e5-4463-a088-59ca98df39cd
cdf1ae91-4586-4fbe-9cd1-74d318908fbf,1,2,1.000000,0feedf09-ee01-43ea-9489-1b58a00ba227
f88d12bb-0450-4212-98a7-7db3346d0837,1,2,1.000000,5771f07a-575e-4004-a3a5-db3ee44bb1b0
0816fd40-2bd3-4fc9-ba95-a20b1410e2f4,1,1,1.000000,6ac4be27-6951-4110-953b-42994ca04dfc
9986704e-4751-44e1-9e5e-d37d4d966a71,1,2,1.000000,935eb020-a824-4cdc-9442-727a6d9e019e
e53261af-1f31-43b5-b605-9e206145ee31,1,1,1.000000,39107c52-98c9-4a75-b505-271294fac465
534a0599-d548-4ce8-a953-0e03f4de66c4,1,1,1.000000,06bae8fb-0776-4dad-ab94-34d99d38f70b
4f693113-05b1-473a-b34f-61106f97684e,1,1,1.000000,91675abf-4d79-497f-8fa5-224ae0472254
f5075b25-0f56-43b7-a0c0-de37b90daad5,1,1,1.000000,10c196fc-2c76-4e4b-b628-4472949c39c3
feeaf548-9802-4014-b530-aa797675eaff,1,2,1.000000,36a6b0df-5d2f-43d0-afd8-c151b0ebd25b
9ed3157a-6bd2-4285-8a6a-5102aea1a5ec,1,2,1.000000,d8d2f244-6fe8-4084-86a0-7a0763b579ce
cd684e8f-0a27-4540-adad-f0a2656ef9ca,1,2,1.000000,907af844-581a-4044-8ddb-8bcc91df32f9
cc164049-5446-4f97-9428-4a4d5968af05,1,2,1.000000,039c70da-6930-47d6-bdfd-f1d429ade760
10b6e29d-a03a-470b-86aa-3fdbbb2ce847,1,1,1.000000,f812d842-42ac-4a21-8073-f483c059ca2d
c96a8720-f4e9-4c15-8604-53ef26c17878,1,1,1.000000,e00872da-35ca-4faf-98f0-3eacdc654102
9976fce2-e874-41eb-b5f4-60eb533a9847,1,1,1.000000,ece552c2-b04a-49f3-a01f-244ea2be828f
5904d8e0-aca3-4bb5-8100-6895a02d5079,1,1,1.000000,a1a87013-2cc1-4ab5-a85b-9fd21ffffe4b
b9c3302e-a94b-443f-8dee-e77db74b21bb,1,1,1.000000,b2adc949-f710-48f8-8159-5533f440730d
d7729f0f-6d60-4d4f-a15b-ea8ed05f1c74,1,1,1.000000,a714a287-37fd-4f34-ad8a-46580b566abe
fe2e7850-7aee-4b20-86e7-39d297866989,1,2,1.000000,e7dddb75-ce7a-4c4a-a047-cd3c7c12c4f7
a2e7b94c-1eca-4e93-861f-e060babf73b2,1,2,1.000000,33ee54b5-0d80-4b24-b785-abcf45ee1e3f
c034bb6c-924d-4ea1-a8de-d7885e6518be,1,1,1.000000,169a37aa-17e8-4998-adea-e8e08e08013f
b72e0e51-0e01-4431-b502-74a70b366136,1,1,1.000000,289638d6-a850-4690-a2cd-3f4189665d44
7584faa2-7573-4059-8312-6c853a8b9899,1,1,1.000000,78d36156-f985-41f2-b808-8ffa7a87f4b9
2bab5424-80a0-4b53-a325-0a515e01950b,1,1,1.000000,5a772c33-5555-4594-83d5-0410a67adc71
62804f27-f2b2-44b7-ae7f-02f9325ca674,1,1,1.000000,2f38656b-76d5-4b46-a81d-c90b96495673
2241ff08-c1d0-4ea5-b934-1568891e41f7,1,1,1.000000,48a3cfba-dcdc-4833-886c-5cc284e12343
77f6fd15-d895-4d63-83a7-a8d08e9a2352,1,1,1.000000,ac7c0dae-6fe3-48e3-97b7-ab62571a0eb1
42e49099-8430-4f6f-820e-5821041d77e6,1,1,1.000000,618b27ad-6280-4709-8245-2f34c8e13f53
c6383439-2e86-49e6-946b-17450f99a65f,1,1,1.000000,c07ff153-9e23-4312-a895-634db3ee5e20
efa133bf-3f65-4b9d-8cbf-e93b1889ed21,1,1,1.000000,6691497e-e3b6-4698-a5e3-35f282f0eb8d
40f87e19-2d1d-4c02-8a64-73150466c456,1,1,1.000000,bb4fc561-441d-4dc9-b9b0-9248820ad968
8d786ba1-869f-439c-86de-7b890019fd8a,1,2,1.000000,faede4bf-624b-414f-8bff-7f3bbfc74f7b
d8d31f12-5503-4f64-9ebc-e7d10744d0e7,1,1,1.000000,7fd39831-e264-4ed0-a0b6-8d05bbcbb38c
925d017e-86b8-4821-a736-c162a1fd37f6,1,1,1.000000,c7b87666-56b8-4851-ad87-0ba40803d992
779e6a5d-2e3c-4c73-8017-bc9b7298378f,1,1,1.000000,7919b794-334e-42d4-ae6d-cc5e8fd3cbeb
1033bbf9-e370-44e4-a729-bf7d3277fdee,1,1,1.000000,da1a2d7f-932d-4a30-b182-c07ecc3443ac
165264d3-2f03-434b-91e7-9ec1f36b90c4,1,1,1.000000,8d7e30ed-2eb2-48c9-ad99-3d0e8cf03e99
48f4d534-f949-487b-afff-15e331adb92c,1,1,1.000000,d4be492d-c9ee-46a0-b1ab-076386b61b85
c3b6ecfd-0ea1-41d3-bba0-9b1cfe84805c,1,1,1.000000,0bf501d7-065a-4459-a4aa-29fb7b0e7d69
292cfff7-e9e0-426b-8f35-db8f194f525e,1,1,1.000000,1f84d45e-8689-42bf-9ad5-0f9c8753fbde
53341c04-76c0-42a8-9620-d40f6921866a,1,1,1.000000,2bef0281-b2d9-41ac-967c-45835e5ba8c0
30961250-69bd-432b-9eb0-3b36e3f0ed84,1,1,1.000000,68942969-0475-4a26-931b-d1d8043a659c
650bfee4-7fd5-4fe1-8b90-d7756af4cb9c,1,1,1.000000,efca79c2-0b12-4ce7-a28f-68ad9193990d
48315b77-3571-4675-bf76-8786cf999a0f,1,1,1.000000,2847c646-a1c3-45b5-815f-46681e3db9c1
87d7f6a5-cd6a-487c-b007-9a71c4bd990a,1,1,1.000000,475f6ef0-4e4c-4fdc-b24f-529a349d521e
089e4d1a-d63b-4a43-ae8c-14968470483b,1,2,1.000000,adf5227c-74ef-49bf-b9fc-2fb8cf302732
c0249e23-12ed-45c4-a768-eb2036657e7a,1,1,1.000000,b811ccd0-a9ef-40ef-8326-d8efbf85e50f
a0945db2-7297-4c8c-9175-b81ee68e1438,1,1,1.000000,0062535e-d9ab-4cb0-ae8f-79133b440129
89f4e05f-01d2-4d37-9520-a1eb07b1562a,1,1,1.000000,2c383b80-2256-4ece-81d4-c81290a10a14
2c061603-d2d0-47af-b3b6-543801c3ca08,1,1,1.000000,2f843830-e489-45c6-a140-48ef168f7d3e
33b86e91-b40a-45e7-bcfb-c1fc8f07b4a4,1,1,1.000000,94560f9c-6b13-4732-ac39-78f6d48a8133
f128b13b-94f7-4b72-a373-77d3d9fe5084,1,2,1.000000,941cbc5b-b82c-4e79-98d7-87808e8819b9
ff8f991b-7a8e-45c1-b27b-f6edaaab71e9,1,2,1.000000,6ba68ba3-3aee-4198-9e5e-f659b55375bd
b72e93b7-0dde-483c-9f0d-7052a890c571,1,2,1.000000,374b89ae-6635-4710-aa3a-b1628e146d8a
5e6bfbe6-8d8e-402c-9bf5-97e509b9c1bd,1,1,1.000000,7a26546e-0a07-423c-9e97-0ef56212920d
4407efe4-ae5f-44b5-a7a9-090d492f55a0,1,2,1.000000,f61809d2-a428-4a2c-81e4-461ea9908687
9b69a0f8-5680-42fa-bcb7-d7110dce1673,1,1,1.000000,6c1f708c-f3e9-4d9e-a0ae-311ba42c139a
28e8a218-ffde-4e4c-8f0c-5655e1523749,1,2,1.000000,c28aa37d-571e-4b43-bf01-aa14eeb765e7
41131974-a751-4923-87e8-25a1ace425a9,1,1,1.000000,a7f1b3c9-e8d6-4ed4-a7c3-2a17b414596a
2853107b-88ec-44dc-b87a-bfa6e32a01b2,1,1,1.000000,718eaf95-e9e2-42a2-ba4c-5316b5f45fdf
03bd813f-67e7-4468-9ed4-06f1f6c991fe,1,1,1.000000,5d6b65a6-6a87-4085-900c-575ab429c359
b1bb33db-5262-418c-8493-5976eb0df752,1,1,1.000000,c49c5729-6dda-416a-91d6-3fec37394388
4970a0da-b47f-4465-af1c-a03e9b71a52d,1,1,1.000000,ba986e5c-6165-4761-8c5b-a7cb1bdaa9f8
054ecbad-1328-44d2-bda9-bcb6815c8242,1,1,1.000000,1d39f953-a08e-494e-acf6-e594832b010a
0f549a6d-0fac-428d-8a1e-eb0c8ab8cbc5,1,1,1.000000,d7969eaf-cd67-4ac5-b060-393d864f8525
07a6afdc-1586-4503-8be6-bdf429017fb4,1,1,1.000000,fd026db8-dad8-4f55-8016-d469844b2862
a5cba866-2859-47cd-9fe8-c8a806af8caa,1,2,1.000000,f258256f-54bc-46fc-baca-9df34d5ff3ac
9634106d-87dc-43d4-bd8b-aad78f985df3,1,1,1.000000,b5ffd988-ffeb-4513-b78a-5806be0c7dbf
e0b9a474-82bd-4c3d-bba4-56595169ea0d,1,3,1.000000,2657b615-04b0-4c11-8343-1245c9c07676
d7fcdcb8-6aaa-4365-b587-04393ce90593,1,2,1.000000,8aa0c34c-dda5-43e4-a825-202ddad15708
b269dfa1-b2e9-4906-98d5-ad9fb685713f,1,1,1.000000,3284e414-8b55-431b-996f-5e5cf9e96ed9
33e4d3c6-dba3-4e68-81b0-0883a3336ee7,1,1,1.000000,6bbe076c-62a2-4eae-9e57-e45c85c909b2
ebcca4a0-bc69-4c80-aa5f-edfe53cdeaf8,1,1,1.000000,5ac34c91-a3b4-4a11-a940-a4babf02057f
25f3e372-6e81-4b80-bd3f-43a25585fe59,1,1,1.000000,6703acf0-f2c1-4b80-a158-fbbe091d3948
15af7c0e-c8c8-47f9-9978-6c7c493e1fa6,1,2,1.000000,bb86048e-c4fd-4bc1-8fda-a4fb5b391a14
8c0c3583-1a51-4b7d-a1f3-fef6ed8caa9f,1,1,1.000000,8144d312-23f4-4c5b-b369-7f52ee2900c9
9cca8ae9-9daa-4ff8-a15e-13a3787fa1a5,1,1,1.000000,f4f25187-82c7-4265-9bf9-71bc8ed1701f
633713c7-2c0b-4527-bfce-f4245be26ec3,1,2,1.000000,97c26efe-10d8-4b54-8918-61fce6c86e73
e2944c4f-8e83-49e1-bae4-f0cf19bb367d,1,1,1.000000,30f64336-9100-4dbf-b67b-4a2096a38da9
a6aaf9a3-7295-4b5d-88ec-b24e4e86df7e,1,1,1.000000,849e3617-6a09-4b25-8eb9-efdae87a793c
6147ee3f-e584-4713-b6e1-b888721fbd88,1,1,1.000000,8e72a8bd-ae9b-460b-9573-aba4b21efb12
b5c62f63-78b0-460b-a94c-b1134c5232fb,1,1,1.000000,ee629236-d81f-4548-822a-11f979d7f013
74d7d380-c8a8-4d84-8ee1-06f7e3b2b148,1,1,1.000000,628a06f1-ca1e-4e6e-9b38-5e23da554b53
cfe467c5-9ca4-466d-87b5-d83003046b95,1,1,1.000000,553ad3d4-3bb0-43b3-ad8a-356e97057a27
2b94c339-4650-4d21-9288-4c6893a467e4,1,1,1.000000,c17f5405-360e-43d7-9b50-bccf6faf2207
532a27d8-a7cb-4577-ab60-b35ba91c10d3,1,1,1.000000,4f84b332-20fa-45e8-b9e0-e9fd0839492a
3ce05fbe-3e5f-4e50-89e6-460731c758a9,1,1,1.000000,cb8044c4-b13f-45a5-a981-ad46f7a15bd9
8fd3db21-def2-48fa-9cab-83ba094f49be,1,2,1.000000,70aa3c86-1745-40da-9072-13ac3ed78efd
66f16350-c02e-4523-b63b-dc624c821566,1,2,1.000000,142269c1-304f-434d-be4c-cbe566ba1379
69e8349a-9c3a-48e6-a1c6-36dd57f6bf04,1,1,1.000000,b8f4eb79-baaf-442b-ada2-5bcd5cf89df4
55e5af11-c29b-4e5a-ac5b-a71b32d268c4,1,1,1.000000,06bc34ca-c98b-4c0d-9276-b7cf78be600e
5e654921-a618-4937-aedf-ee4895432ff5,1,1,1.000000,a06a6baa-a68b-42fe-a709-0053627f90d7
6f26869e-cf47-4925-abd7-73af22452184,1,2,1.000000,823d6947-79a9-472f-8242-e07220bcaa02
d31d66e6-1568-4c1f-99c9-cf0a3d998dd7,1,1,1.000000,59751180-e355-4bfc-b5a2-5c571dfc6efa
9c3cf04b-251b-4702-b8be-40bec2085bdc,1,1,1.000000,4f2ed62c-2a18-4888-86c1-aa01ba21b64f
3cb4f982-ed4c-400c-8122-27188cc153f7,1,1,1.000000,7d7d8bee-c73e-4544-a78c-2d4e29f75749
90d1d596-3c27-4120-bd7f-98b68075ad71,1,1,1.000000,21cbaff6-4d5f-4083-9edf-9523563b74ae
655a6b42-7991-4e28-a9f4-032219611596,1,1,1.000000,5c2dcee3-4c6f-4ac5-bebf-393949ab845c
72be4b78-eb29-498a-ac8c-a23e208f955d,1,1,1.000000,42a98cef-7642-414d-a916-237ceb0abbf6
7dddb3b9-e0b0-485b-9e01-d47762bd7780,1,1,1.000000,505a6b31-fc4e-421d-9a42-4882535d0da2
454d8430-33c5-4779-8d62-9b32a22643fa,1,1,1.000000,686a875f-c72b-4803-b21d-8a7401fe132a
c9cf5ca6-ad4f-4a8f-aef4-25e3549b7dd0,1,3,1.000000,bc19c32d-a271-4dd7-b5e6-62d36d1a3128
d3de7d4e-72c3-4810-b067-43f86282bc21,1,1,1.000000,105b0c95-40d4-43ed-9328-6cbeb200183c
a195f5b3-dd5e-4389-a542-7762426cfd35,1,1,1.000000,bf3f096b-5f9c-4174-ab8a-49e7a574f4c7
079f3849-c7e5-42a3-9a6c-589892604f69,1,1,1.000000,31fa27b8-6c4d-47b2-8566-b4af4d9ca9e8
4f8fa35a-140f-47b9-8162-91d9709f8781,1,1,1.000000,51e67b1a-ddcd-479b-8d42-f1d1410e814d
618a8c2a-02af-40af-9151-ec4da8f66464,1,1,1.000000,6a62a318-0245-4aa5-9f3f-a6e200f8724a
01f0e566-8a29-4039-8ff6-d7264b30663c,1,1,1.000000,ccf8bf15-e8fb-483c-83c9-e0523a2d0daa
4afaf76c-c806-42a1-8bf0-5e555a03ce18,1,2,1.000000,5f993501-e331-41f8-88ef-8789acff3d7f
ce3e61b0-712f-4eb5-8ac2-3c5cc634e3e4,1,1,1.000000,af421bd7-84d7-4b0b-b621-c9b4091d1b06
0a19b005-dd18-4846-bd97-bac4d1b31f1b,1,1,1.000000,36027d15-9fa5-4ada-bf4b-ed5b5daa5587
0b4f6a37-6de7-4f8e-93f7-9efee4015f07,1,1,1.000000,7df7a9b0-729a-40ef-9403-c28f90d19453
64a3f9d3-a0b3-4867-8b24-52ae52741459,1,1,1.000000,6ac4be27-6951-4110-953b-42994ca04dfc
a2b9a0c5-7d48-4894-8e4f-6d797427d9a1,1,3,1.000000,bdc5938a-77a5-4148-8281-898e87238451
cc7edc48-3cf7-43f1-8727-d375b7d4d716,1,1,1.000000,39107c52-98c9-4a75-b505-271294fac465
87fcca96-fbbd-4fbb-8677-a588d7a1a0db,1,1,1.000000,91675abf-4d79-497f-8fa5-224ae0472254
c24d57b9-019e-4abb-be9b-137e64bcd8f6,1,1,1.000000,10c196fc-2c76-4e4b-b628-4472949c39c3
6321878f-d045-4bf3-8fb8-03c9d076bc4c,1,2,1.000000,f812d842-42ac-4a21-8073-f483c059ca2d
c1802695-7411-4d9d-8785-a46c6343e69d,1,1,1.000000,e00872da-35ca-4faf-98f0-3eacdc654102
cb9e01c4-9f73-4d2c-a03d-517da1cbf4c5,1,1,1.000000,e4ab94f4-8c05-4815-afbf-3470cfa23a6a
21a755e3-8f42-4385-8594-8098ed8868b1,1,1,1.000000,ece552c2-b04a-49f3-a01f-244ea2be828f
7bcd43f1-2bbd-4be1-a7b0-44af63692ae7,1,1,1.000000,a1a87013-2cc1-4ab5-a85b-9fd21ffffe4b
04c75755-06e3-4c2d-b6a9-6682ed03eff1,1,1,1.000000,b2adc949-f710-48f8-8159-5533f440730d
590d14cd-1d21-4bc7-8038-064eeee76676,1,1,1.000000,519e56e4-9bbe-493d-9a82-70f9d8dc5c69
3b4a60dc-e21a-4964-86aa-1cbb9e066c14,1,1,1.000000,a714a287-37fd-4f34-ad8a-46580b566abe
36bcda30-f29b-4151-8317-42bf7231bb1d,1,1,1.000000,78d36156-f985-41f2-b808-8ffa7a87f4b9
52b07514-5cce-426c-a72d-fc5e5a3c7b2d,1,1,1.000000,5a772c33-5555-4594-83d5-0410a67adc71
65499613-08ca-4f94-aa16-c68db26f2edf,1,1,1.000000,2f38656b-76d5-4b46-a81d-c90b96495673
b3ca6f07-414b-453f-b6d7-2cb18244122e,1,1,1.000000,48a3cfba-dcdc-4833-886c-5cc284e12343
4e16e924-a031-426c-a69b-5c7a525d86de,1,1,1.000000,ac7c0dae-6fe3-48e3-97b7-ab62571a0eb1
943ad0e0-dc3a-407b-8878-47da110c81d6,1,2,1.000000,618b27ad-6280-4709-8245-2f34c8e13f53
aa65b35f-90a3-4f07-b3e0-7d21cc2093dc,1,1,1.000000,c07ff153-9e23-4312-a895-634db3ee5e20
865c29e3-500c-49a0-9067-169a6b99669b,1,1,1.000000,23adb02f-8cae-4303-bbd5-f125e974560d
84718968-4fd7-4d7e-a536-50a89f6b2ed6,1,1,1.000000,bb4fc561-441d-4dc9-b9b0-9248820ad968
93f00989-61e4-4dec-b54a-75b4c441e829,1,3,1.000000,9c552fa8-fe9f-4618-86af-58441f5987ae
81385e1a-90d4-4e9f-b234-c4a3d693fe96,1,1,1.000000,da1a2d7f-932d-4a30-b182-c07ecc3443ac
31699869-4de8-4e53-b2ef-5da7c8e04076,1,1,1.000000,8d7e30ed-2eb2-48c9-ad99-3d0e8cf03e99
6cf36357-143f-409b-80e3-75b89c6069e1,1,3,1.000000,18812d7d-3e1e-4084-ad30-79ac968a2fa5
900e28f1-f0b7-4f57-b24e-cfa5e659f45a,1,1,1.000000,0bf501d7-065a-4459-a4aa-29fb7b0e7d69
762c4ac8-e8ee-456d-a155-196aff5071c9,1,1,1.000000,2bef0281-b2d9-41ac-967c-45835e5ba8c0
ffc8a4ae-b2e9-49ec-a1f5-05a95059a12d,1,1,1.000000,68942969-0475-4a26-931b-d1d8043a659c
060db280-2d36-4c21-a784-6c87ee1e9178,1,1,1.000000,efca79c2-0b12-4ce7-a28f-68ad9193990d
da72f6fb-6279-4a6f-98fb-ff9bd4bbf871,1,2,1.000000,2847c646-a1c3-45b5-815f-46681e3db9c1
fec02ca0-00bf-49d5-b79d-204464510dda,1,1,1.000000,475f6ef0-4e4c-4fdc-b24f-529a349d521e
07103cf2-ab6e-4bf1-a18b-23be34dcb54d,1,1,1.000000,b811ccd0-a9ef-40ef-8326-d8efbf85e50f
74fe2938-5054-4331-8499-9a883629d87c,1,1,1.000000,0062535e-d9ab-4cb0-ae8f-79133b440129
7180a7dd-c971-45a2-8788-099925f5ab14,1,1,1.000000,2f843830-e489-45c6-a140-48ef168f7d3e
0e281a1c-70fb-4dfc-b1ec-d5def1eb946a,1,1,1.000000,94560f9c-6b13-4732-ac39-78f6d48a8133
b711c794-c652-4173-8c8d-a2d52cae2190,1,2,1.000000,7a26546e-0a07-423c-9e97-0ef56212920d
46c99d33-953a-49b5-a438-018ef9977236,1,1,1.000000,6c1f708c-f3e9-4d9e-a0ae-311ba42c139a
2e8c29f3-47a9-4f42-99c0-eec61f8d0a53,1,2,1.000000,dca7d97b-a46b-482b-b513-4c3ef1fa7dbf
b8d4ac08-e53f-44df-928a-36d92f2461f8,1,2,1.000000,a7f1b3c9-e8d6-4ed4-a7c3-2a17b414596a
db311ad0-c724-4b19-8342-bf57125562c6,1,1,1.000000,718eaf95-e9e2-42a2-ba4c-5316b5f45fdf
e6e1e41d-954c-4ac9-bec9-671a5fceed4a,1,1,1.000000,5d6b65a6-6a87-4085-900c-575ab429c359
26eec9b7-809b-4427-9067-24ccf24ea34c,1,1,1.000000,c49c5729-6dda-416a-91d6-3fec37394388
9276bf44-2634-4cc8-8ca7-7cbe95312f68,1,2,1.000000,1d39f953-a08e-494e-acf6-e594832b010a
2deaf42e-baa6-439e-bfe0-f9b6dc2c0186,1,1,1.000000,d7969eaf-cd67-4ac5-b060-393d864f8525
b345ac83-9b07-49ad-a0b5-9715689b3f8f,1,1,1.000000,fd026db8-dad8-4f55-8016-d469844b2862
4323daf7-c7be-4cae-82b6-bc66ae4ec707,1,1,1.000000,b5ffd988-ffeb-4513-b78a-5806be0c7dbf
a5c743a8-7ba2-4a93-a6d9-857a8ce1aff2,1,1,1.000000,5ac34c91-a3b4-4a11-a940-a4babf02057f
d8b7d582-28a3-4ffe-81a9-73a83d30f947,1,1,1.000000,8144d312-23f4-4c5b-b369-7f52ee2900c9
7aa96239-f723-465b-96a1-0edca5c10e51,1,1,1.000000,1729815c-0eca-4350-ab5c-5ce2c530fcd4
be532459-235c-48d9-af7a-2fa91f70f523,1,2,1.000000,f4f25187-82c7-4265-9bf9-71bc8ed1701f
79ccaa12-c44f-4160-bb30-219cb18a180b,1,1,1.000000,30f64336-9100-4dbf-b67b-4a2096a38da9
9ac2d69e-246c-4edf-99d4-1e6b8cd4da7d,1,1,1.000000,8e72a8bd-ae9b-460b-9573-aba4b21efb12
2875c922-3e11-4734-99bf-8568c87a2d3d,1,1,1.000000,ee629236-d81f-4548-822a-11f979d7f013
2f4eeaa2-3d48-4ddf-97a2-d771a65fb97f,1,2,1.000000,628a06f1-ca1e-4e6e-9b38-5e23da554b53
66a24acc-0ddf-4fb5-a7a9-97682f0c3884,1,1,1.000000,553ad3d4-3bb0-43b3-ad8a-356e97057a27
23afafb7-9677-4892-8977-8e0b74fa4098,1,1,1.000000,c17f5405-360e-43d7-9b50-bccf6faf2207
7f7dea57-bd7e-45b2-9e52-a74e4814d5f8,1,1,1.000000,4f84b332-20fa-45e8-b9e0-e9fd0839492a
00125543-67c9-49e0-8e84-8c220fbcb1f8,1,1,1.000000,68e7ae29-15ff-402c-adc1-76d5a932c984
5bfb81fe-ee52-4fb1-989c-2f31078baf33,1,1,1.000000,b8f4eb79-baaf-442b-ada2-5bcd5cf89df4
0affca23-2de8-48e8-ac0f-6a9ad52a76ea,1,1,1.000000,a06a6baa-a68b-42fe-a709-0053627f90d7
11966b76-fa5b-4bed-997b-0127fc2a492e,1,1,1.000000,299be603-a667-4e4b-9287-3e88c441d26c
141a6b26-1de4-4e8c-9e0e-2afd2bad192c,1,1,1.000000,5e5bd954-ae5a-4f7d-a16b-85bc7f3203e5
89e1ed4b-caf3-4b5c-9c15-fc2027e77bdd,1,1,1.000000,4f2ed62c-2a18-4888-86c1-aa01ba21b64f
538d5d60-c528-46ec-9975-fbc710d5ac37,1,1,1.000000,7d7d8bee-c73e-4544-a78c-2d4e29f75749
e20eaeb3-072a-4463-a52d-629fe8602b0c,1,1,1.000000,5c2dcee3-4c6f-4ac5-bebf-393949ab845c
17750c28-0f76-4dd4-8a08-c13149df3ba4,1,1,1.000000,42a98cef-7642-414d-a916-237ceb0abbf6
eb1ac149-ded3-44f0-9400-fa268d3c12e6,1,1,1.000000,a7b146b8-7a3c-4fdc-b0cd-416fa5b618c7
d447574c-310b-4f25-84c1-a59fcdfb6c24,1,1,1.000000,bc89da45-e92d-43b3-82e6-e4633ecdb0db
7e2914a4-aa1f-49fa-bb50-be11f063acf0,1,1,1.000000,686a875f-c72b-4803-b21d-8a7401fe132a
d0d35dfa-1dd5-46ea-9fd5-e3befa2dc4df,1,1,1.000000,105b0c95-40d4-43ed-9328-6cbeb200183c
1b9a0ac9-142c-4d4b-a9ee-296ab10072d2,1,2,1.000000,bf3f096b-5f9c-4174-ab8a-49e7a574f4c7
11ce1a29-67a6-48cf-814a-05f5ddc6d4e9,1,1,1.000000,aea7bc17-b661-4da9-803a-347339e457bc
a83f209c-31f0-4324-8f5c-4afdf6d31e8b,1,1,1.000000,5f118823-51ee-47bb-859f-1316523af0ed
316727c2-9707-4190-81e0-fac0ba438838,1,1,1.000000,a5f01fef-bcda-49d6-b726-2fe0d7a4e928
919333d7-0df9-418b-82d3-fba6811dbc80,1,1,1.000000,31fa27b8-6c4d-47b2-8566-b4af4d9ca9e8
7dfabed3-2a45-47dd-b35c-b6247836d7ba,1,1,1.000000,df2d69ac-fbca-4b9e-8df4-d499bb27b403
a7c141d6-51df-4a1b-9425-a2aa765e10ce,1,1,1.000000,6a62a318-0245-4aa5-9f3f-a6e200f8724a
ee520ce6-26c8-4158-92ff-d254d81b086c,1,2,1.000000,22d63a23-9d58-4c8c-b5fc-433ef6baa9fb
a9398ad1-a1fd-4343-b09e-64e4921c248f,1,1,1.000000,340b7157-11e5-4463-a088-59ca98df39cd
b6bdd86e-0528-4f91-9b0c-6a5629319744,1,1,1.000000,7df7a9b0-729a-40ef-9403-c28f90d19453
12354ed2-3918-48cb-a6e6-3483926564be,1,1,1.000000,0feedf09-ee01-43ea-9489-1b58a00ba227
4be38a2c-b3ff-45da-94ee-6281b12879e4,1,1,1.000000,935eb020-a824-4cdc-9442-727a6d9e019e
c4b453f9-6326-49b5-b221-67433e5144ba,1,1,1.000000,39107c52-98c9-4a75-b505-271294fac465
83802cad-b906-4d5b-a259-eaeee8250e4e,1,2,1.000000,91675abf-4d79-497f-8fa5-224ae0472254
cd95d8fd-68c6-4143-af19-e502aa2b6607,1,1,1.000000,10c196fc-2c76-4e4b-b628-4472949c39c3
c0373bcc-2c74-4213-8c62-7301a46e680d,1,2,1.000000,d8d2f244-6fe8-4084-86a0-7a0763b579ce
8f516f72-ecb6-402c-a579-6106d83a2e69,1,1,1.000000,7413fd0f-0de7-4b60-b466-60b0bdd9a9c9
ee3b8fca-b8ab-4703-bf40-237dcdaee223,1,1,1.000000,907af844-581a-4044-8ddb-8bcc91df32f9
0ecf78b0-4ac3-4c58-8164-f01c63a630c8,1,1,1.000000,e00872da-35ca-4faf-98f0-3eacdc654102
227fa5cb-0bb1-4ed8-ba38-49342fff56c1,1,1,1.000000,e4ab94f4-8c05-4815-afbf-3470cfa23a6a
7d3bbe46-06c4-4f73-9382-931bd864530d,1,1,1.000000,ece552c2-b04a-49f3-a01f-244ea2be828f
213a0ba1-5067-4246-8daf-822ddc1d2ce0,1,1,1.000000,a1a87013-2cc1-4ab5-a85b-9fd21ffffe4b
a8229252-ffb7-4a47-bd2c-f94240bb5b10,1,1,1.000000,b2adc949-f710-48f8-8159-5533f440730d
5f2a836a-3d79-4e23-9b9a-f3b8483acc17,1,1,1.000000,519e56e4-9bbe-493d-9a82-70f9d8dc5c69
38fb1c97-8e9c-4545-b32a-c7a89ca52c26,1,1,1.000000,a714a287-37fd-4f34-ad8a-46580b566abe
8d4c9bf2-aee5-4734-ab5c-68c4cffe02cd,1,1,1.000000,e7dddb75-ce7a-4c4a-a047-cd3c7c12c4f7
62af5057-ab63-4c7e-99d7-777760a94459,1,1,1.000000,2f38656b-76d5-4b46-a81d-c90b96495673
96b67e08-a4c6-49af-a5ba-48de7dc26c73,1,2,1.000000,48a3cfba-dcdc-4833-886c-5cc284e12343
1ec39acb-a926-48f0-9a06-4ba18a8f0157,1,1,1.000000,ac7c0dae-6fe3-48e3-97b7-ab62571a0eb1
36df0aae-6efe-4f88-bab7-3a3fd746b96c,1,2,1.000000,c07ff153-9e23-4312-a895-634db3ee5e20
7a9195eb-f79c-4230-976d-6d7d0f414adf,1,1,1.000000,23adb02f-8cae-4303-bbd5-f125e974560d
1b73bbd4-38cc-46a4-8917-69be5e51132e,1,1,1.000000,faede4bf-624b-414f-8bff-7f3bbfc74f7b
2d775084-7eb7-4009-89ed-69d3c230f258,1,1,1.000000,f1f761d6-552f-4f35-be9e-b094d7b78160
d40f0797-b04f-4de2-9b6d-1a1ccde49003,1,1,1.000000,0bf501d7-065a-4459-a4aa-29fb7b0e7d69
e06a3499-b230-4d43-9844-e7b768e1a240,1,1,1.000000,2bef0281-b2d9-41ac-967c-45835e5ba8c0
ed99ece9-774a-4050-814a-d870a9de5d5f,1,1,1.000000,efca79c2-0b12-4ce7-a28f-68ad9193990d
8e2057fe-1e73-4241-a47d-398ff2e2315d,1,1,1.000000,b811ccd0-a9ef-40ef-8326-d8efbf85e50f
592b8444-c14a-4556-9d3a-46eeb350f317,1,2,1.000000,0062535e-d9ab-4cb0-ae8f-79133b440129
27819438-d08a-4154-857a-78d0b5ab93b0,1,1,1.000000,941cbc5b-b82c-4e79-98d7-87808e8819b9
b4f5fd41-0295-4fc8-a6b6-f4e89f8406c6,1,1,1.000000,f61809d2-a428-4a2c-81e4-461ea9908687
ded80696-972b-4e53-89ba-1fb039e21ced,1,1,1.000000,c28aa37d-571e-4b43-bf01-aa14eeb765e7
b57dba68-6af3-4c03-bc5d-6b9cf003d965,1,1,1.000000,fff9db58-c20e-4f2c-b07d-9937b70a1273
1cfdf7aa-0b0e-4532-bbd1-4b0bfe2f133c,1,1,1.000000,718eaf95-e9e2-42a2-ba4c-5316b5f45fdf
de493d3b-873a-4474-bfa1-588ca687f4d4,1,1,1.000000,5d6b65a6-6a87-4085-900c-575ab429c359
e1c04e26-1adc-4ffe-9503-ca82cb2975d4,1,1,1.000000,fd026db8-dad8-4f55-8016-d469844b2862
46c03e79-0fb3-4f8a-8153-e28891f6ae83,1,1,1.000000,f258256f-54bc-46fc-baca-9df34d5ff3ac
5e4de662-6ddf-4ab9-8063-75113a12dc62,1,1,1.000000,b5ffd988-ffeb-4513-b78a-5806be0c7dbf
6274b732-a4e4-4cc5-a759-836ba0f0864c,1,1,1.000000,8aa0c34c-dda5-43e4-a825-202ddad15708
89007c49-ac85-4b60-a7bb-482fe30219e9,1,1,1.000000,5ac34c91-a3b4-4a11-a940-a4babf02057f
e7f438ab-79fc-4ff9-aaf8-cfc6b9eff8ce,1,1,1.000000,bb86048e-c4fd-4bc1-8fda-a4fb5b391a14
3e2c8bcf-3a53-4202-9931-b1a9ac038912,1,1,1.000000,8144d312-23f4-4c5b-b369-7f52ee2900c9
28209ebc-21c3-4b7c-9456-d9a46b036599,1,1,1.000000,97c26efe-10d8-4b54-8918-61fce6c86e73
a348e6ec-0373-4fe0-8b5d-a279b0d3ffeb,1,1,1.000000,8e72a8bd-ae9b-460b-9573-aba4b21efb12
5dba4772-daed-4c66-87cf-da7484648546,1,1,1.000000,ee629236-d81f-4548-822a-11f979d7f013
42425e35-c675-41d4-acb6-80c745fce2fb,1,1,1.000000,15f3a523-0299-4249-8ccc-fee0b320040f
5c032a97-e762-4bc0-90f5-ffda95143161,1,1,1.000000,e0d3387e-cac6-41e5-b9f5-963818301cf3
e86427d1-2450-4a39-9161-ee5a8601a74c,1,1,1.000000,553ad3d4-3bb0-43b3-ad8a-356e97057a27
3000c1ef-6351-40cd-89f4-5c25cd31a31f,1,1,1.000000,c17f5405-360e-43d7-9b50-bccf6faf2207
517e9610-b75d-4e2f-a99f-23d88e433773,1,1,1.000000,4f84b332-20fa-45e8-b9e0-e9fd0839492a
edd62142-e329-43d0-94f6-78e3586f8ac3,1,1,1.000000,bf609a7c-229e-4dc7-82df-8162b6648e97
31226ae5-22ac-41a0-a89d-5b95682c29c3,1,1,1.000000,68e7ae29-15ff-402c-adc1-76d5a932c984
918b190a-7126-4afa-8241-cdeace46c036,1,1,1.000000,70aa3c86-1745-40da-9072-13ac3ed78efd
78c57e01-4d31-4a1e-977d-64bb8f69000b,1,1,1.000000,142269c1-304f-434d-be4c-cbe566ba1379
c3f0243b-45fc-41e6-b9fd-0f6cb4a3d605,1,1,1.000000,b8f4eb79-baaf-442b-ada2-5bcd5cf89df4
dd351f0a-4d81-437e-bc12-c610484b7a3f,1,1,1.000000,a06a6baa-a68b-42fe-a709-0053627f90d7
c007634b-da03-408a-90bd-bd8ba3ff1323,1,1,1.000000,5e5bd954-ae5a-4f7d-a16b-85bc7f3203e5
121fe402-a70b-418e-885b-0dd0fa5fe6a5,1,1,1.000000,823d6947-79a9-472f-8242-e07220bcaa02
37b8a4ac-caa4-4abc-8267-ca1743ac0381,1,1,1.000000,4f2ed62c-2a18-4888-86c1-aa01ba21b64f
e9487277-68d9-4a4e-9f98-b7608337ffa8,1,1,1.000000,7d7d8bee-c73e-4544-a78c-2d4e29f75749
cce5642b-bd3b-47db-9a41-98ba17c14cde,1,1,1.000000,53b3084a-f3e3-425b-899d-42dd80c2d0ef
1afef31c-5850-4c96-86d6-4268aa5852aa,1,1,1.000000,a7b146b8-7a3c-4fdc-b0cd-416fa5b618c7
af49b4e3-d722-475a-93bb-336a6577c487,1,1,1.000000,aea7bc17-b661-4da9-803a-347339e457bc
32d499fb-6073-4b38-a2e7-f0736e06263d,1,1,1.000000,5f118823-51ee-47bb-859f-1316523af0ed
1ffcec4d-1722-4bed-b931-abb865a38950,1,1,1.000000,a5f01fef-bcda-49d6-b726-2fe0d7a4e928
38f443bf-c3e9-42b4-9437-cb83e2bfeb10,1,1,1.000000,31fa27b8-6c4d-47b2-8566-b4af4d9ca9e8
adca9f92-3fa1-4f94-b5b6-26e41995bfa3,1,1,1.000000,6a62a318-0245-4aa5-9f3f-a6e200f8724a
279d0c5e-ab6e-4c3c-b2fe-1d11c824c3db,1,1,1.000000,667dd617-b20d-4e76-bbd8-c70e206668c5
df741f9b-4ee2-4d27-ae2b-39ce676d692b,1,1,1.000000,39107c52-98c9-4a75-b505-271294fac465
02eac7c1-9807-4235-a430-e13a20dcb710,1,1,1.000000,10c196fc-2c76-4e4b-b628-4472949c39c3
a65be11c-099a-4e24-b8a7-48fad33eb3dd,1,1,1.000000,907af844-581a-4044-8ddb-8bcc91df32f9
44ae9204-d0a3-4ca8-8630-b07775728819,1,1,1.000000,519e56e4-9bbe-493d-9a82-70f9d8dc5c69
4f391985-c88d-4300-82fe-09f77c52c884,1,1,1.000000,c3af36ba-81f4-4652-9523-44f2217dc0f0
907f1305-c922-4534-8d37-c0c5da8502d0,1,1,1.000000,2f38656b-76d5-4b46-a81d-c90b96495673
f99fc5c7-c744-4b62-ac5e-d2d5afb7f4f7,1,1,1.000000,ac7c0dae-6fe3-48e3-97b7-ab62571a0eb1
077ac378-5b57-4f19-80ce-96040d60321a,1,1,1.000000,27b1e11e-8d9e-467d-8636-df88f9641094
933bb1a1-0e74-4e82-9055-4b5a19e4a640,1,1,1.000000,f1f761d6-552f-4f35-be9e-b094d7b78160
68a3e96e-ee0d-4c23-8dea-330896d9f4fe,1,1,1.000000,2bef0281-b2d9-41ac-967c-45835e5ba8c0
bb8ab4e5-2b78-4785-9109-f121d77b3086,1,1,1.000000,efca79c2-0b12-4ce7-a28f-68ad9193990d
0e690bb9-d65a-4d92-affd-d365800d301d,1,1,1.000000,7a26546e-0a07-423c-9e97-0ef56212920d
