6122_i,5e663abc-43a6-4f91-abd2-574eac702aed
6123_i,5a3845bc-e840-478d-9673-975ed8ad76d9
6126_i,9720be08-5d5e-4c39-a0ed-1ad592e8541e
6127_i,fc900b73-9357-4ba8-a79a-aee36cceebd5
6128_i,d716b56d-2040-4a98-b963-abade2ac17f9
6129_i,8977460a-defb-40b8-b905-b667b41f3983
6132_i,c9ab86df-70f8-4bda-8c2a-4c33dfda69eb
6137_i,e8490560-9b0b-4919-a9ff-8128c668f4ab
6140_i,b9c644e8-7f6e-424c-90f1-79d298213023
6143_i,dfbaeece-6419-4625-8453-1c1f309668de
6145_i,a0dd2d3f-e6e5-4097-95b1-8124d38bd1f8
6147_i,ecc747ef-25ca-4114-bf47-6a76a7e75aa6
6150_i,b1df271b-efaf-4fce-9d87-115c2b129450
6154_i,b092c0e0-6e1b-483d-ab6c-71cbe3a7ec7c
6155_i,83f303b8-4213-4e37-83a6-4ef087b7c2da
6157_i,452235bc-1971-4d5c-86b7-9c1b43240834
6158_i,c2e3a77d-fce7-43cf-bde8-3aa083ee13d3
6164_i,34ce23b4-20d9-4b5d-ac78-93ecb5cf4168
6174_i,e554946c-61e2-4292-bdc8-449801dd6efa
6207_i,49060558-a8a3-4a90-b389-90f57a588290
6218_i,dddb627b-0c1a-45cb-802d-4761bb7e0687
6224_i,be5e1ac7-4e4c-4222-9625-4c68a3b2c1f5
6226_i,47484cc8-c4f6-44e2-8d26-c9144b0745a0
6232_i,7318366e-d6ab-486d-9a33-5e6cbe533ff2
6238_i,5228345f-da26-469e-9f08-2dd69428c87d
6253_i,30c5aa32-8b1e-4139-9b3d-ef0bb903786d
6262_i,6b9cb425-ae4f-4308-ba63-c98d8a049b53
6266_i,be9f7cf3-4adf-4015-a983-adf2976a49a9
6269_i,5c419a09-95bc-49a9-b400-8793cee6257f
6280_i,4982dd39-ca02-4281-b6d6-30f6b5b95e49
6295_i,b0f1ca4b-b72a-4441-8dc9-3a3c691fcdaf
6299_i,5fd9f252-e5b6-4093-9208-e677262fcc1c
6301_i,01f20f78-2911-4863-a160-6dcc20afb77e
6305_i,4d51a3c7-7ce1-4819-b010-6121731eed7d
6307_i,2b05fc43-3810-400c-91e4-aab52c9acada
6316_i,bfcdeb08-1072-49bf-8fc1-498c5bda3c27
6337_i,5cc82b75-1b13-47d0-b4a1-915a8160792e
6340_i,0275ec40-68c2-4e8f-ac82-a59fc041fd00
6344_i,a0146827-956f-44fe-b792-ee54f6400f17
6375_i,eeaca990-4658-46d6-949c-90d660f4b2c0
6378_i,fc0d8f25-f2f1-43b3-98f7-370fd1bc784c
6379_i,77afc292-dbea-47eb-88f4-5ab9cd820d2f
6388_i,06a0b7b8-82be-46f8-976f-91c5f67baca1
6398_i,032c6819-d184-4b48-ad43-21d4301843f5
6410_i,6ac76c77-a74e-4b94-a0ac-4a950d51f845
6411_i,8fccdd5f-fdda-4394-b577-fe6389efa75d
6414_i,8de9830f-308a-4239-835a-3769a80b322f
6416_i,68a163b4-f806-44aa-a7a1-b7cfe0c73726
6417_i,c122615f-c5a3-4421-b119-a400280dc4c1
6418_i,a7e2bc06-d943-4d97-b125-918f496ab6e9
6420_i,303073d3-444c-4891-b474-2073f67339be
6421_i,0ca34f44-a871-486b-b2b6-63a91170db07
6431_i,dd2cc7ed-d0c9-43cf-b4ff-c87c0f1d4713
6434_i,b9c7db38-1b82-4e28-9bdb-a4b57711b2f7
6435_i,9c841965-8077-43ff-870b-bee7ec61363c
6456_i,2b7079e2-4d79-4779-9392-e24169b8c525
6466_i,590f2e02-247c-4878-98ee-d53bc72285ac
6468_i,3d343642-8db7-4f05-bfd3-ddcd839dc010
6481_i,9788fabf-da13-4a1d-a569-7c52edb7faa8
6500_i,f59e52e6-707d-4095-8c48-6765ca632479
6505_i,ff38453a-6cd6-46c8-a8d9-818194f849be
6522_i,33e10155-ad64-4cbe-b64d-6bbf2c44ebe0
6538_i,50888099-228b-417c-9b91-5af619386bf0
6548_i,a9d57634-161b-47a9-bd0f-c7e465a341c6
6550_i,6a9ed212-eb3d-422a-889e-2d0bc5642f29
6552_i,e57619b6-780c-4c2a-8aac-7e690c610036
6557_i,ee4950aa-1967-4cc1-a0e5-74d73b366237
6573_i,668f49ec-665b-4824-a3af-93e7086efff1
6578_i,1e1f81cc-f0f8-4935-8cb3-8a6106d86501
6580_i,048b91da-e7af-46d3-ba4c-ac7aa75f8cff
6588_i,2c9757aa-daf7-453f-9566-500380e75cb3
6614_i,ac3af61c-c244-40c7-b6da-6c198d6aadb8
6645_i,78a30e0b-af2b-470d-9c6d-6004764a87e8
6660_i,92b4d3ef-11d6-4c1a-89fe-ad5661cdc57e
6662_i,e3036abc-f22f-4c5e-8ea4-8a0b3e160b47
6712_i,e370cb8c-1c37-4fa2-9235-dc1fba9f07f5
6736_i,103234b8-b36f-46c3-9941-cec270f37a0a
6759_i,ae9f8949-900c-44d4-8269-25e5325f6365
6784_i,5c6cdb3a-9d2a-467b-98b3-1ff1a312fc28
6791_i,80b5b7bc-1e2c-47fb-ad1e-bc8e8c9078a5
6814_i,668545c2-4b7a-4a50-b7b5-b38824decc3e
6819_i,361a85b4-6492-40dd-ba82-2fdc405be018
6821_i,07170fa0-c909-4674-8efa-770543ed1766
6822_i,0b06000f-f33d-486e-8987-63a4bdcc0e4e
6834_i,2670a5a5-26f5-4244-b650-6186d14afad5
6839_i,3f68ce6c-1b72-4f05-81ce-4eb4a4b26275
6869_i,69b4c773-94b0-4f6b-8188-e8728a9570d0
6871_i,2a8770db-2814-426f-97d8-539952ebd93c
6885_i,b8948a73-6b1e-4930-8568-0353ba008bac
6887_i,f2491ae1-0ada-4ed2-b82e-7a1b2a3fbf53
6906_i,aa7a4613-b2df-4ac3-91a8-088d8eccfd7d
6933_i,3699c2b2-f8c5-403c-854a-380ec3eb380e
6941_i,a0abfbc2-5261-43fc-a490-72c02b0f0581
6942_i,451b5adf-423e-44cc-ac39-08287136f945
6948_i,b4082d41-c0aa-4bda-b73d-6788bfc593e1
6979_i,6e145605-d8cd-40af-9f26-5edaab0f0e48
6981_i,65b93fdf-eec5-4a6b-9e20-eea99340bc34
6988_i,48a67853-4515-4f32-b0d7-c2f7b90bbf94
6991_i,dcc3f0cd-1ae4-4fc9-81da-40ab9cc6cf54
7017_i,ff7a47e1-b2b1-43ec-90b0-ae01e82d56b7
7023_i,867eb5ea-5429-4a39-abca-133dc6fbc5c6
7027_i,b40e75b1-6078-4822-ae95-7c91199a86e7
7035_i,8213ac74-d063-46e0-a7b0-45554dbe4b00
7073_i,914529e8-eff1-414a-9eb8-349c25bc068c
7080_i,3cc0f796-c554-4431-bad1-a54643a0af6d
7137_i,acd8cd15-92cd-401f-8ccf-07e83b006c50
7141_i,8cec1228-15bf-4d0d-90cb-61a26af3edc0
7152_i,71e29cdd-358a-49c3-96c4-2900d5c8dff3
7157_i,ffa66731-454d-4ab9-bbbc-b579c36fc376
7175_i,facc1050-7d1e-4945-9e54-514d262c2acb
7185_i,a55c6d42-153f-4b46-b854-5b3f8a55a577
7188_i,dec6b770-e43f-4c67-987c-c6a9a7841517
7254_i,159b9791-830b-44c1-ba6e-b9a1787a216c
7261_i,c9e21fda-53d9-4705-af0e-971ec19d7428
7273_i,194712f1-0b48-4e97-97c8-d23052ba708c
7319_i,edb66545-d3e0-4ffb-8ef8-7ee952379baf
7593_0,dd44e954-385e-4137-a881-8735fb0d316d
7452_0,f8798e64-b38c-48f3-8f23-12cb0bd5b1a7
9781_0,ae5ed071-ab96-4ebf-bd06-6962c1c8d47d
7555_0,4b60686a-19d3-45df-942a-8f8e113d1ad2
7540_0,504cf07c-9269-42f4-ba57-019d12142673
7095_0,92a265fa-aff4-48b2-99e9-ee8a850cdf25
7399_0,ba4f5b99-fe09-401c-8c17-eae6d13e042d
7610_0,cdb1fbec-e00b-406e-b292-e1f16cbf77f4
7683_0,8c4a3a63-ec23-40c4-965b-a9199b0608cd
7338_i,031df95a-6bd4-4b67-bc69-71954b75daa1
6195_0,cf1fd78e-9775-409b-a7fb-c1e00c0ea83d
7269_0,798e87fc-1f8a-4646-8039-f2d524038772
7499_0,4404e4b9-97a8-40cd-a1dd-14dfbb893bac
7898_0,8976b29c-1402-486e-85dc-1137a7a86f02
7380_0,3719bfb6-bb2a-4d4c-b4c7-3ab3206a67b2
7866_0,82a3b10f-21e6-45bc-8263-a600830d4653
7572_0,ae7d505a-68c8-405c-be40-2816f3eaec5a
7583_0,d301c2fd-80f4-4cf9-9ead-d0331aecd737
8449_0,cd5ac6d0-5e9d-47d9-b8b7-9c7341336f5d
7377_i,61138c4a-a16b-42ac-a9ac-256944994d62
7381_i,98ac181a-d8b9-4240-a80f-1443199ebea2
7402_i,3c8ce6e0-3496-477f-ad90-33f13a1a1ddd
7412_i,541fe7b1-f8fd-4635-acfc-38fd072ad03f
7441_i,c28e34f3-a276-4042-bbd4-fa2f77d507f0
7784_0,bc9d9ac9-d6fc-443d-a3c2-c6567e46c3fa
7435_0,6bb700f5-ba31-4ce1-b94e-5a619935bba5
7165_0,5d6723e4-02e6-4cca-8498-0dd2626a27d6
7453_i,568facec-51f1-4449-bc62-cf7415180a4b
7475_0,618bf06a-2073-43e8-a89d-93ba46dc2dea
7460_i,2cb84e7f-8e71-418d-b06c-60aa78cd40c4
7473_i,6ea37418-0385-4b95-861c-90f67e08d10e
8342_0,13fc1c77-af83-4de8-bdb9-9d9dfee48a75
7563_0,9f18a86f-8f4b-4ccf-9714-97d2831e93ae
7785_0,b091c335-78b7-48a0-bda0-3ef0ef53cd73
7502_i,da01edde-81e0-48c5-a161-7968b7887250
8550_0,6a324dc1-c457-4e59-a404-dc786496e519
7508_i,0aba4ec5-9b30-422d-b324-019b3d73387c
7515_i,d95de84e-ef0a-4dad-a038-bc15f557da9d
7516_i,81779629-1b8d-4411-8eb3-63f212772956
7944_0,8319a0cf-c909-4c61-8bd6-6d3a3daa2b22
7960_0,b94edafc-bf78-434b-a872-41e0891027ee
7812_0,3d0fc0f6-76a3-429b-a33a-19d4b96e2057
8027_0,98e2c802-99f8-480e-8e73-329ddcb0f2c1
7537_0,6f7aecf2-9a76-407d-a998-a5999cf8772d
8129_0,94914fca-9a29-438c-b7c3-e7b27a3dc05d
8395_0,937dc43a-8c81-4cf7-86ac-76fa473beae6
7845_0,240013df-6a59-43e7-997f-447c21492430
7156_0,5bf8a2fa-e176-439b-aec0-bfb4cebac3a1
7599_i,d62071fe-d177-4973-a571-7e98eea58423
7612_i,8a1c28c5-f803-42a7-928f-c6a20f36d069
7617_0,8c06d3f9-e8a7-4309-a5d6-4799d948e292
7760_0,f22606c7-41e1-4ee8-8a90-2f1ff95c8ec6
8657_0,06a0b7b8-82be-46f8-976f-91c5f67baca1
7961_0,a8c53cf5-1e9b-4077-8894-f7c97870a40d
7630_i,2f507ca3-947f-4d75-83c7-91400487c1de
7623_0,f8dd0b8f-0228-4d4b-9bcd-28af7bb50700
7666_0,faa1038d-b0b7-4379-95cb-9c0d3d5cfd93
7750_0,38244067-e7cf-445e-9705-047bc4ffdf81
13056_0,a7e2bc06-d943-4d97-b125-918f496ab6e9
7927_0,29685c18-47c3-4187-b826-194a9a053b28
7104_0,e7f15cc4-a81e-4320-bd73-e6ac7834d13d
8174_0,ba7ba27a-f90c-4dd0-9413-63e9a138ee0c
7665_0,d0a7f047-7347-4af7-9a25-d439b8da2822
8065_0,b9a35e11-4e11-4d4e-bd0e-d3bc8e1eeac7
7971_0,0b341be7-25f8-48ff-9786-4a07c4f8a5b3
9644_0,d8565137-67c4-4960-8bda-6ed50a3c586b
8859_0,73a2d5de-a92b-4888-84ce-9f076869248c
8244_0,aaa7e910-0382-4a1c-af2c-19219ea238b3
7724_i,06d22e6a-5b12-4e64-b5a9-a22b93762fe0
8737_0,5d56abdd-03f1-48ec-89d3-6e7b5efa847d
7731_i,0e99d584-747f-45b2-8908-aa6693e29a6e
7689_0,393f2367-01f5-4b6b-a6aa-9484b646194f
8069_0,e87c8a08-9ab6-4dc6-a91b-37913644abcb
7103_0,c191451b-76e2-4bb3-8da9-6812486b1e92
7994_0,29b253a5-b8d6-476b-a404-fc2bd29e2d40
8948_0,39d62c24-184a-403e-8a12-7d419a0d5d5d
7768_i,a6eae17c-eb23-4c1b-95e2-f5bb65fb88d4
7769_i,19586d0f-99fa-4763-ab09-1730c3a35d74
7833_0,ae181ab7-6fe8-466e-849e-ce6bde5c282b
8865_0,e511bb01-bd56-45c4-8885-f4ea67e719b7
8436_0,7832f2ff-3967-4bcd-b5c2-e10a36e510f6
7783_i,3090e085-b598-40e1-8ab8-f89646c850f1
8058_0,50077688-e24a-44a9-a119-8c912b930335
8385_0,b7024f7e-5890-4b5e-af36-fedfbb9fdf92
8009_0,0f4924b3-1e42-40bc-bdd3-816e9d66c32f
7989_0,2c21222b-b7f6-4b35-b51d-f9d14083277c
7838_i,e0f0b7bc-ba0d-4854-9a85-f1f5b19455a9
8159_0,6d10ca8b-1aaa-43a9-8c09-f6ec3b2cfafd
7853_i,aa1c0f8d-5a2f-4e1a-a728-f98f7a6d15ca
8337_0,b2d293a5-c02f-4a2c-a3e7-66b33b7f14cd
7915_i,f74155e3-87ac-4255-ad79-6eede4635de9
8897_0,3c92f12e-bb49-4a2d-9ced-978cb1bd26eb
7772_0,15bd8df2-a5c4-4980-8f70-677e564d1c98
11134_0,93e83b6f-ae41-4e95-b56f-a722fb9b1354
7835_0,8863a5d3-9813-4df3-8f73-279ad374fb79
8832_0,f4e0290d-2d86-4985-a665-941bc71d6f7d
8185_0,ecedbc6a-d5c8-44f3-a3c7-c54639ae5477
9724_0,07170fa0-c909-4674-8efa-770543ed1766
8188_0,c5657a90-38dc-4a3b-a08f-956c82e9499f
7755_0,2670a5a5-26f5-4244-b650-6186d14afad5
8019_0,1a1eaeb5-5ae9-4955-aad6-87f9f2a57adb
8012_i,fd076ebb-104d-408c-b9e3-02cd7548e7d0
8247_0,69b4c773-94b0-4f6b-8188-e8728a9570d0
8108_0,33cc4cb5-4034-4a0b-b182-05b989b28740
9103_0,54fa463c-81a9-487d-a016-1bd7bfae82da
8046_0,018c4acc-b6e3-425b-8c58-e3adfe98449d
8056_i,559cdaf9-e770-44b8-8291-808b41f85118
8789_0,30e26928-f22b-4302-8958-11493c0e668d
8073_i,bb5a5703-7686-45e3-8e9b-24d028c21601
8089_i,81ec982c-81c3-4fba-a2e0-a2dd53d88c83
8101_i,54169d4f-bdcd-442c-974e-2adf1559e7df
9207_0,74de5a9d-4dc4-46f0-8e94-8200657a57b1
9081_0,44e94cfd-b0a6-408c-a8bd-195f39eafd47
9385_0,d7e3581d-0fcf-450c-887e-42e516e54f7f
9085_0,f2257463-2bc1-44f6-9f02-802c5d2cacfb
8740_0,d471f73d-46b5-4f91-b174-dfffb02258ab
7787_0,65b93fdf-eec5-4a6b-9e20-eea99340bc34
8224_0,afd8bde6-1b13-46b1-8f13-3d3cc4643e82
8130_i,2466797d-fbf7-4066-961b-0e1c04f85c27
8245_0,b2b1b5af-e68c-4c55-9261-1dfb229bd832
8135_i,5bf3d909-1b45-430f-8868-83fd3f2b52d3
7282_0,0dbd1ea8-1caf-4ebc-9d44-b7bdeb5069ec
9197_0,266b2a92-49f8-4179-9c21-a3ccffc970da
8169_i,d306735c-592d-48d2-9fac-81237429bdc0
8804_0,90b5d4f8-aea5-46d9-965a-fe0872c1adc4
8270_0,e2f3542f-52f6-42fd-8549-31e288431167
8192_i,f2bd31b5-23ee-46b4-bf87-1634954dd029
8211_i,daf1e7da-ce02-4637-864a-ee4981328ca1
8297_0,69663d4c-2456-47ff-a5a5-63c3ce215dff
8243_0,b010a2d6-63ab-414a-ad61-803dd83f80b4
8558_0,41380034-2f43-4fc1-ac59-5a8db93b42cb
7152_0,71e29cdd-358a-49c3-96c4-2900d5c8dff3
8643_0,7eaec72a-24ff-42a6-873e-414acf59a562
8096_0,66d41e4b-d707-46ba-8dea-87ecd277e7f0
8370_0,d9d1de4b-3386-45e7-b86e-c8b3c85b98d6
8933_0,4c9a8464-a4a0-4ab2-b7aa-b1e2b2bace2d
8745_0,ba04dbcb-cb69-45f5-a6d0-9cc6fc3659cf
8314_0,df91829a-6864-4ede-bb32-26c4a5a271c3
8221_0,8e3a689d-3f90-4672-98be-4adafdb75236
8042_0,27aa89a2-80b2-4aaa-9a02-f2b6dc97c132
8609_0,f8798e64-b38c-48f3-8f23-12cb0bd5b1a7
9781_1,ae5ed071-ab96-4ebf-bd06-6962c1c8d47d
8275_0,4b60686a-19d3-45df-942a-8f8e113d1ad2
8205_0,752cb7f9-3bfb-4c71-abc2-2e38c836abd1
8658_0,9bb27d2e-b59c-46ae-b394-200c39dd3fa4
8236_0,fa15d6db-a255-4781-ba43-07ec22349569
8433_0,783c97f9-6ae8-41f4-895a-4a4c778e56ee
8711_0,39c3e0a9-f2e4-46db-bc63-61dd8036c95e
8339_0,997a5c0a-4150-41db-9241-d56df2111728
8741_0,e1982358-e4e9-445f-b5b2-4c05337b0183
8251_0,d2c618dd-c0df-4b0d-86de-779ff64e0e4a
8384_0,f2500c72-648d-4491-a4f2-8447396b041f
8703_0,32230dfe-095a-4c53-8526-525015cb6ec1
8356_0,931bf7b8-3b02-46e1-a4bb-b537a9a58a37
8322_0,642e57dc-c97a-4b7b-9e8a-3874b655078f
8449_1,cd5ac6d0-5e9d-47d9-b8b7-9c7341336f5d
9422_0,e9420b09-ba09-4ca7-a3a3-670f7142e6d7
8516_0,9f31d95d-2fe2-4dab-96ba-32725f7b6e5a
8622_0,540159cc-2494-40f6-a858-a97b0b8bd634
9405_0,32e236b9-8d2c-47ec-8115-39d8854e90b6
9098_0,1199d292-4178-4b86-b320-a8ea1612f6d2
8397_0,bc9d9ac9-d6fc-443d-a3c2-c6567e46c3fa
8645_0,86ed30d7-d267-48fb-968e-9a04fdc61d25
8301_0,6e16b807-f6b0-4074-8a9c-d0cf5bb47196
8317_0,618bf06a-2073-43e8-a89d-93ba46dc2dea
7873_0,f4911ad3-24d6-403b-b4ed-77d82bade2c4
8342_1,13fc1c77-af83-4de8-bdb9-9d9dfee48a75
8458_0,d3f789cd-05ea-4c79-8191-8e8555e58a7b
8313_0,9a63e3c3-1d70-4231-bbb3-a025623384b8
8664_0,363c3714-7ad7-408c-8827-dcf803920348
8550_1,6a324dc1-c457-4e59-a404-dc786496e519
9611_0,3e1fd33a-5b50-48bd-9a40-36cbebe643b3
8321_0,a555551c-3fbf-4608-840d-9912be4b089f
8525_0,d318b0f6-38ea-4609-8d76-3d75044c5e26
9400_0,8f93de4b-eba0-4433-ac08-a96e140dd0da
8414_0,61b239e0-4932-4cf5-be0f-29fbc3e8503f
8097_0,3d0fc0f6-76a3-429b-a33a-19d4b96e2057
10405_0,6c972524-91ac-4aab-8eb5-ee309e7d18b2
11178_0,14dd3ce5-de64-4711-8138-98af650e8c0f
8129_1,94914fca-9a29-438c-b7c3-e7b27a3dc05d
8395_1,937dc43a-8c81-4cf7-86ac-76fa473beae6
8209_0,240013df-6a59-43e7-997f-447c21492430
8295_0,d33fe3b6-bc23-4746-8914-2b4cfe395240
8410_0,ee77ef30-fd82-49af-80d6-65a1ca947e52
13091_0,517bc623-8281-4a25-9db8-7e29d437b237
8407_0,f2a73e76-8ca3-46b8-a72b-67ed5b3aa4d6
8323_0,51ca23c0-ade7-4502-aa57-3eea2da7855f
8657_1,06a0b7b8-82be-46f8-976f-91c5f67baca1
8294_i,447f8c0f-d100-4838-9ad3-bd9d172931b5
7961_1,a8c53cf5-1e9b-4077-8894-f7c97870a40d
8304_i,3719e97c-ea6d-4654-a54e-2e20534a9c3a
8927_0,2c69dee0-c397-43bb-802c-a31da84d787a
8303_0,943b224b-8dca-4d53-8dd8-08f33f693f40
8440_0,5aded4b7-008b-4522-8d9d-d0ef39bca481
9182_0,eb932653-b9d2-4b57-8821-44a518e5df16
13056_1,a7e2bc06-d943-4d97-b125-918f496ab6e9
10942_0,bfba14fc-c166-497f-9764-5ac6d06504d3
8428_0,e7f15cc4-a81e-4320-bd73-e6ac7834d13d
8174_1,ba7ba27a-f90c-4dd0-9413-63e9a138ee0c
10005_0,f352bddc-040e-4074-b23e-a7cc9589cb92
8663_0,c01864fe-1cbd-4721-bfbb-42eba693c9ff
8346_i,1f42e4cd-4f30-4022-9bb8-d6510416c377
8368_i,b1922f89-abfb-4a8a-b960-53ac88ef9db6
8390_i,5373a410-89cd-4a23-953d-129cbac5133c
9644_1,d8565137-67c4-4960-8bda-6ed50a3c586b
8859_1,73a2d5de-a92b-4888-84ce-9f076869248c
8400_i,0cd95ba3-1bd9-491e-ab31-96c25ce1215c
8905_0,4898d08c-50c3-4962-93de-bda3db614160
8426_i,f419514e-7c34-4c9e-a933-bf7fb67e0042
8328_0,188b4dca-c7f7-46ea-9955-7d1b44868cb1
8445_i,a1703ede-f71a-4dbb-92f4-112d095c7f64
8737_1,5d56abdd-03f1-48ec-89d3-6e7b5efa847d
8698_0,c9f05d65-e6fd-451b-beac-7f8b8ad9668e
8404_0,6b146098-cc0c-4067-9d59-491d15facd7b
8478_i,021f3853-b448-4614-b196-0b290f841618
8613_0,abbee7ce-cc2e-493e-9d67-122ca4051769
8351_0,f0191018-5a0c-4e4c-b02f-ab433801f6cb
8652_0,e9ea5329-0205-4b95-91a6-924bb79ab666
8948_1,39d62c24-184a-403e-8a12-7d419a0d5d5d
10752_0,2301fc62-bc6e-46a3-bd66-668e21e83344
8967_0,1261f100-1b80-472c-91a3-22af7e7ec944
8394_0,686385d9-dc41-443a-8074-2c6ad8d2e40c
8865_1,e511bb01-bd56-45c4-8885-f4ea67e719b7
8436_1,7832f2ff-3967-4bcd-b5c2-e10a36e510f6
8411_0,08750bfe-8394-496c-a330-20b763e3c6e9
8504_i,98dd3079-4b35-4a65-bf37-c6bef46b894c
8510_0,10ac5336-507a-43fb-8cda-4819aa1938a5
8385_1,b7024f7e-5890-4b5e-af36-fedfbb9fdf92
8534_0,e4bf4856-05b5-42c9-9153-fe74e034a74b
11440_0,1817f178-6a9f-47f3-8da7-815de39adb86
9748_0,6d10ca8b-1aaa-43a9-8c09-f6ec3b2cfafd
9787_0,24a06f5b-05a9-464c-b450-640a215ed203
8579_i,c8d69cbd-022d-4d1e-a939-9bcdb6067d1f
8594_i,a4d21d0a-917b-403c-b355-8022c8e9604c
8337_1,b2d293a5-c02f-4a2c-a3e7-66b33b7f14cd
8766_0,44d54baf-9277-40c3-ba6a-e07b50b1e470
8897_1,3c92f12e-bb49-4a2d-9ced-978cb1bd26eb
8422_0,15bd8df2-a5c4-4980-8f70-677e564d1c98
11134_1,93e83b6f-ae41-4e95-b56f-a722fb9b1354
8585_0,8a6fb4e3-61b8-4ae2-a09f-a79eb6a5a497
8832_1,f4e0290d-2d86-4985-a665-941bc71d6f7d
8185_1,ecedbc6a-d5c8-44f3-a3c7-c54639ae5477
9724_1,07170fa0-c909-4674-8efa-770543ed1766
8981_0,091b6519-4c2a-4e2c-991e-196d3a327dee
7755_1,2670a5a5-26f5-4244-b650-6186d14afad5
8667_0,0a1bc643-21ac-409c-bb19-d7becdc09885
8631_0,171e0cc2-0ba3-4ce0-9d85-e6bce59388ec
8718_0,0e9c5bad-04cd-430d-85e2-3d4361f33f35
9103_1,54fa463c-81a9-487d-a016-1bd7bfae82da
8710_0,c68c1641-c1b9-4b9f-a8a1-866c5b65fe01
8345_0,ed13d0cd-fb79-4e54-8a5f-89c1e89cdae1
8789_1,30e26928-f22b-4302-8958-11493c0e668d
8647_0,c5999f79-c4cf-433e-b82f-1b8607c6eefd
9207_1,74de5a9d-4dc4-46f0-8e94-8200657a57b1
9081_1,44e94cfd-b0a6-408c-a8bd-195f39eafd47
9385_1,d7e3581d-0fcf-450c-887e-42e516e54f7f
9085_1,f2257463-2bc1-44f6-9f02-802c5d2cacfb
8740_1,d471f73d-46b5-4f91-b174-dfffb02258ab
7787_1,65b93fdf-eec5-4a6b-9e20-eea99340bc34
8224_1,afd8bde6-1b13-46b1-8f13-3d3cc4643e82
10029_0,b731611d-ed6a-49a1-b678-d767748c0e39
8245_1,b2b1b5af-e68c-4c55-9261-1dfb229bd832
9747_0,464c283d-e6d8-4a6a-82d5-3126d501fb2f
10401_0,1d3079eb-aaab-4eef-9716-62563e2f90af
9197_1,266b2a92-49f8-4179-9c21-a3ccffc970da
8584_0,3cea0631-81eb-44d5-af45-d1f339774be2
8804_1,90b5d4f8-aea5-46d9-965a-fe0872c1adc4
9136_0,fda52c66-b47e-4d2e-81ec-e89eddd450fb
9026_0,5331be56-2fe1-4c5a-a257-08d7ff5c1268
9127_0,9bb06949-6405-4a01-b7ff-a36e5ddc42b6
8297_1,69663d4c-2456-47ff-a5a5-63c3ce215dff
9245_0,022eeced-e6d7-43de-83fb-dc4d2c589515
8654_0,19d25762-1415-464e-bf04-697a0f1843b5
7152_1,71e29cdd-358a-49c3-96c4-2900d5c8dff3
8643_1,7eaec72a-24ff-42a6-873e-414acf59a562
8738_0,86d729d0-11d5-428c-9256-3881191c57d4
8869_0,35cbbb40-dcfe-441e-8415-4ba403eef110
8933_1,4c9a8464-a4a0-4ab2-b7aa-b1e2b2bace2d
8745_1,ba04dbcb-cb69-45f5-a6d0-9cc6fc3659cf
8314_1,df91829a-6864-4ede-bb32-26c4a5a271c3
8857_0,8e3a689d-3f90-4672-98be-4adafdb75236
8587_0,78de6621-d353-4706-b10d-e67bf6ca0ca0
8609_1,f8798e64-b38c-48f3-8f23-12cb0bd5b1a7
9781_2,ae5ed071-ab96-4ebf-bd06-6962c1c8d47d
8618_0,7df15e14-b519-4a93-9b66-9c3ca7aad2b3
8658_1,9bb27d2e-b59c-46ae-b394-200c39dd3fa4
8431_0,ddc80ff6-f6fb-4adc-99e6-fd1a37200d54
8765_0,27e0ff51-d0ab-4578-8053-be5318f0cf41
8711_1,39c3e0a9-f2e4-46db-bc63-61dd8036c95e
8560_0,997a5c0a-4150-41db-9241-d56df2111728
8741_1,e1982358-e4e9-445f-b5b2-4c05337b0183
8879_0,bbaf9b75-cd09-49f6-b32d-80adaf740581
8818_0,dc7d10c2-f94e-45eb-a927-9410af11a93d
8703_1,32230dfe-095a-4c53-8526-525015cb6ec1
8697_0,e37f3928-699e-4796-ab0e-3c50c3fe8c35
8719_0,675b1811-b33b-49b2-91aa-922d2cf7e976
8709_0,c851f40a-6081-4f4b-8b25-5d05dff69915
9422_1,e9420b09-ba09-4ca7-a3a3-670f7142e6d7
10146_0,496ee38d-f947-4218-9c33-1762c04b2a96
8622_1,540159cc-2494-40f6-a858-a97b0b8bd634
9405_1,32e236b9-8d2c-47ec-8115-39d8854e90b6
9098_1,1199d292-4178-4b86-b320-a8ea1612f6d2
8397_1,bc9d9ac9-d6fc-443d-a3c2-c6567e46c3fa
8645_1,86ed30d7-d267-48fb-968e-9a04fdc61d25
8301_1,6e16b807-f6b0-4074-8a9c-d0cf5bb47196
8620_0,0d052c8c-69fc-4783-bea3-b8cd4b079d2f
8486_0,7f850154-b467-48b5-b809-571821b9c050
9199_0,94e1a305-c52b-4ef1-962b-d9140c47ceb0
8500_0,a22ece49-ddea-4486-b4c0-33765ced6660
8664_1,363c3714-7ad7-408c-8827-dcf803920348
8550_2,6a324dc1-c457-4e59-a404-dc786496e519
9611_1,3e1fd33a-5b50-48bd-9a40-36cbebe643b3
8802_0,2fa90f89-1495-4eae-a566-441799319dfd
8642_0,d7e9874e-7f34-4f88-929f-4921ddaba258
9400_1,8f93de4b-eba0-4433-ac08-a96e140dd0da
9930_0,ff3fc5bd-9aec-413c-b5c0-8c10f90fc8fe
8097_1,3d0fc0f6-76a3-429b-a33a-19d4b96e2057
10405_1,6c972524-91ac-4aab-8eb5-ee309e7d18b2
11178_1,14dd3ce5-de64-4711-8138-98af650e8c0f
8129_2,94914fca-9a29-438c-b7c3-e7b27a3dc05d
8395_2,937dc43a-8c81-4cf7-86ac-76fa473beae6
8544_0,240013df-6a59-43e7-997f-447c21492430
8694_0,58416f02-46a9-4614-8941-bfa6da535bb6
8410_1,ee77ef30-fd82-49af-80d6-65a1ca947e52
13091_1,517bc623-8281-4a25-9db8-7e29d437b237
8604_0,71611457-ed2b-4ab4-88c5-eae23025dd6a
8323_1,51ca23c0-ade7-4502-aa57-3eea2da7855f
8657_2,06a0b7b8-82be-46f8-976f-91c5f67baca1
8625_0,468e1317-828f-42f3-a5c8-2e548ebfa3c0
7961_2,a8c53cf5-1e9b-4077-8894-f7c97870a40d
8304_0,3719e97c-ea6d-4654-a54e-2e20534a9c3a
8927_1,2c69dee0-c397-43bb-802c-a31da84d787a
8406_0,a53ddf56-637c-463d-9628-49ac07b17772
8498_0,072c646a-cb0c-46c1-a109-b152c0559cda
9182_1,eb932653-b9d2-4b57-8821-44a518e5df16
13056_2,a7e2bc06-d943-4d97-b125-918f496ab6e9
10942_1,bfba14fc-c166-497f-9764-5ac6d06504d3
8428_1,e7f15cc4-a81e-4320-bd73-e6ac7834d13d
8416_0,2bd04bdb-2264-4193-bb6d-e0c3270ae05e
10005_1,f352bddc-040e-4074-b23e-a7cc9589cb92
8663_1,c01864fe-1cbd-4721-bfbb-42eba693c9ff
8946_0,1df0d150-2114-4ed9-9a4a-f4ea75579229
8368_0,b1922f89-abfb-4a8a-b960-53ac88ef9db6
9086_0,b6966c75-3471-4a5c-8619-0559cd16b5ae
9644_2,d8565137-67c4-4960-8bda-6ed50a3c586b
8859_2,73a2d5de-a92b-4888-84ce-9f076869248c
8686_0,bed7538c-9354-4f88-898b-f3503bb1ba3b
8905_1,4898d08c-50c3-4962-93de-bda3db614160
8426_0,f419514e-7c34-4c9e-a933-bf7fb67e0042
10032_0,82e6f0f9-7e9f-491d-bfa5-62ae1992d25f
8445_0,a1703ede-f71a-4dbb-92f4-112d095c7f64
8737_2,5d56abdd-03f1-48ec-89d3-6e7b5efa847d
8698_1,c9f05d65-e6fd-451b-beac-7f8b8ad9668e
8599_0,f5c45372-8b8a-44e5-8053-a7a184fc0382
8478_0,021f3853-b448-4614-b196-0b290f841618
8613_1,abbee7ce-cc2e-493e-9d67-122ca4051769
8351_1,f0191018-5a0c-4e4c-b02f-ab433801f6cb
8652_1,e9ea5329-0205-4b95-91a6-924bb79ab666
8948_2,39d62c24-184a-403e-8a12-7d419a0d5d5d
10752_1,2301fc62-bc6e-46a3-bd66-668e21e83344
8967_1,1261f100-1b80-472c-91a3-22af7e7ec944
8394_1,686385d9-dc41-443a-8074-2c6ad8d2e40c
8865_2,e511bb01-bd56-45c4-8885-f4ea67e719b7
8436_2,7832f2ff-3967-4bcd-b5c2-e10a36e510f6
8610_0,bd862311-3a10-4d90-93a4-86d7856d075a
8504_0,98dd3079-4b35-4a65-bf37-c6bef46b894c
8846_0,566cc511-8790-46b1-8a7c-2f7ee3a9fe49
8870_0,2b30411c-9237-4051-aa39-5e575b137877
8534_1,e4bf4856-05b5-42c9-9153-fe74e034a74b
8616_i,5f07df0a-c8d4-485e-a6d4-0af8a40ed754
11440_1,1817f178-6a9f-47f3-8da7-815de39adb86
9748_1,6d10ca8b-1aaa-43a9-8c09-f6ec3b2cfafd
9787_1,24a06f5b-05a9-464c-b450-640a215ed203
8668_i,e3f94fdd-50d8-4590-bd0b-68e4edc00820
8579_0,c8d69cbd-022d-4d1e-a939-9bcdb6067d1f
8693_i,ff4d6ad5-0275-42fc-a182-a7df01bb208b
8704_i,52bbdb2b-b71c-403d-9de0-599a1ab204b8
8725_0,3a45ea4b-075c-4d29-a76f-6a38794def99
8337_2,b2d293a5-c02f-4a2c-a3e7-66b33b7f14cd
8714_i,46618364-c173-4f7e-98ac-1b7a21e23335
8729_i,b997a4b0-1b53-460d-ad0e-3f10c31c9860
8766_1,44d54baf-9277-40c3-ba6a-e07b50b1e470
8897_2,3c92f12e-bb49-4a2d-9ced-978cb1bd26eb
9477_0,78d97480-4799-4130-a3d4-1bb00c697725
11134_2,93e83b6f-ae41-4e95-b56f-a722fb9b1354
8832_2,f4e0290d-2d86-4985-a665-941bc71d6f7d
8712_0,3dab001d-2450-4f71-b0c4-5663ca3b025b
9724_2,07170fa0-c909-4674-8efa-770543ed1766
8981_1,091b6519-4c2a-4e2c-991e-196d3a327dee
8891_0,cb49e3cd-16d6-42de-b3da-a21771125982
8667_1,0a1bc643-21ac-409c-bb19-d7becdc09885
10281_0,72328d74-1263-4200-92b0-0cef45cc0a55
8823_i,e0d4fef6-72fa-48d4-821c-349a0115df92
8814_0,98e1649c-75a2-4df5-9461-e39a186fb9eb
9103_2,54fa463c-81a9-487d-a016-1bd7bfae82da
8839_0,c68c1641-c1b9-4b9f-a8a1-866c5b65fe01
8673_0,a64ae777-2897-4280-9a43-062114d29d92
9633_0,30dd7dfc-fa26-4f6d-ac09-0c79da2d4ace
9092_0,f2381e5b-994f-456c-a277-09d5d9f76799
8872_i,ecc6db61-30a4-40f7-94a0-d52b908bd984
9207_2,74de5a9d-4dc4-46f0-8e94-8200657a57b1
9081_2,44e94cfd-b0a6-408c-a8bd-195f39eafd47
9385_2,d7e3581d-0fcf-450c-887e-42e516e54f7f
9085_2,f2257463-2bc1-44f6-9f02-802c5d2cacfb
8901_i,11e37f97-99a3-4551-abff-bc2d40cc7a64
8916_0,c0ac8a90-1a18-485d-9d1b-3c20378a52ee
9126_0,97edad5f-a50a-4ccc-be3d-3b5ef7dd12e2
8648_0,12687ddc-648f-4396-96ff-d00c5665543e
10029_1,b731611d-ed6a-49a1-b678-d767748c0e39
8912_i,89c5bc8f-3eed-4907-9cd6-500ebc4b91e5
8629_0,cc897173-d796-44ad-93b1-a05d422f59d9
9747_1,464c283d-e6d8-4a6a-82d5-3126d501fb2f
10401_1,1d3079eb-aaab-4eef-9716-62563e2f90af
9197_2,266b2a92-49f8-4179-9c21-a3ccffc970da
9017_0,11803b4f-85f3-4c8b-9768-d8c76b4f5d62
8873_0,90b5d4f8-aea5-46d9-965a-fe0872c1adc4
9136_1,fda52c66-b47e-4d2e-81ec-e89eddd450fb
9026_1,5331be56-2fe1-4c5a-a257-08d7ff5c1268
9127_1,9bb06949-6405-4a01-b7ff-a36e5ddc42b6
9215_0,69663d4c-2456-47ff-a5a5-63c3ce215dff
9245_1,022eeced-e6d7-43de-83fb-dc4d2c589515
9034_0,d3a2d271-e267-4778-8158-7a4ba18fac93
9001_i,0268bc36-ec03-4942-be53-0560f6ddb4da
8941_0,2be5df85-cbf9-4e23-9ef4-83bdc0b499ed
9130_0,80982a14-dabc-4ed7-ab0a-977c9c76d7bb
9665_0,827e65d8-fbda-40e1-ae77-482441d02b0f
8933_2,4c9a8464-a4a0-4ab2-b7aa-b1e2b2bace2d
8745_2,ba04dbcb-cb69-45f5-a6d0-9cc6fc3659cf
8783_0,7b7324df-f559-4a62-ac36-6cccebc1b80c
9072_i,5505a456-6300-4bb8-9fbd-6aa966470331
8857_1,8e3a689d-3f90-4672-98be-4adafdb75236
8934_0,4b6454d6-c9ac-4a1e-96ae-5c640ab2a079
9310_0,0e04598c-9a46-4819-90fd-38a44c83223e
9781_3,ae5ed071-ab96-4ebf-bd06-6962c1c8d47d
9208_0,b249ddfb-0a59-48f4-a9b9-82b052a9857b
8658_2,9bb27d2e-b59c-46ae-b394-200c39dd3fa4
9151_0,9faa3cd2-f8b1-45e3-b3fc-fc1fbe04cdba
9093_0,323850f5-265f-4bfb-8b0b-c1c8e1df76b8
9683_0,68d35960-7797-4120-857f-7a18ff6c9f21
8560_1,997a5c0a-4150-41db-9241-d56df2111728
9193_0,2d6d66bc-adbc-46e1-b01e-2004335754e3
9157_0,c28af06e-22df-4848-9ea5-bd2eb1d22305
9084_0,6889b3a2-4121-4e8e-bdc4-8cc1433c4f4c
10364_0,1e4fb57c-9bb7-4c95-8c44-eb6472717d4a
9790_0,6bb4351f-0bce-4249-92ac-f81c555072f9
9228_0,70980366-85bd-4f9b-b7ee-85d1e340fe1e
9147_0,48e009de-b71e-47e0-92a6-95c5537ba960
9422_2,e9420b09-ba09-4ca7-a3a3-670f7142e6d7
10146_1,496ee38d-f947-4218-9c33-1762c04b2a96
9188_i,93193984-ec1e-4cc5-b20c-8fe2971a9baf
9196_i,1a0813dc-1cab-4d39-83bd-f792893a7415
9742_0,be1790c8-3f12-48ad-a2a7-e60c418b96ab
9405_2,32e236b9-8d2c-47ec-8115-39d8854e90b6
9098_2,1199d292-4178-4b86-b320-a8ea1612f6d2
9357_0,be5e1ac7-4e4c-4222-9625-4c68a3b2c1f5
9036_0,757193d3-4aa6-457f-9975-9e32386da34e
9254_0,f13bb4c0-ecc6-48af-88ce-7fe9d58ddd86
9249_0,0d052c8c-69fc-4783-bea3-b8cd4b079d2f
9240_i,a941e502-71e8-4c42-b945-db7bd0326e7e
10341_0,18934a62-1b7a-4c51-bbc4-7c50f7aef7ce
10757_0,ab6c0084-c537-4d86-946c-0e87d9bbcca4
9189_0,b6147d32-e6db-4e64-a63e-3d5bfe78917b
9259_i,a495b273-0ec5-4669-9ae1-bf1df93aa65f
9522_0,d65597d0-c360-436e-a0e0-155f6665ed30
9264_i,f921fd8a-8990-4dc1-bfae-0c91fa97ddb4
9611_2,3e1fd33a-5b50-48bd-9a40-36cbebe643b3
9318_0,2280c7b2-b306-40b9-a9c7-475afcc4b8e1
9288_0,38b91312-6e5a-4c83-a64e-e0d2e30e1c01
9400_2,8f93de4b-eba0-4433-ac08-a96e140dd0da
9930_1,ff3fc5bd-9aec-413c-b5c0-8c10f90fc8fe
9997_0,def346be-bacc-4dba-a48f-6837c339797e
9291_i,8ed15828-03af-4bbe-af69-d8ba5e72c35e
10405_2,6c972524-91ac-4aab-8eb5-ee309e7d18b2
11178_2,14dd3ce5-de64-4711-8138-98af650e8c0f
9769_0,0c374d0e-a380-4423-bc87-15651b6afb0d
9295_i,9f706237-1487-4dfc-b1eb-608552fcf495
10204_0,63552544-c9f1-41d0-9f03-e677615f2c65
9250_0,51eb2884-6f47-4022-a075-64120140dc6c
10324_0,cc3506f4-639b-4c85-8333-2cc19f2ab7f8
13091_2,517bc623-8281-4a25-9db8-7e29d437b237
9461_0,7e916b38-6dcc-4ed5-9131-612728ec0538
9312_0,51ca23c0-ade7-4502-aa57-3eea2da7855f
10041_0,07fc3eb8-bcc2-4a67-b6c3-f11b68f28af3
9252_0,468e1317-828f-42f3-a5c8-2e548ebfa3c0
8932_0,98f8e47f-67c1-4345-aa5c-4d1c2238d467
9364_0,65d0948b-5b00-499a-9e83-7de8e442822e
9445_0,d9242837-e933-430b-b059-0c1e1a5dd0b0
9319_0,66048aa6-3de0-4213-be32-5de65d10e9a3
10550_0,5bd18b50-f0ea-4f64-9c9c-dbb808719a7e
13056_3,a7e2bc06-d943-4d97-b125-918f496ab6e9
10942_2,bfba14fc-c166-497f-9764-5ac6d06504d3
9473_0,208efa5e-c9a7-4df1-8266-20aebac7683c
9443_0,c7db1875-29db-4cd0-b7e4-0bbd2ce420cb
10005_2,f352bddc-040e-4074-b23e-a7cc9589cb92
8939_0,96523911-9b7c-4e65-8546-93cce4386a16
9962_0,203d1dbf-0fd9-4848-a8e0-540dbd6f3f8e
13229_0,043d75b6-ebfe-4868-8d51-ec5ea7fffc29
9693_0,b6966c75-3471-4a5c-8619-0559cd16b5ae
9644_3,d8565137-67c4-4960-8bda-6ed50a3c586b
9413_0,47838795-023e-450c-bb65-bb6267c3a798
9256_0,c3750809-f576-4a3c-a595-89ef7c8fe927
9756_0,0ce73d7b-206e-49a6-b197-4d7b71dbc1b9
9659_0,64fe8b5e-7888-4c00-bb2e-e32eeecf8d3e
10032_1,82e6f0f9-7e9f-491d-bfa5-62ae1992d25f
9551_0,ab921323-5e70-4052-86e4-f0d76f0e1593
9485_0,5d56abdd-03f1-48ec-89d3-6e7b5efa847d
11796_0,309924fb-d801-4dde-9654-2a941de2b9de
9397_i,9aea117e-e708-4db8-bfcb-dc5ba1d6e89f
10183_0,07ff14f6-97ce-49df-89e8-5f85a89c432d
9401_i,67567d14-7250-492b-802e-84fe4d3a950b
9983_0,a7f71f26-00d8-43d2-8107-19190ec070cf
8613_2,abbee7ce-cc2e-493e-9d67-122ca4051769
9392_0,fb360795-236b-4c19-be4e-d990ddbdd204
12239_0,37e0dacb-9b7a-400f-acaa-e8fb0c24a08b
9420_i,1515e748-e15f-44f3-8999-5cec5afcb4e9
9594_0,39d62c24-184a-403e-8a12-7d419a0d5d5d
10752_2,2301fc62-bc6e-46a3-bd66-668e21e83344
9687_0,b08f4a5d-e23d-452f-87b4-2a82683b1db8
9437_0,07bca56f-7cd9-4d0a-a70f-e766e8b9bf5c
10035_0,b9499ab4-31c3-449e-a1b4-4e1f7527b5b9
8619_0,b119ec6d-9719-4f9a-9efc-d26cbb730f0b
9587_0,4b8d021e-594a-45b7-b3f9-7542ac69ffc7
8504_1,98dd3079-4b35-4a65-bf37-c6bef46b894c
10509_0,0ac48024-4ab4-44e3-92b9-4ebb47165ac3
10058_0,e201add7-186b-4c94-8bb9-98ab32e1929b
9453_i,b7ca2b34-923e-4822-8fe7-f531b2238a1e
9498_0,35d9076a-d7e4-4bcd-a6d1-7b0976ddf63c
10065_0,7668fa79-37b2-4474-92be-eea6505a9346
11440_2,1817f178-6a9f-47f3-8da7-815de39adb86
9748_2,6d10ca8b-1aaa-43a9-8c09-f6ec3b2cfafd
9491_i,2d0d87a4-f2e7-4daf-a0ed-616c52167fff
9787_2,24a06f5b-05a9-464c-b450-640a215ed203
9436_0,0d3c3038-3ff6-4424-83ff-ee6369a1347d
9501_i,34ba89d6-f4db-4ab0-8742-a1f9e9389ca9
9504_i,e0deab29-e4bd-4164-a3bd-d1d5bbc88eef
8986_0,e2cb37b7-5ab0-420c-96c1-565db1959c2a
9567_0,e6a499d6-32e1-4d21-9dcd-0ac62cbce601
9517_0,ba856eb2-3120-4a03-b7b9-3330927cfef1
9375_0,e2ca2d46-1979-4c97-a314-692eca38dfd5
10167_0,2b5cf312-3cc7-437c-a209-0f16537b1526
9650_0,25887c8c-72a1-41ed-abb4-3e9515914754
9560_0,0cdd3cd5-3efa-42c3-b02c-1229b82f55dd
10819_0,ff8276de-f6f7-472b-910b-6f496723f59c
10363_0,d6415d26-74f7-48c5-99f7-27a9109ab8c7
11134_3,93e83b6f-ae41-4e95-b56f-a722fb9b1354
9574_i,1e4bcf8b-a215-4fd2-bfa0-cfecf2d4d9fe
10431_0,9dfb5e3d-1fbd-4eb7-9f4a-ac21a628178e
9724_3,07170fa0-c909-4674-8efa-770543ed1766
9958_0,d1be7a6e-d654-45ba-a8ef-94c841743f49
9470_0,2670a5a5-26f5-4244-b650-6186d14afad5
8667_2,0a1bc643-21ac-409c-bb19-d7becdc09885
10281_1,72328d74-1263-4200-92b0-0cef45cc0a55
9784_0,a991d80d-34d3-4be9-a4ec-bec40f9a88f3
9649_0,98e1649c-75a2-4df5-9461-e39a186fb9eb
9103_3,54fa463c-81a9-487d-a016-1bd7bfae82da
9624_i,9d1e6f36-cf8e-485c-8c27-154cdb3406c1
9627_i,00a9edb3-3639-48fc-9f59-c018c29a95ea
9634_i,af70ea51-6122-4531-bb91-9676a141461a
9638_i,daf7d3ee-706c-4323-a693-8a92c2f4a0c6
10314_0,9bc1a26f-2b67-4b78-8253-faa039b027da
9633_1,30dd7dfc-fa26-4f6d-ac09-0c79da2d4ace
9658_i,07170fa0-c909-4674-8efa-770543ed1766
9726_0,c36b55c3-b236-429a-9fe8-fb9f732d0d79
9833_0,ecb6cd30-2958-4707-9793-557c25326249
9207_3,74de5a9d-4dc4-46f0-8e94-8200657a57b1
10017_0,319d72ba-1e71-42db-9990-fe5fed795814
9722_0,83598413-ec18-426b-94c6-0463b0a6136d
10379_0,f48d8fff-6f0e-4750-81bb-9723f0cff633
9676_i,48c14604-4ba0-44f3-860e-fe8bbeaea238
9861_0,747a870d-0cee-4bde-bc4c-b0d37558ac2c
9044_0,beff80b2-d2ea-4928-a2d6-a2d7ed4133de
10029_2,b731611d-ed6a-49a1-b678-d767748c0e39
9771_0,104a2867-8166-440d-986d-3f9fafb40298
9926_0,cc897173-d796-44ad-93b1-a05d422f59d9
9747_2,464c283d-e6d8-4a6a-82d5-3126d501fb2f
10401_2,1d3079eb-aaab-4eef-9716-62563e2f90af
11280_0,f2696e41-848d-47f4-9a1f-b7f36e24e600
9867_0,349b1ffb-76ef-4353-ac02-0c28cbb97f7d
9990_0,bc9b4861-3668-4217-99ca-52cfc9e90b26
9835_0,d44187d2-0e92-4cb6-b50c-ed5b2d79c2ed
9615_0,508763f9-1686-4bf2-917a-d3dac41433a2
10228_0,f4999a1f-1c55-4ce0-b04f-c9576dbeea4f
9847_0,69663d4c-2456-47ff-a5a5-63c3ce215dff
9663_0,d87d0fd6-bd16-42d2-a1c9-1229b0e97fe2
9678_0,5940c6e8-8305-4390-b6b9-77e428e8b097
9752_0,9e8ad6a3-b8ac-4308-bfe3-da359a314391
9758_0,ddb8bd55-56c7-4e8a-8715-cf0968ab295f
11060_0,18255ed4-64e1-469a-8d41-490d718b141e
9665_1,827e65d8-fbda-40e1-ae77-482441d02b0f
9642_0,42b5ac7c-45a1-4e27-a404-6e6bcb20882f
10142_0,10ffb24d-6df1-48f9-9d5d-ce12236013c8
9844_0,dee817c6-a48b-43c0-8377-1099dbadf858
9965_0,24e6dcab-4df0-4b80-8390-60e9d638f2fa
10224_0,4f05cb7d-0129-4acd-b65b-be9ac052d91d
9812_0,160daaec-e0b1-4c38-afa1-79a5e3443d80
9870_i,b12c3485-705c-4dba-9aa5-856510538826
10350_0,d50b609d-913b-4a55-9df0-8ed65498faf8
10111_0,80c8e2cf-a8d9-4380-8939-fedc65af03aa
9908_0,1f0d8d3a-abc5-48e4-8e52-f400bd2113f3
8560_2,997a5c0a-4150-41db-9241-d56df2111728
9816_0,2d6d66bc-adbc-46e1-b01e-2004335754e3
9943_0,52c28ae0-1db9-4f25-a226-fd3c886d4fb8
9799_0,8047b228-fce2-46a6-b201-9f497ed99294
10364_1,1e4fb57c-9bb7-4c95-8c44-eb6472717d4a
10015_0,dbdee97b-1f78-4df7-bdc7-973f4b7ce7f3
10100_0,f0d4a8fa-4e55-4352-adc9-19c5cdfb4c1a
10265_0,25696913-582c-458f-8a78-63c692f3e76f
10146_2,496ee38d-f947-4218-9c33-1762c04b2a96
9993_0,29f3f975-c799-4960-928f-84f317114fa4
9942_i,1fcaa782-241b-455f-8049-7b563cc0dee6
10318_0,3a0e11b1-fdc4-490c-82ad-ac6182ea25d0
9984_0,8803d80c-dba7-4b39-a453-bd7e1d48b54d
9405_3,32e236b9-8d2c-47ec-8115-39d8854e90b6
9960_i,942b9fde-757e-4e72-a76b-417d3063026a
9961_i,e55c535e-42bf-4c3f-bd2c-a629400a6020
9854_0,fd99bc7e-39ec-4401-9232-9114341acfb1
10332_0,be5e1ac7-4e4c-4222-9625-4c68a3b2c1f5
10226_0,1043250c-64c4-4173-b441-bdeb0c0c6057
12574_0,517fbd00-6d75-4383-8131-f35c0e398d0b
10121_0,0d052c8c-69fc-4783-bea3-b8cd4b079d2f
9970_0,efc41c30-f6e1-4d8c-aaac-6de04a70aaa0
10341_1,18934a62-1b7a-4c51-bbc4-7c50f7aef7ce
9998_i,6cfa6be5-dde1-4148-b295-c7f3cdcc10a1
10757_1,ab6c0084-c537-4d86-946c-0e87d9bbcca4
9460_0,45d6f501-0d9f-42b8-85da-eedb4fe0fd87
9895_0,e2462386-ee2b-4810-8953-cf583c863622
10269_0,69c2846e-4313-4cd5-bd4b-6ba2df8b844a
10519_0,e1238ac5-41d1-4b7a-aace-eaa4ab30bab2
12634_0,576f9186-4757-43b9-8c66-4b8f9aa86de3
10988_0,f20682a5-5fc4-4612-8210-4f8ebf20a794
9849_0,f18d6941-6e09-46a0-bb34-adf3ef55a520
9853_0,3e532a6a-2532-4a1d-8470-9bf2fd6f560c
9930_2,ff3fc5bd-9aec-413c-b5c0-8c10f90fc8fe
10024_0,1b4d3b2a-46dd-4135-b839-bae8fefb095f
10031_0,09fdc5d3-4dee-4440-b67e-2e01a0af1585
10405_3,6c972524-91ac-4aab-8eb5-ee309e7d18b2
11178_3,14dd3ce5-de64-4711-8138-98af650e8c0f
9769_1,0c374d0e-a380-4423-bc87-15651b6afb0d
10116_0,2305eef6-9473-49e5-b304-1a3edca3dcab
10204_1,63552544-c9f1-41d0-9f03-e677615f2c65
10259_0,36ccea9a-3127-461e-85ff-6c4f3490da6a
10051_i,f28ace85-31ed-41c1-ba58-a3effae336b6
10324_1,cc3506f4-639b-4c85-8333-2cc19f2ab7f8
13091_3,517bc623-8281-4a25-9db8-7e29d437b237
10007_0,fb1c9d0c-c6c2-4207-8cb6-225ee68086b5
10145_0,f82f637c-18cc-47a7-92b5-fe1348eb4f82
10041_1,07fc3eb8-bcc2-4a67-b6c3-f11b68f28af3
10068_i,de38dc82-1241-4b41-866e-e9015fdbf770
12098_0,31ca40d1-c76e-4f9b-a16f-8192fdd17408
10241_0,40d5c39d-ecb0-4c80-a375-6a08f5d3d320
10125_0,45cfd197-8bd6-4018-a32f-e9c18d3be8bc
10550_1,5bd18b50-f0ea-4f64-9c9c-dbb808719a7e
13056_4,a7e2bc06-d943-4d97-b125-918f496ab6e9
10942_3,bfba14fc-c166-497f-9764-5ac6d06504d3
10113_0,c78067f7-0460-4d57-93df-798cc46815af
10091_i,c645ff65-0059-4f27-b4d1-ee848959c569
12697_0,eddfe6ac-31b1-4640-9dd9-e06461fa4b35
10005_3,f352bddc-040e-4074-b23e-a7cc9589cb92
9954_0,ea05aaff-36f7-40a7-9d5d-cde4c64c5470
10922_0,5ac5ab81-c538-4fde-b53e-d14f4ffd8214
13229_1,043d75b6-ebfe-4868-8d51-ec5ea7fffc29
10107_i,c7a52390-adf4-4779-94a5-90a1aa3fd235
10042_0,b6966c75-3471-4a5c-8619-0559cd16b5ae
12130_0,1dfc5af4-bcbb-441d-87ca-dabf33687cd1
10694_0,c626af36-a1f2-4899-a4aa-f0dbec428e68
10110_0,b2d65815-cae6-40eb-a60f-bd0a70feaba1
9659_1,64fe8b5e-7888-4c00-bb2e-e32eeecf8d3e
10857_0,d1f5729a-40fa-4507-8bec-cacbd3fd5407
12122_0,741bed4c-df0c-4d9f-ba2d-b91146d108c5
10450_0,7248c04b-156e-4a8a-b28c-73a40b7d12d9
11796_1,309924fb-d801-4dde-9654-2a941de2b9de
10183_1,07ff14f6-97ce-49df-89e8-5f85a89c432d
10591_0,4ecce557-b364-48e6-a5be-dd5b3249efcc
11453_0,2f210d4b-900d-4cc5-b9d5-557e7de32dee
10267_0,fb360795-236b-4c19-be4e-d990ddbdd204
12239_1,37e0dacb-9b7a-400f-acaa-e8fb0c24a08b
10190_0,a2326522-9b06-41b8-9c78-4db792d700e6
10088_0,a84ddf13-66b5-4a4c-8a7e-5fac9fb2ea84
10752_3,2301fc62-bc6e-46a3-bd66-668e21e83344
10134_0,d1b98281-a543-4b67-84c0-213dc2707b90
10851_0,08fa67e4-656e-4cec-8672-1b68bbbbc0b5
10035_1,b9499ab4-31c3-449e-a1b4-4e1f7527b5b9
9657_0,2977d98e-e6fe-4123-be2f-9546e69eb943
8504_2,98dd3079-4b35-4a65-bf37-c6bef46b894c
10509_1,0ac48024-4ab4-44e3-92b9-4ebb47165ac3
10214_i,a3235122-ed3d-4502-a2bc-f39bb5aa1f3c
10362_0,e201add7-186b-4c94-8bb9-98ab32e1929b
10475_0,0094f17c-df95-4486-b8f7-a9f41e2961dc
10398_0,c29bd323-fdb2-4df0-a3ba-a44bee66437a
10211_0,9a0bba21-d6f1-4854-b269-26e8a3de2642
11440_3,1817f178-6a9f-47f3-8da7-815de39adb86
10148_0,6d10ca8b-1aaa-43a9-8c09-f6ec3b2cfafd
9999_0,d76d2bd6-95e4-4e27-a0de-91aedb014e04
10037_0,a968c238-bcc3-4e71-8d96-1e7719d57460
9436_1,0d3c3038-3ff6-4424-83ff-ee6369a1347d
10665_0,6ce6841f-c018-4dca-918e-f2c5d6d5102e
10311_0,e0deab29-e4bd-4164-a3bd-d1d5bbc88eef
11011_0,e7a00af4-71c5-4cca-bf78-9786819feb4e
10420_0,4893c280-3221-443d-a5e6-04e35bd632f5
10059_0,e2ca2d46-1979-4c97-a314-692eca38dfd5
10167_1,2b5cf312-3cc7-437c-a209-0f16537b1526
12335_0,6c38f659-9191-4be9-a807-44ff905279c8
10777_0,8c3047bd-24fa-47ae-a823-ed52d236f1b9
10819_1,ff8276de-f6f7-472b-910b-6f496723f59c
10363_1,d6415d26-74f7-48c5-99f7-27a9109ab8c7
11134_4,93e83b6f-ae41-4e95-b56f-a722fb9b1354
10284_0,debd193c-3c37-4fa8-8964-e54a8976182a
10431_1,9dfb5e3d-1fbd-4eb7-9f4a-ac21a628178e
10456_0,4b09aa87-94bd-4eeb-bff3-607e31782ba5
10408_0,98242ac1-b5e8-48bc-a0af-1757ef1a5bd9
11109_0,ff264b13-2621-45d5-8ba6-70ea62280a87
10359_i,b47a2b1d-6208-4f7d-b472-089c6ba493ec
10261_0,468245ac-e646-4307-93f2-73a8436951d5
10355_0,2c82e8f9-d2bf-4e56-ab78-73ce3db7415f
10514_0,87b3b433-0346-4ef8-8b8b-557983e42ed8
10481_0,26392917-6c81-48a8-85c0-86a0e833eda7
10795_0,24e68776-3ba6-44cd-8878-925ceb8da6d1
10911_0,054c6848-6fab-46ea-b837-d3eae4cd662f
12592_0,f8e160ad-0d97-4dfd-8305-826289b4b379
10422_0,9cf748c1-cff8-4e5d-b9cb-6d0deba3a416
10314_1,9bc1a26f-2b67-4b78-8253-faa039b027da
11769_0,c64a5db5-b499-4a50-b519-40409b933237
10644_0,5bc4e5a1-84c6-4f7b-9c35-ad1b18cc93af
11054_0,998923cb-2b1a-408c-a780-eb6f721db789
11535_0,f6045bae-82ed-4fd1-b50f-29450b26b64c
10596_0,45f65d2c-4e8c-4e17-94b8-bac489ab6325
10768_0,690eb893-8f4f-4d76-be37-7ae032705063
10623_0,451261dd-1c9d-4650-9baf-bbee037ac207
10143_0,7daee02d-12c7-4214-be91-8028c7264fe1
10629_0,9e9604bc-21b3-43de-8f8d-230d82c8dc00
10197_0,e189fc52-a69a-4650-bbba-30bed4928fd1
12142_0,1ee9cfb8-4d7f-4b04-afd2-06ae8f81e799
10494_0,57e230be-6661-4e6c-afdd-ae64997bad49
11280_1,f2696e41-848d-47f4-9a1f-b7f36e24e600
10822_0,0214fb54-2bbd-4a4c-a066-efdb7b4ae248
12083_0,6cfe87e7-85b7-4670-b024-1341cca7b8a9
10793_0,702caa99-5f7e-496c-b7ca-5c5944459dcd
11051_0,398c41f7-45af-497f-a44b-96185e1f658c
11984_0,b905b4c1-a2eb-4a27-adbb-e32f89f1ca92
10501_i,70c89ab6-6547-46fc-b693-8b459f737dc8
10805_0,424b1456-903d-4582-b3cf-76766f0d5042
10535_i,12706898-e910-4e87-9362-54c6b2f7e1c7
10692_0,9e8ad6a3-b8ac-4308-bfe3-da359a314391
11238_0,50aa3a10-0bdf-4c61-8373-25a331d6d2f8
10556_i,86cbaa5c-a965-4bf7-a99b-2e6f5c5fd56b
11060_1,18255ed4-64e1-469a-8d41-490d718b141e
10658_0,ba23bd23-7cb6-4319-b2d3-a74960ab1438
11840_0,ce04bec7-31b0-4fb4-a78a-92f71661dcac
11093_0,c6916c52-aa89-4a48-855e-58affe89dd9d
10185_0,1d972840-e158-4cd2-9218-03c12cf1d411
10686_i,b42b2eb1-4230-4410-a7d5-b98b46db6855
10279_0,987c8dac-cc9a-4c6a-b69c-efa0c85693d2
11754_0,160daaec-e0b1-4c38-afa1-79a5e3443d80
10863_0,9c2ac911-85d9-4d31-ba7a-ce096beabe84
10589_0,333d90ac-43a9-4c5f-875f-1718841cea30
11920_0,c8d24dfc-5f53-4c12-9726-7aa59d67a970
10734_0,d1c9576d-d3f0-4f1a-8596-9d794ad53e38
8560_3,997a5c0a-4150-41db-9241-d56df2111728
10971_0,2d6d66bc-adbc-46e1-b01e-2004335754e3
10790_0,5d28ce28-92b3-4a54-b56f-e5572a82d6cb
10810_0,405c1686-4ad3-40a0-8e1b-cd79e5623a2a
11071_0,b22ba2a9-733e-4a26-bda7-33c9ce1b82bf
10592_0,444502a4-aea9-4724-9696-507755c6586d
10944_0,d53ef5fc-ad0b-499e-ba3d-05b2483422bb
10901_0,5d816c66-52b2-42a1-b455-5e45a4970b1b
11248_0,6baf9076-dec5-46ae-a732-8a0977051209
10750_0,0cd12ba6-55df-4ac7-b57e-1e4c741efac8
10994_0,9b943b65-9572-4227-8f98-79ee31bbe1e0
10789_0,5a872d65-1f30-4364-a6ff-4d271d45d6a2
11394_0,895e3341-0253-4e7a-adb3-671b164e8c20
9405_4,32e236b9-8d2c-47ec-8115-39d8854e90b6
10745_0,6e2e3ab1-9f7d-4e2a-874d-c0c672fecfba
10730_0,0d2ac354-3d68-4b74-931a-2cac7177f6a1
10536_0,866659b1-b453-4a6c-b746-00ec768fb3e9
10811_0,be5e1ac7-4e4c-4222-9625-4c68a3b2c1f5
11353_0,9329fb64-c9c4-4248-8189-431249b079b2
12574_1,517fbd00-6d75-4383-8131-f35c0e398d0b
11260_0,804357a5-89a5-437e-9cb3-d5aa4ed2c65a
10969_0,065ad95c-5e8e-4f26-b91c-06a6f14172f0
10776_0,c0b9ca9b-1513-411d-abcb-e2aa917cf506
10757_2,ab6c0084-c537-4d86-946c-0e87d9bbcca4
10773_0,7d0a8aa7-98a3-4f39-b709-994f0ad6f89e
10993_0,17d49fa6-cea0-442c-936a-ac3b45bc57a3
11113_0,49e1db14-6eaf-4ff5-bd56-83fca4a8d848
10519_1,e1238ac5-41d1-4b7a-aace-eaa4ab30bab2
12634_1,576f9186-4757-43b9-8c66-4b8f9aa86de3
10988_1,f20682a5-5fc4-4612-8210-4f8ebf20a794
11321_0,1c83b5ca-7535-407e-84f7-ade48d0236f6
10986_0,b1573ca7-2b2d-4120-9a3b-9208ff37f2b7
11237_0,1b4d3b2a-46dd-4135-b839-bae8fefb095f
11493_0,3e63f3e8-0851-4109-a24e-87d05c740ae6
10830_0,45087957-e8a3-4e6a-b937-c228275c48a6
10916_i,d9f81415-3b6d-4b6f-a205-cc98f7f2598e
11178_4,14dd3ce5-de64-4711-8138-98af650e8c0f
10965_0,7667810d-d3d5-4824-994c-a226c3e1ed40
11025_0,005a8621-2e30-43a2-a91f-d106f5a47b77
10204_2,63552544-c9f1-41d0-9f03-e677615f2c65
11180_0,0fa149a4-4880-454a-8780-45fa46c24f31
10879_0,62461ffd-d50e-471d-8dec-8ae539bd1b43
13091_4,517bc623-8281-4a25-9db8-7e29d437b237
10979_0,0f404aad-e71a-4a30-ab05-1b170994bfbf
11023_0,df313128-906b-4866-a4d4-ab2e72313807
11098_0,06f74a7d-1d1b-4ea9-946e-20233e6804bc
11527_0,64f8f7f6-8eaf-43d4-a97e-d047325c3204
10973_i,5dd0586c-6c41-4e27-af58-166565ef3eaa
12098_1,31ca40d1-c76e-4f9b-a16f-8192fdd17408
11095_0,142e6c2d-e258-40c3-a72e-3767cbe4a72b
10983_0,10ec99c2-d46a-4ee8-b549-a7f8c852f1fe
13056_5,a7e2bc06-d943-4d97-b125-918f496ab6e9
10996_0,8cfab00a-5db1-40ed-933c-1c136ae81293
10964_0,3d8689e8-5d43-4259-87c3-e54da67547eb
12697_1,eddfe6ac-31b1-4640-9dd9-e06461fa4b35
11345_0,aa980d12-7c35-42be-b2a2-57630787303e
12653_0,30802989-8044-4ae1-94c3-4487dae6ff5d
13229_2,043d75b6-ebfe-4868-8d51-ec5ea7fffc29
11645_0,2252355f-2d8c-4d2b-ba6d-f422bfe02624
10791_0,6d914ec9-2fe7-40de-9294-6b67f82fe3d9
12130_1,1dfc5af4-bcbb-441d-87ca-dabf33687cd1
11081_0,03ed292c-a308-43b7-bead-fd4358caf503
11506_0,9e8dbba0-a509-40fe-aa4e-d970a17f2d39
11730_0,2f24a9d6-858a-41ee-b1ee-1f4500092fb2
12122_1,741bed4c-df0c-4d9f-ba2d-b91146d108c5
11796_2,309924fb-d801-4dde-9654-2a941de2b9de
12149_0,1a1712f1-b4de-4429-892e-fcad4566e3a1
10882_0,c0708fa9-aa1c-4fa1-86f4-85c576d32502
11453_1,2f210d4b-900d-4cc5-b9d5-557e7de32dee
11376_0,db1c93de-cbc8-4c2b-b787-05861b29867b
12239_2,37e0dacb-9b7a-400f-acaa-e8fb0c24a08b
11030_0,a2326522-9b06-41b8-9c78-4db792d700e6
11397_0,e9f3c8e9-4dc6-4f78-8852-c6e43989f493
11301_0,1da2ba50-4112-4b71-a622-6b4536c9f0b1
10851_1,08fa67e4-656e-4cec-8672-1b68bbbbc0b5
11483_0,331528ec-f39e-4494-9414-1919fd01ee47
11721_0,b5cdccf1-8edf-4db2-befb-3b7e676ba1d9
12165_0,89649d80-e1da-4607-8d6a-49a4f2001a0f
11013_0,4cd09743-466d-4583-a999-f21672206edc
11201_0,d0b7a20a-776a-412d-8d3f-2601d6e853b6
12880_0,585fa773-914d-45ca-9c92-603e69dc4d9c
11173_0,eb53657b-e046-4111-b283-9aa795277e3f
11118_0,583227a7-f9a8-427c-9506-ebd1a6599397
11440_4,1817f178-6a9f-47f3-8da7-815de39adb86
10868_0,6d10ca8b-1aaa-43a9-8c09-f6ec3b2cfafd
12479_0,d211c317-59d8-4994-90d3-ae8fae6e69f6
11037_0,c4e59d04-724e-4a32-913b-bd370c62c100
10997_0,c1d56c8b-07cd-4ad3-98e9-bae286b64eb2
11115_0,e0deab29-e4bd-4164-a3bd-d1d5bbc88eef
11011_1,e7a00af4-71c5-4cca-bf78-9786819feb4e
11614_0,e7e8b44a-62b7-4c10-8de6-198ad0ef1c50
12335_1,6c38f659-9191-4be9-a807-44ff905279c8
12106_0,a2be50e3-640c-4cec-b157-9b4f94b70dd6
11134_5,93e83b6f-ae41-4e95-b56f-a722fb9b1354
11382_0,a23971b2-cff0-4429-be24-e562c5a7249f
11625_0,8ef6be1b-cb97-4227-ab41-40d6283cc8b3
11273_0,9437ee38-214f-4b50-9d25-90f8dfdceada
11635_0,d49022fd-85b8-45f2-ada0-80456d610fea
11165_0,ff264b13-2621-45d5-8ba6-70ea62280a87
12286_0,7a206d79-2c86-491b-ab21-f0f0a0bd3629
12103_0,47293bff-5442-47aa-b856-0ab33cc15aaf
11407_0,415346fc-f948-445a-82b1-9c4fd577eb59
11202_0,c690c796-9a91-4b70-a268-e9f1ad5c7e23
11015_0,4904fa5e-da4e-4af8-b57c-540e09e4dba8
11902_0,054c6848-6fab-46ea-b837-d3eae4cd662f
12592_1,f8e160ad-0d97-4dfd-8305-826289b4b379
11287_0,6360b2f3-b8b3-4b80-99c4-ee1cc164d611
11284_i,3271601d-5d90-49d9-9b5d-f97eb9882c2e
11769_1,c64a5db5-b499-4a50-b519-40409b933237
11334_0,f3bbe168-36e9-4d64-93a8-8c291cd8149e
11054_1,998923cb-2b1a-408c-a780-eb6f721db789
11535_1,f6045bae-82ed-4fd1-b50f-29450b26b64c
11426_0,65134371-24e2-4416-a6e5-4afe088d985d
11599_0,b072033e-a8c3-4429-a596-aae96bba7872
11344_0,e480ed30-e563-42a7-b30d-02fa2f4f771b
11240_0,8d9ac2ea-fab5-444c-9d24-5bea8cde1829
10844_0,b0822993-deba-46c3-b18d-3885d0df85e2
11822_0,1df77526-9a14-4ba9-897c-8de2b9d774e5
12142_1,1ee9cfb8-4d7f-4b04-afd2-06ae8f81e799
11732_0,50a7a5ea-f45f-4975-a6e4-1a13c4f592da
12855_0,11cb539f-8e97-410c-baca-e38457310a9c
11617_0,0214fb54-2bbd-4a4c-a066-efdb7b4ae248
12083_1,6cfe87e7-85b7-4670-b024-1341cca7b8a9
10793_1,702caa99-5f7e-496c-b7ca-5c5944459dcd
11373_i,fa7cb8ba-9761-4fc2-b35a-0f323ef596ea
12202_0,f5af40ed-fbab-4e2d-aec5-ce545bf37f66
11984_1,b905b4c1-a2eb-4a27-adbb-e32f89f1ca92
11412_i,86c34190-197f-4463-a900-c2d7a5ac38b0
11465_0,d9c20b36-b9ea-4cc1-b051-ad7f046d6d2a
11035_0,995453ca-a011-4562-8f75-d3acb521d78b
11763_0,6f551adb-9860-4cc7-80e9-802c028b081f
11421_0,3b2fad76-52f3-4ecb-987e-f53343007123
11878_0,42cf81f9-ea14-437f-8366-656fcc266178
11447_i,77c9d5f1-d9a4-40e5-830b-c107a5c68046
11930_0,18255ed4-64e1-469a-8d41-490d718b141e
11515_0,612c31b5-bc80-419a-b804-54bdce6e9867
11840_1,ce04bec7-31b0-4fb4-a78a-92f71661dcac
11508_i,e14f9e51-757b-415e-ba9c-926e1f8b2853
11816_0,a5317600-2926-4a6b-adae-7de629eea89f
11860_0,f9deb941-72bf-42e7-98ea-164ef63c96d7
11571_0,d07b19dd-8717-4771-9005-97c8fd94c46c
12055_0,e0507271-845b-48d0-b537-aa207764b25e
11754_1,160daaec-e0b1-4c38-afa1-79a5e3443d80
12136_0,7280ecf7-6a04-4d2c-bfb4-82da457a0a0d
11566_0,f0e6f9d9-31d5-40cd-b92d-f264e6b83f6d
11920_1,c8d24dfc-5f53-4c12-9726-7aa59d67a970
11558_0,426d995a-7071-46f5-aa64-e8f7eafbb49f
12199_0,329e9b37-2a49-417f-954b-274b56b016e9
11771_0,9627c244-bbe4-46c8-b3f8-7a9a7f726c77
11844_0,cb91d074-03b3-4e16-a2bb-af5697ed02ba
13199_0,1f8a3575-aa27-4a43-8775-8bb520312290
11985_0,c970c8e7-0c43-4477-a1bb-b5fe736161b1
11654_0,c2e35a70-6033-4a51-aaa5-9e136ef47b98
11468_0,681d9b93-a7cd-4c98-ba81-2675b536500a
11261_0,db58f6db-4ef6-40e9-a869-d85132bfabc7
10886_0,6c9a8d69-ee2e-4074-a723-6fce832354ee
11662_0,9b943b65-9572-4227-8f98-79ee31bbe1e0
12454_0,2b0b711d-5546-4e2a-9853-3a719d728841
11572_0,14bda87f-2c2e-417a-8a15-95c226bd0585
12226_0,f21767de-c713-44c6-ac19-e23772d4f786
11739_0,6c856588-80bf-440a-adf1-a819bc42399f
12677_0,f65b2210-084f-4e8b-a01a-314b46718e0f
11668_0,045ea146-bc70-4733-afcb-4685dd064c9e
11353_1,9329fb64-c9c4-4248-8189-431249b079b2
12574_2,517fbd00-6d75-4383-8131-f35c0e398d0b
12744_0,79ae7e91-8ebe-4e1b-a255-6959ee31da2b
12198_0,065ad95c-5e8e-4f26-b91c-06a6f14172f0
11664_i,2dacca84-9cdf-469b-8cda-c592ae2b635b
11783_0,b04fc3ad-b7e7-4ea4-a19d-25c5dcddc068
11363_0,3daa411c-334c-4060-b0a2-95f8c804841f
12377_0,89f24620-23bb-45a9-9699-08ed85ae2c90
12206_0,194c46e0-6c46-48d5-8b5f-26e87713941c
12634_2,576f9186-4757-43b9-8c66-4b8f9aa86de3
12230_0,90584f0b-a3ba-4064-893d-48370343272b
14441_0,e46161a7-7d9e-431c-8900-a413e217b5b6
12139_0,159ea865-ca87-4466-98a5-be90a6f05b7c
11567_0,ebd71634-1b26-4bac-9392-3884a0485d3e
11727_0,d9f81415-3b6d-4b6f-a205-cc98f7f2598e
11767_0,7667810d-d3d5-4824-994c-a226c3e1ed40
12620_0,a14f176e-63f5-4b57-801c-f1841cb4b3a0
11446_0,29cd6c8e-086f-4b92-98e5-c8a6387a1256
11708_0,8f556fae-8134-41ae-aba2-18337bf18469
13091_5,517bc623-8281-4a25-9db8-7e29d437b237
11746_0,a8c8298e-bbb6-416e-8212-0975e6485f72
11750_0,f00afa61-d9e8-481b-9ecd-2baca1a0eb18
12760_0,06f74a7d-1d1b-4ea9-946e-20233e6804bc
11641_0,776804a1-24db-4b70-83ec-2f8773c67513
12091_0,8210d2b5-81a2-4b97-ac88-787e7a430455
12098_2,31ca40d1-c76e-4f9b-a16f-8192fdd17408
12084_0,06561ab6-5328-4a4d-875f-1bbfd6e845b1
11780_0,d310428b-8c03-4b46-9224-a68c13220db5
13056_6,a7e2bc06-d943-4d97-b125-918f496ab6e9
10996_1,8cfab00a-5db1-40ed-933c-1c136ae81293
12138_0,dc067f00-e673-46f4-a62e-994385387cb7
12697_2,eddfe6ac-31b1-4640-9dd9-e06461fa4b35
13905_0,1288711d-21e0-46a5-af6a-5d8cd08fe5fe
12653_1,30802989-8044-4ae1-94c3-4487dae6ff5d
13229_3,043d75b6-ebfe-4868-8d51-ec5ea7fffc29
11958_0,0df76a90-425d-45a2-8ddd-cce47a94dd7a
11993_0,b556ad61-aeaf-483c-ada8-b4bee8c36ba9
12130_2,1dfc5af4-bcbb-441d-87ca-dabf33687cd1
12231_0,5369d3d3-0ce9-4d29-ae66-a4c150177fd8
11775_0,2bb1d6bd-d6ec-4b4c-ba05-94c852caecaf
12942_0,e12b1e9b-9d96-49d1-a8de-338ea33a47aa
12122_2,741bed4c-df0c-4d9f-ba2d-b91146d108c5
11796_3,309924fb-d801-4dde-9654-2a941de2b9de
12149_1,1a1712f1-b4de-4429-892e-fcad4566e3a1
11899_0,c0708fa9-aa1c-4fa1-86f4-85c576d32502
11970_0,983f89c7-9a92-4b2c-9b70-10f384d94c92
11962_0,db1c93de-cbc8-4c2b-b787-05861b29867b
12239_3,37e0dacb-9b7a-400f-acaa-e8fb0c24a08b
12067_0,91a2740d-85ec-4d2f-b49d-25319f50267c
12767_0,4290c09d-7335-4e82-9b4d-c76c061a6f74
12674_0,b19af615-0f7e-4a44-8a45-bfb63897f616
11978_0,bba73154-0e2c-45dd-ba26-36e627e92a38
11741_0,331528ec-f39e-4494-9414-1919fd01ee47
11721_1,b5cdccf1-8edf-4db2-befb-3b7e676ba1d9
12165_1,89649d80-e1da-4607-8d6a-49a4f2001a0f
12504_0,4cd09743-466d-4583-a999-f21672206edc
12293_0,d0b7a20a-776a-412d-8d3f-2601d6e853b6
12880_1,585fa773-914d-45ca-9c92-603e69dc4d9c
11950_0,be6649f1-18e8-4f68-8a67-2e2ef7dee44c
12540_0,392ee809-f0d6-4291-b099-992a267d794a
11440_5,1817f178-6a9f-47f3-8da7-815de39adb86
12205_0,d1315c70-a69b-4715-afcb-a2c302d063c4
12479_1,d211c317-59d8-4994-90d3-ae8fae6e69f6
11037_1,c4e59d04-724e-4a32-913b-bd370c62c100
12076_0,81e16e1e-874f-405b-ac0b-be35adf4a79b
11595_0,a810478e-780b-4d0f-9289-84f36b28348d
11969_0,a4f4d3ad-a6d3-4773-a2e4-3ee50d467311
12335_2,6c38f659-9191-4be9-a807-44ff905279c8
12106_1,a2be50e3-640c-4cec-b157-9b4f94b70dd6
11134_6,93e83b6f-ae41-4e95-b56f-a722fb9b1354
12066_0,08ae6bef-f0ab-45c8-8637-113a8e0181d9
14003_0,f70bd770-eb9e-4d2f-af11-9f4d7df76a98
11286_0,e69a591a-faa0-47cf-980e-cc5c08ac1947
13782_0,a55a296f-ec74-4c8f-bae8-f921c6fc139e
12145_0,ff264b13-2621-45d5-8ba6-70ea62280a87
12286_1,7a206d79-2c86-491b-ab21-f0f0a0bd3629
12103_1,47293bff-5442-47aa-b856-0ab33cc15aaf
12044_i,87589e0a-4508-4d4f-920c-a7744bc98501
11938_0,58070a07-f19c-472e-adfe-2ca182aebdd4
12913_0,5c659ff1-cc24-4a05-87b7-b1db2fffe2d4
12328_0,41aca7bb-e4c7-4396-a48c-e3258d2ad62e
11913_0,488b49c8-758f-4ed8-824f-8f29c0f15801
12592_2,f8e160ad-0d97-4dfd-8305-826289b4b379
12588_0,725eda05-3882-46d6-88a8-5d94b4d4daef
12078_i,cdbd6318-59e6-4ca8-81df-570efa18913e
11764_0,905c9974-1b3f-4056-a616-da1554af219f
12208_0,c4859127-2f45-47cd-a2c2-fdc277b58066
11334_1,f3bbe168-36e9-4d64-93a8-8c291cd8149e
12929_0,c9578df6-d924-4f91-9581-4ccb7ab1a74b
12077_0,f5be76ef-59f5-4cf3-807c-80016a978ad7
12089_0,2c45d86f-b78c-4078-ab63-6f3d6551c9fc
12142_2,1ee9cfb8-4d7f-4b04-afd2-06ae8f81e799
12229_0,fc6cf8a2-6ef8-4aa1-9fa0-39328871173b
12855_1,11cb539f-8e97-410c-baca-e38457310a9c
12188_0,1fc8d2fe-89fa-4243-a826-87caed86a179
12147_0,6cfe87e7-85b7-4670-b024-1341cca7b8a9
12162_0,2a1e1123-5a05-4255-9664-e495c93034e5
12425_0,6400ee3d-3685-43e7-b76a-a47e24ca08df
12202_1,f5af40ed-fbab-4e2d-aec5-ce545bf37f66
11984_2,b905b4c1-a2eb-4a27-adbb-e32f89f1ca92
12417_0,d2164635-acb8-462b-a3a5-cfdb0ab22352
12237_i,06e451fb-36a2-403d-9927-033b1180ce69
12371_0,138a9a2a-3f72-4699-8866-20558483deb6
12581_0,50357ca0-5795-4a23-8704-e5f717ebf236
12233_0,3b2fad76-52f3-4ecb-987e-f53343007123
12605_0,7de7e09f-a18d-4f0b-ad4c-fab21894b738
12054_0,31b87ae8-b6d8-42eb-8c8c-5ffde7cc73ce
11930_1,18255ed4-64e1-469a-8d41-490d718b141e
12301_0,3d98d972-dc4f-4308-80f4-ce79f1cedd0c
11840_2,ce04bec7-31b0-4fb4-a78a-92f71661dcac
11626_0,6047430f-b08e-45bc-9a2f-0bcb110401be
12346_i,5d13236d-dec2-461a-abee-2af5a9b7c272
11816_1,a5317600-2926-4a6b-adae-7de629eea89f
12340_0,573d8e27-248f-469c-887e-32e6afaa67f7
11905_0,07388205-cc6f-4c8b-a818-d4d3e6be6f71
12402_0,9a3435b3-0da3-443f-9c01-81d5211db9c0
12915_0,b4e21000-6ce0-4953-bcf4-b905f14d3487
12667_0,aa780b83-516c-408f-bccd-d4d906ba27dd
12320_0,e8a8aff5-2048-4b0e-bd1e-52ef2743b6d4
12603_0,be767c19-5238-4cde-ac6b-6bd6cbb95302
12492_0,9627c244-bbe4-46c8-b3f8-7a9a7f726c77
13375_0,19850550-510a-4363-af7f-27999c02f0c5
13199_1,1f8a3575-aa27-4a43-8775-8bb520312290
12258_0,1f61f924-5c15-45bc-9a5a-49a738b0476d
12577_0,ba77dade-f60c-458e-854b-454f86c68b99
12610_0,656a1227-801d-4824-902c-8ae390491619
12441_0,b3c82d43-0673-459f-ad08-db29bb1b798b
12366_0,64e0b783-2b13-402d-8659-dd0223cac782
12454_1,2b0b711d-5546-4e2a-9853-3a719d728841
12405_0,14bda87f-2c2e-417a-8a15-95c226bd0585
12933_0,4c6ce311-bb1f-44e0-8b1e-66662a5c6de4
12694_0,c5691ea6-a568-4f7a-9a13-ea3b5e177a54
12677_1,f65b2210-084f-4e8b-a01a-314b46718e0f
12529_0,01ac4789-f791-4593-a901-089153175c96
12619_0,716b4b17-babe-4ff6-83de-820af22d87c8
12574_3,517fbd00-6d75-4383-8131-f35c0e398d0b
12744_1,79ae7e91-8ebe-4e1b-a255-6959ee31da2b
13872_0,dc5437c0-7970-4dbc-86bc-81e07451b66c
12790_0,77549eff-9779-4092-b33f-be0ec2d3fcc7
12533_0,e90f553e-afcc-49b8-8e03-754139f3fffb
13952_0,3c30adb9-5cb2-4a00-9f43-d30b30bd6c9b
12377_1,89f24620-23bb-45a9-9699-08ed85ae2c90
12705_0,96e1134e-5206-485f-959b-8e4e67745da5
12634_3,576f9186-4757-43b9-8c66-4b8f9aa86de3
12373_0,90584f0b-a3ba-4064-893d-48370343272b
14441_1,e46161a7-7d9e-431c-8900-a413e217b5b6
12510_0,613982b4-9cc5-4148-895d-4f6dbd63ac06
12791_0,d7b3ee1b-428b-4d4d-8cde-a882afca752d
13675_0,df295043-7d93-466c-b162-6c1f45030cc1
14119_0,4d003632-acd9-47be-8958-93eb89e325d4
12620_1,a14f176e-63f5-4b57-801c-f1841cb4b3a0
13091_6,517bc623-8281-4a25-9db8-7e29d437b237
12589_0,a8c8298e-bbb6-416e-8212-0975e6485f72
12760_1,06f74a7d-1d1b-4ea9-946e-20233e6804bc
12820_0,898d3924-bb83-4e86-9236-3552f18a793e
12194_0,95e3c30c-2dcc-4f51-ad75-8737edab59f3
13681_0,6618933d-21ac-406a-8766-5fd0d5db7315
12703_0,c2ee742c-60b8-4f7a-8b2e-35f3395c80bf
13056_7,a7e2bc06-d943-4d97-b125-918f496ab6e9
12138_1,dc067f00-e673-46f4-a62e-994385387cb7
12697_3,eddfe6ac-31b1-4640-9dd9-e06461fa4b35
13905_1,1288711d-21e0-46a5-af6a-5d8cd08fe5fe
12653_2,30802989-8044-4ae1-94c3-4487dae6ff5d
13229_4,043d75b6-ebfe-4868-8d51-ec5ea7fffc29
12708_0,4784983e-1074-43d3-b30f-025e673d5a3c
13263_0,9a13f887-6e32-42c9-bda3-ec4356524703
12888_0,656a3db0-f026-4f8f-9c48-fd800a688197
12630_0,439b9a30-344f-4541-adbc-062da99930e1
12942_1,e12b1e9b-9d96-49d1-a8de-338ea33a47aa
12659_0,741bed4c-df0c-4d9f-ba2d-b91146d108c5
13162_0,f4064b8c-4ca9-4726-b21d-ce5830318834
13301_0,c75055a1-a847-4522-8f02-f5ca8fa4d66f
12762_0,91a2740d-85ec-4d2f-b49d-25319f50267c
12767_1,4290c09d-7335-4e82-9b4d-c76c061a6f74
12674_1,b19af615-0f7e-4a44-8a45-bfb63897f616
13742_0,033f45f8-c75a-4ffa-9b97-a97d70bc98a0
12753_0,314c62a3-b0ed-47f4-8826-14ade9374706
13429_0,72542e92-e628-4b2c-891f-0b7b33e24103
13387_0,2d2bf211-3c5f-4234-b1e0-1ea9dc5ff772
12880_2,585fa773-914d-45ca-9c92-603e69dc4d9c
13343_0,73a678ee-72b9-4932-b64f-83c2f7a25571
13658_0,ba5116a8-19b2-4a86-95a8-e7d9e4bc9c41
12953_0,6d10ca8b-1aaa-43a9-8c09-f6ec3b2cfafd
12487_0,24d7161d-2db2-4963-b491-d1f16b076d23
11037_2,c4e59d04-724e-4a32-913b-bd370c62c100
12505_0,e0deab29-e4bd-4164-a3bd-d1d5bbc88eef
13859_0,5323af7e-e17d-4ad7-9b9b-43fc1fc7f018
12858_0,9a289e96-aeb1-4250-b19f-76767c87587a
12861_i,8ca3dcb3-7a80-4ec6-8c03-2170a60b7dac
13630_0,a5c9a037-a42b-4a78-a0bb-a3e625e26b01
12881_0,75dc5f17-bce7-4936-9151-acf89d194b0e
14003_1,f70bd770-eb9e-4d2f-af11-9f4d7df76a98
13280_0,9437ee38-214f-4b50-9d25-90f8dfdceada
13782_1,a55a296f-ec74-4c8f-bae8-f921c6fc139e
12897_i,f97a9ab8-9fd8-40c2-ae51-789e90693787
13230_0,22875ca1-79bc-4959-b58d-a62be6470734
12678_0,97b65476-f575-4e44-b47c-60a58eeeca70
12901_i,c854d4aa-54a8-40f5-8318-0e857e05065e
12957_0,98ad4ef1-3f83-4aea-8df4-d3fb268c1570
12954_0,bb439851-39b4-42eb-885d-a2e5941f056b
13087_0,73d7410f-de5b-4513-b0ca-b79ac1dfb7a1
12913_1,5c659ff1-cc24-4a05-87b7-b1db2fffe2d4
12940_0,10edd32f-1fd6-4588-b7f5-128314d25754
13098_0,4f3ca39e-8016-44e5-9aad-33219eddded9
13256_0,7dece63e-4c89-4a36-8f8f-42854e782a12
13184_0,06d92aa9-c76d-42f3-99d0-43be3233c696
13504_0,46d63b46-5780-48ff-ac05-1608e82d0dce
12929_1,c9578df6-d924-4f91-9581-4ccb7ab1a74b
13816_0,288768cf-f4ce-41e6-8ccc-1699fd6f6a11
13881_0,04a04719-32dd-4e9d-b1e0-b29dd4114557
12975_0,c1020b11-781f-439e-9957-ae5bfddc2ea9
13042_0,1fc8d2fe-89fa-4243-a826-87caed86a179
13344_0,0c196f4e-aab3-419a-a9b6-d0292e8abdf1
13077_0,6400ee3d-3685-43e7-b76a-a47e24ca08df
13747_0,4611ddc6-129d-42da-b895-c521a72e2d9e
12885_0,d2164635-acb8-462b-a3a5-cfdb0ab22352
13041_0,37359715-2097-40ac-9e0c-c9c1a527c665
13349_0,f7edf0b4-df22-4945-a6cf-c3561fb17345
13134_0,a2933458-bb10-4500-a70d-cfb324d4503e
13334_0,de95309b-2ecb-46c5-ac9b-f51c14935ef1
13290_0,f241cb96-e6b6-4962-b9f9-ac0bbdb5ebbf
12781_0,6db6c807-3114-4dca-b7b3-112be2d34450
13314_0,ae525eca-e8af-4f85-984f-4d8e9956b0ca
13666_0,07730564-7fb6-4b89-85dd-d0432e59f5c0
13261_0,5d13236d-dec2-461a-abee-2af5a9b7c272
11816_2,a5317600-2926-4a6b-adae-7de629eea89f
13867_0,4296a93d-2cd1-432d-bca2-35ff381e367d
11905_1,07388205-cc6f-4c8b-a818-d4d3e6be6f71
14306_0,b4e21000-6ce0-4953-bcf4-b905f14d3487
13207_0,56e9bb08-fd2a-4362-83f8-825e51c72fb0
13529_0,c7686d84-d648-4d6c-bb1d-82614779273d
13354_0,7f1af352-9766-4540-b092-2a65eaed611f
13375_1,19850550-510a-4363-af7f-27999c02f0c5
13235_0,6f227383-960e-4e5a-a3a1-cb7a6a2a5f49
13550_0,f407abd8-fa1b-4a61-baf1-745204199afc
13629_0,6d806f6e-5763-4958-b5a3-28f0b5691149
13391_0,565d88c6-9bf2-449c-a70f-18376a00adda
14023_0,b40c023a-01dc-4379-ac73-661ed4108704
13499_0,0fd23688-3b08-4998-a4fc-3e50bb81c365
12677_2,f65b2210-084f-4e8b-a01a-314b46718e0f
13413_0,045ea146-bc70-4733-afcb-4685dd064c9e
13735_0,f1fcfd48-5325-4f2a-897c-3a72a526ea9f
13872_1,dc5437c0-7970-4dbc-86bc-81e07451b66c
13299_0,de3defb8-a25f-4be7-ac4f-c887486d413c
13890_0,55a16d6c-5277-4516-b2e3-7bb4e4e0d4d8
13952_1,3c30adb9-5cb2-4a00-9f43-d30b30bd6c9b
13453_0,7745f450-c97d-4145-b876-984a14de66f9
13762_0,576f9186-4757-43b9-8c66-4b8f9aa86de3
14148_0,06464624-17df-4e31-b05c-ca7a0e307a50
14441_2,e46161a7-7d9e-431c-8900-a413e217b5b6
12948_0,8fb26a47-6524-4da8-829f-3abe881efa57
14061_0,bd72b33c-6552-432f-a374-1e1fa2aa6de1
13675_1,df295043-7d93-466c-b162-6c1f45030cc1
14119_1,4d003632-acd9-47be-8958-93eb89e325d4
13689_0,4b123334-82fc-4d04-a045-f6d0ec875b5a
14587_0,16cc9212-067f-4963-8716-6715375d521d
13466_0,9e893dab-b794-4339-af72-df296b890b9a
14227_0,c426bab3-21fe-4666-99db-46d88cc10e83
13681_1,6618933d-21ac-406a-8766-5fd0d5db7315
13384_0,50f2c8e2-fc04-4097-932a-7134549bd173
14133_0,57b0c07c-c600-4c02-a23d-fe02cf8ef714
13905_2,1288711d-21e0-46a5-af6a-5d8cd08fe5fe
13596_0,5eec19ff-d74d-4031-8186-7374eee3d76e
13229_5,043d75b6-ebfe-4868-8d51-ec5ea7fffc29
13722_0,0e5fd785-c896-4ec9-b3f8-f6feca6f392c
13623_0,644b0f65-3016-4ede-b87e-ab0e8145bc10
13577_0,f06ae6a6-0a28-4810-abeb-6294ff40baf0
14106_0,d14298c7-a860-46d1-a7fc-8b60c2140423
13719_0,a1cc4d41-8893-4d01-a3c5-acc5d1212050
13809_0,33173e7b-d834-4b8f-9a1d-8b6ce907e6b3
13740_0,28103e2f-c66b-429f-a097-d9982d2a8c32
13742_1,033f45f8-c75a-4ffa-9b97-a97d70bc98a0
12753_1,314c62a3-b0ed-47f4-8826-14ade9374706
13463_0,60f625bc-7774-4d87-8a6e-e275f5e6973c
14145_0,e4d646e1-cf71-4ffa-b95f-23a1928e4337
13728_0,1fb4afe3-335c-42da-987a-73c99f67b559
13751_0,73a678ee-72b9-4932-b64f-83c2f7a25571
13658_1,ba5116a8-19b2-4a86-95a8-e7d9e4bc9c41
13552_0,4d39a45c-1223-46d4-a00e-52caa80f5d8c
13638_0,c4e59d04-724e-4a32-913b-bd370c62c100
12505_1,e0deab29-e4bd-4164-a3bd-d1d5bbc88eef
13859_1,5323af7e-e17d-4ad7-9b9b-43fc1fc7f018
14585_0,9a289e96-aeb1-4250-b19f-76767c87587a
13646_0,13360de9-4bae-42ea-a4a8-52233b8c93c1
13630_1,a5c9a037-a42b-4a78-a0bb-a3e625e26b01
14003_2,f70bd770-eb9e-4d2f-af11-9f4d7df76a98
13702_0,4b09aa87-94bd-4eeb-bff3-607e31782ba5
13782_2,a55a296f-ec74-4c8f-bae8-f921c6fc139e
14240_0,1f33302f-23b8-4f0c-99ce-f2e84dcf35d9
13610_0,661d69a5-de8d-4edf-a150-dc114d5e9158
13687_0,35f07b4a-2361-4e41-9c2d-e1ce4f8819c5
13581_0,b8a04c72-591a-4e16-9bea-3bee6c1d7837
13604_0,c6899ce0-8ffe-47c2-9242-5807cbf2e981
13714_0,9b37f7d4-7e5c-4c49-850a-460def2ed67b
13585_0,d64ab391-b40d-46c1-a43f-cfd322892c6f
13730_i,9ffc6618-3c72-4378-aa1b-d66968067033
13417_0,98999c23-09dc-48e2-ae9b-04ce9a4e698b
13993_0,4f3ca39e-8016-44e5-9aad-33219eddded9
13775_0,0d786666-04f5-4ce5-b208-689777fea0ac
13686_0,5ad939f2-28df-4994-a94c-c2fb72741ae5
13816_1,288768cf-f4ce-41e6-8ccc-1699fd6f6a11
13881_1,04a04719-32dd-4e9d-b1e0-b29dd4114557
13077_1,6400ee3d-3685-43e7-b76a-a47e24ca08df
14042_0,237409b1-072c-417f-a674-92ca8b927bc4
13891_i,c857f12e-5b5c-446d-bbe5-68322092eb8c
13964_0,fe64b6b5-6633-4576-aed8-a6ffa145b014
14850_0,4248504e-a801-48e4-a9fc-1bd7bf6b37ed
13970_0,f63863a2-8fb3-42a6-99e8-67e60f7111e9
14259_0,eced3a09-d52c-4982-86da-efaa764da37b
14111_0,5d13236d-dec2-461a-abee-2af5a9b7c272
14036_0,378ebb53-7d3a-432d-8ca6-b650b51ddcf2
14348_0,86981756-0cf8-4d73-8774-12fcadb4a51c
14306_1,b4e21000-6ce0-4953-bcf4-b905f14d3487
13906_0,6e905a52-7826-4da3-8946-0dad51033824
14126_0,c036d3c0-39a7-470c-94b3-6b543ce70694
14768_0,6d806f6e-5763-4958-b5a3-28f0b5691149
14105_i,266d6cec-7de5-4f4c-8a30-600d826e813f
14608_0,9566dee4-f681-4f3c-a1c3-8e73e1a6ce1d
14023_1,b40c023a-01dc-4379-ac73-661ed4108704
14143_0,44f685d5-9c47-48e9-a1b8-5d4506b244c8
14157_0,b821cb44-38c0-4357-bc2e-f8308824e3ee
14497_0,f1fcfd48-5325-4f2a-897c-3a72a526ea9f
13872_2,dc5437c0-7970-4dbc-86bc-81e07451b66c
13890_1,55a16d6c-5277-4516-b2e3-7bb4e4e0d4d8
13900_0,28b60ce1-0a0b-4fef-a801-c1459078b6a1
14441_3,e46161a7-7d9e-431c-8900-a413e217b5b6
13870_0,df295043-7d93-466c-b162-6c1f45030cc1
14125_0,7d27f6ab-c174-4e8e-af98-910b5d8bbe19
14587_1,16cc9212-067f-4963-8716-6715375d521d
14227_1,c426bab3-21fe-4666-99db-46d88cc10e83
14133_1,57b0c07c-c600-4c02-a23d-fe02cf8ef714
14283_0,d4894343-1261-41eb-aa79-8e3ad01c8491
14692_0,d53ee400-f76d-4e15-9b75-1162317e96eb
13623_1,644b0f65-3016-4ede-b87e-ab0e8145bc10
14640_0,78fa79c5-b4ec-4dce-b2b7-0fd91e75d050
14470_0,dbaad42f-441e-4dc2-97af-3cedff1765e1
14438_i,c88bebfa-e421-4113-964c-fe640e551c10
14011_0,977b8979-e252-4249-929f-21fb8f6998c3
14358_0,e4d646e1-cf71-4ffa-b95f-23a1928e4337
13638_1,c4e59d04-724e-4a32-913b-bd370c62c100
14585_1,9a289e96-aeb1-4250-b19f-76767c87587a
14616_0,f955626c-6611-487b-a5ac-41678a8702f8
14813_0,bac2d2be-7e86-4f37-b2ca-8e22b01c0594
14553_0,1f33302f-23b8-4f0c-99ce-f2e84dcf35d9
14638_0,57de8c3e-6024-4650-9cda-73d7f6e7f953
14613_0,bcea1620-059c-4fbb-978c-88c920b4059a
14683_0,27858e09-f3ac-49f7-8334-b88d26587ed6
14923_0,23ac12af-cbd0-4262-bc38-5740f2d04374
14850_1,4248504e-a801-48e4-a9fc-1bd7bf6b37ed
