6122_i,1a7befe9-b214-457a-ad69-24d01d47f290
6123_i,d37e8ce7-e3d0-4bfe-bbe2-85e01077f75b
6126_i,27617d72-5cf5-411f-b30d-e3cee551f1dc
6127_i,a2fdf17c-1b01-48fc-93c2-ff772de7cacf
6128_i,d7c8591f-2a5a-418e-aaef-14b8e7a6aa69
6129_i,2d710f96-09e5-44f7-87d9-150b0cc1f940
6132_i,b6c764ef-0537-4260-b986-84d47f2db481
6137_i,d8e011c3-69e2-4956-aae8-be07c48cacb7
6140_i,bbf0b725-d451-4220-8422-97557ed56bc1
6143_i,c184b305-c562-48ce-9ff2-0dfae4f33fcf
6145_i,b226a491-926b-4268-b4c9-58ee6b3b5a1b
6147_i,31145b49-d408-48c4-a01e-845910f07730
6150_i,3dedc391-cf66-42e5-84dc-3f80f3c084c2
6154_i,8718573d-c096-4fce-a2d7-67f3e5bb23eb
6155_i,341a355c-d01b-438c-8f4a-c6a5b2814cdc
6157_i,b70b8e14-4972-4bff-bddb-a4b61d950531
6158_i,d92ad7e3-38a5-4cb6-b38b-87e937105448
6164_i,85ba73ff-b0ee-4705-be86-46e2d14bab1f
6174_i,79929034-9123-4822-95ef-7679bbbd9c3e
6207_i,360c5742-90dd-46a4-accf-352efa9b1fc8
6218_i,7ff4e67c-a550-423b-a50f-786a6e682abc
6224_i,05faa408-4ab0-4f3a-844d-24c9fc32cb9f
6226_i,a7f14a26-8c8b-4a34-986c-65db7f7915c0
6232_i,0f0ae0b6-1b99-42a1-954f-e3bab72f3191
6238_i,ec865512-e684-4e6f-95c5-20c5c49f55a0
6253_i,b4000f9d-079b-4f92-b97b-d14d947f2448
6262_i,1ae468a4-a9f1-443f-bd84-7d435382c5d9
6266_i,f6c2e681-e817-4424-846b-b0b976fb47ec
6269_i,c0417371-bf27-48d8-b1dd-1ba8505ef611
6280_i,ddb3560f-9d92-433a-a676-760397eca6a8
6295_i,f9c83a8a-277c-459d-9cec-08f513c25d22
6299_i,44451022-9790-4278-a5ca-7348d101c0d3
6301_i,ac581a57-7da1-4f8e-8dcc-beee6473fb2e
6305_i,38df5653-59c9-443f-bbb6-499758f43440
6307_i,61f338ec-8223-4053-853e-d9925350c2ba
6316_i,f18e3136-4758-45a2-a62b-ac82c9bcd29d
6337_i,b4445cfb-3b3a-44ff-b94d-704fcbcbc7a3
6340_i,6a4bb334-619a-4353-b74c-2eb79b844fbf
6344_i,a19dd616-57fa-4fd7-a8f5-dc9980460194
6375_i,5cec4ebe-af2f-4c68-8bc1-8d20b793e28e
6378_i,f7ab260c-3773-402e-b085-c385b5b073ca
6379_i,e3249d37-da6e-4e48-a5ac-3971474dc940
6388_i,b686ce28-f31e-434f-ae23-2ebed19d983e
6398_i,413250fc-9743-4ec8-a8f9-e42ce78fddee
6410_i,b82f92ab-a328-4f31-a7cc-adfe043ed950
6411_i,3f2f81b8-3001-439a-9198-37c24d9bca79
6414_i,348dff0f-fa4c-43f0-8e72-01e72997f7ed
6416_i,0097e007-d630-4a4a-b10f-57393fbc924e
6417_i,38f66829-ff2f-460a-ad86-e977d3334ee4
6418_i,1dc64a75-1e6e-4081-8163-8751f238db59
6420_i,f439b54c-8f88-4c08-9176-38ee4f0e02e7
6421_i,3349128e-f522-4bdb-9cfb-2dca702a4808
6431_i,6d36d950-8b83-4f60-b787-15eaf9b67279
6434_i,747edac2-e076-4589-86ac-5a33a1ce8647
6435_i,46fffd29-5424-495f-a765-a96431e500cf
6456_i,71b10229-2f21-4e6c-8e79-0a348c22736b
6466_i,15a240ac-c502-4568-84d5-146153e9bd4b
6468_i,3f449a81-7760-49c2-8baf-f02cae528033
6481_i,a690801a-e30b-4bbc-8f0c-0170f0437521
6500_i,1c787f2a-091b-4766-912d-ecc7c6344f26
6505_i,2019bcf3-5c19-4a84-8b53-5d2df4fa9d33
6522_i,248f1d76-e28c-4fe9-a1f7-12a61eacd183
6538_i,4cf6627a-87cb-45c9-98b1-6e641718765d
6548_i,021d70d6-4fcf-493f-b1d7-4c75a52c6895
6550_i,92530451-7f27-40d6-8bd3-c19de64bd8d8
6552_i,7919a35b-8ee1-463a-9c58-c6053fa3c4ae
6557_i,4c0e45b9-4a73-4be6-a978-e98e5e86acd5
6573_i,7ebf2f8f-2559-4cdb-bfdc-e7f9a06ed6de
6578_i,d6114a19-d1d6-441d-a50d-19ec4470c8ac
6580_i,8279e0e5-ba50-482e-a362-e8532d25341c
6588_i,97fd1d2e-a22e-4121-9196-41e39ea267ef
6614_i,9be85831-59b8-4037-8325-9fa660d2d89a
6645_i,49310004-9bc0-48bc-971b-958c7e849690
6660_i,eeca6535-ee5c-44a3-aff9-e73a4da03af2
6662_i,bb19b914-bc4e-422a-8aaf-657700c1b902
6712_i,a4c1d551-abf4-41bb-9d3b-87a2eab8098a
6736_i,e2d5644c-29cb-4ad5-ad45-f7c5be0b75f5
6759_i,21536023-dc8f-412c-b54f-1b58eb9c5f6f
6784_i,301965e7-9ec3-4292-afb3-bc4ecefa6211
6791_i,06a375d1-73cb-480b-8ffe-073d2590d811
6814_i,333e85d5-136e-47b1-bf6d-3f89abb3dbc2
6819_i,078858fe-8c18-445b-b2c8-d333179ae62f
6821_i,bdc169cd-2e40-4fba-94e6-1194f5c22051
6822_i,50bf12ea-45f0-4260-83ae-114b132eed2b
6834_i,55c32d2e-30e2-4135-94a4-388240c5de58
6839_i,bf7a4df0-c451-4320-88fa-1cda36b40be6
6869_i,a5e231dc-170e-4bc5-9f7b-1c2124752286
6871_i,c184b305-c562-48ce-9ff2-0dfae4f33fcf
6885_i,006ca3ba-ef32-48fd-bf6c-ebf7263b0957
6887_i,3fd2cafb-cb25-458d-bbf5-9fa1484314c8
6906_i,f45ee6e6-bfad-4dc5-a1c1-75ac424d7276
6933_i,01450027-9ef2-434c-812d-38fb1bdbc19e
6941_i,019981f2-b6f5-4c2f-ae53-8190aab70741
6942_i,f456ce77-2c70-4f85-ba2f-f854de51127c
6948_i,9e861f21-c326-4b06-ba76-67fe745292ff
6979_i,d6114a19-d1d6-441d-a50d-19ec4470c8ac
6981_i,beb2b32b-1038-43f6-a5d2-d9a64123b8de
6988_i,747edac2-e076-4589-86ac-5a33a1ce8647
6991_i,44f7fccc-b5ed-437a-ba04-39408a04b6de
7017_i,4cc03cf7-03d9-4ef3-8724-943c722fcb29
7023_i,7494b82f-3201-47b7-afbc-6ebb64ddd314
7027_i,debb1ea2-9357-45de-921f-2bb628436d2e
7035_i,f9b370f6-2a58-4735-86fb-ea773cf5d595
7073_i,5ffd72a0-bd0e-4b64-85ef-6ee6bdbf290b
7080_i,c927e5b4-1acf-4745-b2be-13f0b1681d29
7137_i,61918559-2998-4f09-a89b-0094d8efc93e
7141_i,0e1b4b11-867b-4ff1-9a3f-1f40f5bf6baf
7152_i,b5bf3092-9123-4761-b9e7-ff995d451712
7157_i,6eedcb55-f0f9-4fa0-b858-4d22ad0e909f
7175_i,ec052fe6-f3c2-41f6-acfe-c9b0b41175ea
7185_i,a9d15780-65fc-43bd-8b6b-dc40acd9d6fa
7188_i,e791c7e7-b5de-4175-b8f0-f5b4860e7abd
7254_i,f936df28-50db-4b9e-839b-532d3354a500
7261_i,aab9589d-af75-43ac-b911-3450fa9e46c3
7273_i,e7e45230-7b8d-40af-a32b-d082f96de72a
7319_i,0d94273f-ff70-4065-8e00-f05c019237d9
7593_0,1a7befe9-b214-457a-ad69-24d01d47f290
7452_0,d37e8ce7-e3d0-4bfe-bbe2-85e01077f75b
9781_0,4cc04b76-7de1-4eb3-8118-6588497e0640
7555_0,2183aae0-ec43-4e40-9c29-6d7fecc1cbcc
7540_0,d7c8591f-2a5a-418e-aaef-14b8e7a6aa69
7095_0,b6c764ef-0537-4260-b986-84d47f2db481
7399_0,d8e011c3-69e2-4956-aae8-be07c48cacb7
7610_0,79666c81-9a82-484e-a36b-1a94e0e3c15c
7683_0,c184b305-c562-48ce-9ff2-0dfae4f33fcf
7338_i,72df7b55-6a0a-40e2-918f-a88b2c6f8cc3
6195_0,b226a491-926b-4268-b4c9-58ee6b3b5a1b
7269_0,94d6478d-ec1c-435a-8cf6-0fa133cfb463
7499_0,3dedc391-cf66-42e5-84dc-3f80f3c084c2
7898_0,4e30d6c9-a2a1-4112-a0f9-7f86788e27c1
7380_0,341a355c-d01b-438c-8f4a-c6a5b2814cdc
7866_0,b70b8e14-4972-4bff-bddb-a4b61d950531
7572_0,d92ad7e3-38a5-4cb6-b38b-87e937105448
7583_0,85ba73ff-b0ee-4705-be86-46e2d14bab1f
8449_0,79929034-9123-4822-95ef-7679bbbd9c3e
7377_i,39ab7069-795a-413e-b6d3-e81cd248f69a
7381_i,090534b3-7f65-42a0-9d08-744e4c4bd2a3
7402_i,c184b305-c562-48ce-9ff2-0dfae4f33fcf
7412_i,f8f2ba41-162b-4f35-b83f-f0591a0702a0
7441_i,a346ccd3-b997-4c16-9f68-55fc3967925b
7784_0,05faa408-4ab0-4f3a-844d-24c9fc32cb9f
7435_0,a7f14a26-8c8b-4a34-986c-65db7f7915c0
7165_0,0f0ae0b6-1b99-42a1-954f-e3bab72f3191
7453_i,47c526a9-f9e4-484b-98f2-ef5bd0439162
7475_0,434ddaa2-27f6-4655-9a31-edfcdccc6057
7460_i,42a7f6f8-c24f-4f00-9aff-68396176f2bd
7473_i,df4bf5b9-9c80-4416-aa6d-485caac3fcdb
8342_0,b4000f9d-079b-4f92-b97b-d14d947f2448
7563_0,1ae468a4-a9f1-443f-bd84-7d435382c5d9
7785_0,f6c2e681-e817-4424-846b-b0b976fb47ec
7502_i,d8217302-4159-4dec-b076-e4103268f3b0
8550_0,c0417371-bf27-48d8-b1dd-1ba8505ef611
7508_i,8e1f74dc-4775-48ef-961c-f1eb90a6ee1e
7515_i,86cf7357-616e-4275-87cc-1c7c352ea131
7516_i,2b906e5d-29d4-479c-8659-59efc498d14d
7944_0,ba080d13-e4df-4c41-92c5-11726900fec2
7960_0,364c9958-7d19-4a27-b3c9-190c865ce953
7812_0,a28a5b33-1243-4960-b7ab-4f2c0ccbd53a
8027_0,ac581a57-7da1-4f8e-8dcc-beee6473fb2e
7537_0,38df5653-59c9-443f-bbb6-499758f43440
8129_0,61f338ec-8223-4053-853e-d9925350c2ba
8395_0,f18e3136-4758-45a2-a62b-ac82c9bcd29d
7845_0,6a4bb334-619a-4353-b74c-2eb79b844fbf
7156_0,1de989ee-96e9-4469-9faa-60fcb5b1d80d
7599_i,fa8ea3cf-2bbf-448d-88dc-bb13bb0cf9cc
7612_i,fae88b13-820c-480a-b7b3-a283dc2821f5
7617_0,bdd0007e-e633-4096-bd5b-923bdec0d3bc
7760_0,2274d2a5-098f-4cc9-86e0-518d6b48f102
8657_0,37c97142-50b9-4a06-bc5b-90fb346a90ea
7961_0,413250fc-9743-4ec8-a8f9-e42ce78fddee
7630_i,47a030cc-6048-4d91-9b57-873d215012cb
7623_0,c1d97fcc-9e37-43e4-9869-7b3a4dc376bf
7666_0,0097e007-d630-4a4a-b10f-57393fbc924e
7750_0,38f66829-ff2f-460a-ad86-e977d3334ee4
13056_0,5c24bfe8-5bc2-4ac3-b79c-7f6e1bbc28d2
7927_0,70bca037-8a30-423b-89aa-48c3b0be5174
7104_0,3349128e-f522-4bdb-9cfb-2dca702a4808
8174_0,6d36d950-8b83-4f60-b787-15eaf9b67279
7665_0,747edac2-e076-4589-86ac-5a33a1ce8647
8065_0,46fffd29-5424-495f-a765-a96431e500cf
7971_0,71b10229-2f21-4e6c-8e79-0a348c22736b
9644_0,96cf7c06-6bbb-4279-b814-699cbe241baf
8859_0,be5f090b-cb73-465b-b891-71fa26db3d0d
8244_0,6bb0dc1b-e13c-4a64-97f9-658cb5c9fd04
7724_i,261c794f-b77b-4c71-8180-0e3dae9ce8a1
8737_0,74857c09-2ef0-451f-843e-0f376cb27fd2
7731_i,38944350-ad4b-4c95-ae7a-acc3104e3b1e
7689_0,248f1d76-e28c-4fe9-a1f7-12a61eacd183
8069_0,30f20cea-b1fb-4a8b-aa3c-a4fdb4943ec8
7103_0,7949e8cd-e888-4b37-a3df-b902c117c9fa
7994_0,92530451-7f27-40d6-8bd3-c19de64bd8d8
8948_0,4c0e45b9-4a73-4be6-a978-e98e5e86acd5
7768_i,6b61a630-3617-488e-8a54-0c6c05b9f2e7
7769_i,5132314b-0e2b-44eb-960c-be316a00c19e
7833_0,c781eb81-e64c-4333-853f-cbfc02778f1c
8865_0,579a96d9-f60f-4899-93e3-718a3ae18eb3
8436_0,4c7d8438-9600-4981-88ee-c62acb3b4283
7783_i,c184b305-c562-48ce-9ff2-0dfae4f33fcf
8058_0,b05861d0-b8c9-42b3-b2b1-1d96151b5c30
8385_0,9be85831-59b8-4037-8325-9fa660d2d89a
8009_0,49310004-9bc0-48bc-971b-958c7e849690
7989_0,7c4ed6ed-027a-4dd1-aaf1-db4fe6e2305d
7838_i,7ddb4e46-3436-4c71-a1f4-10123482ca59
8159_0,bb19b914-bc4e-422a-8aaf-657700c1b902
7853_i,a62aa0b3-1114-4df0-85ea-0bc9b10e13d4
8337_0,a4c1d551-abf4-41bb-9d3b-87a2eab8098a
7915_i,595acc1c-12dc-474b-bd8e-ca32d6b5a31e
8897_0,e2d5644c-29cb-4ad5-ad45-f7c5be0b75f5
7772_0,21536023-dc8f-412c-b54f-1b58eb9c5f6f
11134_0,11d1f8e8-a63d-4657-b621-9b503d630039
7835_0,06a375d1-73cb-480b-8ffe-073d2590d811
8832_0,333e85d5-136e-47b1-bf6d-3f89abb3dbc2
8185_0,078858fe-8c18-445b-b2c8-d333179ae62f
9724_0,ae43c804-3471-4127-ae1a-91608df196a7
8188_0,50bf12ea-45f0-4260-83ae-114b132eed2b
7755_0,55c32d2e-30e2-4135-94a4-388240c5de58
8019_0,bf7a4df0-c451-4320-88fa-1cda36b40be6
8012_i,5f758e4b-7282-4d51-bf86-393709f74419
8247_0,a5e231dc-170e-4bc5-9f7b-1c2124752286
8108_0,279367af-69eb-4e97-92c8-fd951718417c
9103_0,006ca3ba-ef32-48fd-bf6c-ebf7263b0957
8046_0,bf98e78c-5629-4b6d-8989-8036d817222b
8056_i,10b8f91b-4ea5-450a-8808-40684edc0610
8789_0,10beaee5-6d50-415b-bfd0-2ec58c7e2081
8073_i,c7c43405-0807-43bf-af4e-aa53aa4d6eca
8089_i,03c30397-796e-4dc3-87d8-869c507c327c
8101_i,6f747d77-9111-4527-b613-0e00af27fb7b
9207_0,01450027-9ef2-434c-812d-38fb1bdbc19e
9081_0,019981f2-b6f5-4c2f-ae53-8190aab70741
9385_0,baf412f7-4bb5-4929-b798-31f062f88c57
9085_0,9e861f21-c326-4b06-ba76-67fe745292ff
8740_0,d6114a19-d1d6-441d-a50d-19ec4470c8ac
7787_0,beb2b32b-1038-43f6-a5d2-d9a64123b8de
8224_0,747edac2-e076-4589-86ac-5a33a1ce8647
8130_i,92f1286c-526a-4543-9e65-bdf15bead169
8245_0,44f7fccc-b5ed-437a-ba04-39408a04b6de
8135_i,82ebd30c-a9f2-4dee-b7f2-e87b1d26280e
7282_0,4cc03cf7-03d9-4ef3-8724-943c722fcb29
9197_0,90bf3a8f-0fd3-4566-b864-d35de63f4467
8169_i,4349a043-594c-4ea6-8519-a3e9e7753cc4
8804_0,debb1ea2-9357-45de-921f-2bb628436d2e
8270_0,f9b370f6-2a58-4735-86fb-ea773cf5d595
8192_i,2166de1d-7891-4514-a6f8-82888fb24a94
8211_i,c87bfc5a-2a3d-4da7-a315-f18217581230
8297_0,5ffd72a0-bd0e-4b64-85ef-6ee6bdbf290b
8243_0,c927e5b4-1acf-4745-b2be-13f0b1681d29
8558_0,c979dda9-39e3-4c77-b9b7-389fb3fed614
7152_0,b5bf3092-9123-4761-b9e7-ff995d451712
8643_0,ec052fe6-f3c2-41f6-acfe-c9b0b41175ea
8096_0,a9d15780-65fc-43bd-8b6b-dc40acd9d6fa
8370_0,157dc592-c15a-4c1b-9a23-9b05ce3bd4fc
8933_0,f936df28-50db-4b9e-839b-532d3354a500
8745_0,82c30a2f-a33c-46c8-a15e-8020a5edf360
8314_0,748ae8c2-7186-44ec-a98d-242f58fc3af9
8221_0,0d94273f-ff70-4065-8e00-f05c019237d9
8042_0,1a7befe9-b214-457a-ad69-24d01d47f290
8609_0,d37e8ce7-e3d0-4bfe-bbe2-85e01077f75b
9781_1,4cc04b76-7de1-4eb3-8118-6588497e0640
8275_0,2183aae0-ec43-4e40-9c29-6d7fecc1cbcc
8205_0,d7c8591f-2a5a-418e-aaef-14b8e7a6aa69
8658_0,21b889ec-10af-4a52-ad4d-dcbb835a1e44
8236_0,d8e011c3-69e2-4956-aae8-be07c48cacb7
8433_0,79666c81-9a82-484e-a36b-1a94e0e3c15c
8711_0,2cdf2645-e4f1-4b30-878a-abd4723c7b9f
8339_0,7ff4e67c-a550-423b-a50f-786a6e682abc
8741_0,94d6478d-ec1c-435a-8cf6-0fa133cfb463
8251_0,3dedc391-cf66-42e5-84dc-3f80f3c084c2
8384_0,4e30d6c9-a2a1-4112-a0f9-7f86788e27c1
8703_0,341a355c-d01b-438c-8f4a-c6a5b2814cdc
8356_0,6bd4b331-1b99-4637-a6cb-ac7cebd00fd4
8322_0,85ba73ff-b0ee-4705-be86-46e2d14bab1f
8449_1,79929034-9123-4822-95ef-7679bbbd9c3e
9422_0,39ab7069-795a-413e-b6d3-e81cd248f69a
8516_0,8ac23715-34ad-4309-addb-e8233b8bd9a1
8622_0,c184b305-c562-48ce-9ff2-0dfae4f33fcf
9405_0,f8f2ba41-162b-4f35-b83f-f0591a0702a0
9098_0,a346ccd3-b997-4c16-9f68-55fc3967925b
8397_0,05faa408-4ab0-4f3a-844d-24c9fc32cb9f
8645_0,ecf4d579-37a6-47bf-a855-5f86eb596ab9
8301_0,47c526a9-f9e4-484b-98f2-ef5bd0439162
8317_0,434ddaa2-27f6-4655-9a31-edfcdccc6057
7873_0,df4bf5b9-9c80-4416-aa6d-485caac3fcdb
8342_1,b4000f9d-079b-4f92-b97b-d14d947f2448
8458_0,b6a239fd-a021-40a5-8ffd-b04daa4d0c9a
8313_0,52db563d-9ecf-4e93-badb-cbb12a99f3ab
8664_0,97018d6a-55d3-45c4-b038-10145adb9fe3
8550_1,c0417371-bf27-48d8-b1dd-1ba8505ef611
9611_0,8e1f74dc-4775-48ef-961c-f1eb90a6ee1e
8321_0,86cf7357-616e-4275-87cc-1c7c352ea131
8525_0,f55450dd-d4ba-4c64-b8ef-4efc734293c1
9400_0,07a51e60-65cc-48f6-974f-b59b6e14c65a
8414_0,efa436bc-1fb4-44f1-8817-8b9c60df650d
8097_0,a28a5b33-1243-4960-b7ab-4f2c0ccbd53a
10405_0,ac581a57-7da1-4f8e-8dcc-beee6473fb2e
11178_0,b03c7684-81e6-4b97-b785-5655c0688399
8129_1,61f338ec-8223-4053-853e-d9925350c2ba
8395_1,f18e3136-4758-45a2-a62b-ac82c9bcd29d
8209_0,6a4bb334-619a-4353-b74c-2eb79b844fbf
8295_0,1de989ee-96e9-4469-9faa-60fcb5b1d80d
8410_0,81feb288-9eff-4a86-964a-7ba0df679c05
13091_0,fae88b13-820c-480a-b7b3-a283dc2821f5
8407_0,bdd0007e-e633-4096-bd5b-923bdec0d3bc
8323_0,2274d2a5-098f-4cc9-86e0-518d6b48f102
8657_1,37c97142-50b9-4a06-bc5b-90fb346a90ea
8294_i,0e27f412-29e5-4c2d-a8b2-a105946f390c
7961_1,413250fc-9743-4ec8-a8f9-e42ce78fddee
8304_i,7aba173e-2686-4965-b564-faee9b63fcf3
8927_0,01560cac-a95d-4e90-8378-9c5dda680b7c
8303_0,c1d97fcc-9e37-43e4-9869-7b3a4dc376bf
8440_0,0097e007-d630-4a4a-b10f-57393fbc924e
9182_0,38f66829-ff2f-460a-ad86-e977d3334ee4
13056_1,5c24bfe8-5bc2-4ac3-b79c-7f6e1bbc28d2
10942_0,868da1c1-1c3c-4b8b-abdb-f1097c662619
8428_0,3349128e-f522-4bdb-9cfb-2dca702a4808
8174_1,6d36d950-8b83-4f60-b787-15eaf9b67279
10005_0,747edac2-e076-4589-86ac-5a33a1ce8647
8663_0,8a6a8904-29c0-4dc7-aae3-63b252057e48
8346_i,2e9a25a2-e0ed-48d6-8131-32bdba5313c7
8368_i,7057850e-446c-434d-bd6d-06a08f3782c1
8390_i,82616371-8ccd-4d53-b0b6-ffcbad5d4f07
9644_1,96cf7c06-6bbb-4279-b814-699cbe241baf
8859_1,be5f090b-cb73-465b-b891-71fa26db3d0d
8400_i,b464881f-9ee6-4892-90a0-4d00e9bb3b3c
8905_0,6bb0dc1b-e13c-4a64-97f9-658cb5c9fd04
8426_i,2bfb60b1-2a33-4b43-9d73-a40175268769
8328_0,99292150-acae-49ff-ae4b-71e3e406024e
8445_i,e808dbb9-0bda-4d4c-baf4-66e59b64b839
8737_1,74857c09-2ef0-451f-843e-0f376cb27fd2
8698_0,38944350-ad4b-4c95-ae7a-acc3104e3b1e
8404_0,248f1d76-e28c-4fe9-a1f7-12a61eacd183
8478_i,f2976006-0ef8-4a54-b7f8-e1136af49734
8613_0,30f20cea-b1fb-4a8b-aa3c-a4fdb4943ec8
8351_0,7949e8cd-e888-4b37-a3df-b902c117c9fa
8652_0,92530451-7f27-40d6-8bd3-c19de64bd8d8
8948_1,4c0e45b9-4a73-4be6-a978-e98e5e86acd5
10752_0,ffe9076c-df1f-4def-a290-ffb0f283d3fa
8967_0,52194896-224e-473b-97a9-0cdb54b5464a
8394_0,d7e0ef4e-6d05-496f-aa0a-69fd8496e73d
8865_1,579a96d9-f60f-4899-93e3-718a3ae18eb3
8436_1,4c7d8438-9600-4981-88ee-c62acb3b4283
8411_0,c184b305-c562-48ce-9ff2-0dfae4f33fcf
8504_i,a54ecd9f-1281-4e72-8ab6-c55574066df7
8510_0,b05861d0-b8c9-42b3-b2b1-1d96151b5c30
8385_1,9be85831-59b8-4037-8325-9fa660d2d89a
8534_0,49310004-9bc0-48bc-971b-958c7e849690
11440_0,2bdf7dc6-0f42-41a3-a334-0ac2e8dd5bcd
9748_0,bb19b914-bc4e-422a-8aaf-657700c1b902
9787_0,d7aa669c-9d86-4382-8948-f9439b3f896e
8579_i,75b17123-b5c6-449d-8c89-9797269838dc
8594_i,31026fc1-8480-4689-a95b-2bf537c52512
8337_1,a4c1d551-abf4-41bb-9d3b-87a2eab8098a
8766_0,595acc1c-12dc-474b-bd8e-ca32d6b5a31e
8897_1,e2d5644c-29cb-4ad5-ad45-f7c5be0b75f5
8422_0,21536023-dc8f-412c-b54f-1b58eb9c5f6f
11134_1,11d1f8e8-a63d-4657-b621-9b503d630039
8585_0,ed351642-81f1-4336-8fd7-94b9cdabb8ca
8832_1,333e85d5-136e-47b1-bf6d-3f89abb3dbc2
8185_1,078858fe-8c18-445b-b2c8-d333179ae62f
9724_1,ae43c804-3471-4127-ae1a-91608df196a7
8981_0,50bf12ea-45f0-4260-83ae-114b132eed2b
7755_1,55c32d2e-30e2-4135-94a4-388240c5de58
8667_0,e66b136d-cfe2-40b8-b764-96d292757b47
8631_0,f75353a0-1b79-45b2-8e86-dff7734c1e52
8718_0,a5e231dc-170e-4bc5-9f7b-1c2124752286
9103_1,006ca3ba-ef32-48fd-bf6c-ebf7263b0957
8710_0,bf98e78c-5629-4b6d-8989-8036d817222b
8345_0,10b8f91b-4ea5-450a-8808-40684edc0610
8789_1,10beaee5-6d50-415b-bfd0-2ec58c7e2081
8647_0,03c30397-796e-4dc3-87d8-869c507c327c
9207_1,01450027-9ef2-434c-812d-38fb1bdbc19e
9081_1,019981f2-b6f5-4c2f-ae53-8190aab70741
9385_1,baf412f7-4bb5-4929-b798-31f062f88c57
9085_1,9e861f21-c326-4b06-ba76-67fe745292ff
8740_1,d6114a19-d1d6-441d-a50d-19ec4470c8ac
7787_1,beb2b32b-1038-43f6-a5d2-d9a64123b8de
8224_1,747edac2-e076-4589-86ac-5a33a1ce8647
10029_0,92f1286c-526a-4543-9e65-bdf15bead169
8245_1,44f7fccc-b5ed-437a-ba04-39408a04b6de
9747_0,82ebd30c-a9f2-4dee-b7f2-e87b1d26280e
10401_0,f5f17203-7ffe-4cac-8c1d-aff82cea2246
9197_1,90bf3a8f-0fd3-4566-b864-d35de63f4467
8584_0,4349a043-594c-4ea6-8519-a3e9e7753cc4
8804_1,debb1ea2-9357-45de-921f-2bb628436d2e
9136_0,f9b370f6-2a58-4735-86fb-ea773cf5d595
9026_0,2166de1d-7891-4514-a6f8-82888fb24a94
9127_0,c87bfc5a-2a3d-4da7-a315-f18217581230
8297_1,5ffd72a0-bd0e-4b64-85ef-6ee6bdbf290b
9245_0,17464f60-cd36-4ac3-bb5c-9bd4dd605bc7
8654_0,074c2ce0-9c16-49ea-aabd-11784aa8f49e
7152_1,b5bf3092-9123-4761-b9e7-ff995d451712
8643_1,ec052fe6-f3c2-41f6-acfe-c9b0b41175ea
8738_0,33692d2a-25e3-47e5-aec2-e7efd29e5e6b
8869_0,d3e9b1c5-092d-4b24-a4db-216b5417165f
8933_1,f936df28-50db-4b9e-839b-532d3354a500
8745_1,82c30a2f-a33c-46c8-a15e-8020a5edf360
8314_1,748ae8c2-7186-44ec-a98d-242f58fc3af9
8857_0,0d94273f-ff70-4065-8e00-f05c019237d9
8587_0,1a7befe9-b214-457a-ad69-24d01d47f290
8609_1,d37e8ce7-e3d0-4bfe-bbe2-85e01077f75b
9781_2,4cc04b76-7de1-4eb3-8118-6588497e0640
8618_0,f6c13a1f-a29a-48de-b7e3-e1c1580e5bce
8658_1,21b889ec-10af-4a52-ad4d-dcbb835a1e44
8431_0,d8e011c3-69e2-4956-aae8-be07c48cacb7
8765_0,8d2c1acb-4727-4277-b64b-1da0861a2106
8711_1,2cdf2645-e4f1-4b30-878a-abd4723c7b9f
8560_0,7ff4e67c-a550-423b-a50f-786a6e682abc
8741_1,94d6478d-ec1c-435a-8cf6-0fa133cfb463
8879_0,3dedc391-cf66-42e5-84dc-3f80f3c084c2
8818_0,99c58693-b5fc-4133-aec6-38b8513723fc
8703_1,341a355c-d01b-438c-8f4a-c6a5b2814cdc
8697_0,c82a7013-d112-43b8-b5e5-c66cd0000614
8719_0,85ba73ff-b0ee-4705-be86-46e2d14bab1f
8709_0,90d81d6c-6e58-4e0a-8c06-0c5c0ead96eb
9422_1,39ab7069-795a-413e-b6d3-e81cd248f69a
10146_0,8ac23715-34ad-4309-addb-e8233b8bd9a1
8622_1,c184b305-c562-48ce-9ff2-0dfae4f33fcf
9405_1,f8f2ba41-162b-4f35-b83f-f0591a0702a0
9098_1,a346ccd3-b997-4c16-9f68-55fc3967925b
8397_1,05faa408-4ab0-4f3a-844d-24c9fc32cb9f
8645_1,ecf4d579-37a6-47bf-a855-5f86eb596ab9
8301_1,47c526a9-f9e4-484b-98f2-ef5bd0439162
8620_0,f8809ba6-2760-4476-86f7-4cac2b3aa93e
8486_0,df4bf5b9-9c80-4416-aa6d-485caac3fcdb
9199_0,b4000f9d-079b-4f92-b97b-d14d947f2448
8500_0,b6a239fd-a021-40a5-8ffd-b04daa4d0c9a
8664_1,97018d6a-55d3-45c4-b038-10145adb9fe3
8550_2,c0417371-bf27-48d8-b1dd-1ba8505ef611
9611_1,8e1f74dc-4775-48ef-961c-f1eb90a6ee1e
8802_0,86cf7357-616e-4275-87cc-1c7c352ea131
8642_0,72b77500-0ae7-4e1e-8a70-ea5da569e310
9400_1,07a51e60-65cc-48f6-974f-b59b6e14c65a
9930_0,5b07932a-34cd-43f5-95d6-d77b48b238d8
8097_1,a28a5b33-1243-4960-b7ab-4f2c0ccbd53a
10405_1,ac581a57-7da1-4f8e-8dcc-beee6473fb2e
11178_1,b03c7684-81e6-4b97-b785-5655c0688399
8129_2,61f338ec-8223-4053-853e-d9925350c2ba
8395_2,f18e3136-4758-45a2-a62b-ac82c9bcd29d
8544_0,6a4bb334-619a-4353-b74c-2eb79b844fbf
8694_0,1de989ee-96e9-4469-9faa-60fcb5b1d80d
8410_1,81feb288-9eff-4a86-964a-7ba0df679c05
13091_1,fae88b13-820c-480a-b7b3-a283dc2821f5
8604_0,bdd0007e-e633-4096-bd5b-923bdec0d3bc
8323_1,2274d2a5-098f-4cc9-86e0-518d6b48f102
8657_2,37c97142-50b9-4a06-bc5b-90fb346a90ea
8625_0,42ba3b71-661b-4a0c-bdb1-b00ecd97e078
7961_2,413250fc-9743-4ec8-a8f9-e42ce78fddee
8304_0,7aba173e-2686-4965-b564-faee9b63fcf3
8927_1,01560cac-a95d-4e90-8378-9c5dda680b7c
8406_0,d7425e1c-ebdb-4d34-8105-1d8135ffecab
8498_0,02a7f9aa-89ef-489c-88e7-6c54d7b77977
9182_1,38f66829-ff2f-460a-ad86-e977d3334ee4
13056_2,5c24bfe8-5bc2-4ac3-b79c-7f6e1bbc28d2
10942_1,868da1c1-1c3c-4b8b-abdb-f1097c662619
8428_1,3349128e-f522-4bdb-9cfb-2dca702a4808
8416_0,6d36d950-8b83-4f60-b787-15eaf9b67279
10005_1,747edac2-e076-4589-86ac-5a33a1ce8647
8663_1,8a6a8904-29c0-4dc7-aae3-63b252057e48
8946_0,2e9a25a2-e0ed-48d6-8131-32bdba5313c7
8368_0,7057850e-446c-434d-bd6d-06a08f3782c1
9086_0,82616371-8ccd-4d53-b0b6-ffcbad5d4f07
9644_2,96cf7c06-6bbb-4279-b814-699cbe241baf
8859_2,be5f090b-cb73-465b-b891-71fa26db3d0d
8686_0,dfdb7472-99a2-4d73-8d39-301d8e7bbb07
8905_1,6bb0dc1b-e13c-4a64-97f9-658cb5c9fd04
8426_0,2bfb60b1-2a33-4b43-9d73-a40175268769
10032_0,99292150-acae-49ff-ae4b-71e3e406024e
8445_0,e808dbb9-0bda-4d4c-baf4-66e59b64b839
8737_2,74857c09-2ef0-451f-843e-0f376cb27fd2
8698_1,38944350-ad4b-4c95-ae7a-acc3104e3b1e
8599_0,248f1d76-e28c-4fe9-a1f7-12a61eacd183
8478_0,f2976006-0ef8-4a54-b7f8-e1136af49734
8613_1,30f20cea-b1fb-4a8b-aa3c-a4fdb4943ec8
8351_1,7949e8cd-e888-4b37-a3df-b902c117c9fa
8652_1,92530451-7f27-40d6-8bd3-c19de64bd8d8
8948_2,4c0e45b9-4a73-4be6-a978-e98e5e86acd5
10752_1,ffe9076c-df1f-4def-a290-ffb0f283d3fa
8967_1,52194896-224e-473b-97a9-0cdb54b5464a
8394_1,d7e0ef4e-6d05-496f-aa0a-69fd8496e73d
8865_2,579a96d9-f60f-4899-93e3-718a3ae18eb3
8436_2,4c7d8438-9600-4981-88ee-c62acb3b4283
8610_0,c184b305-c562-48ce-9ff2-0dfae4f33fcf
8504_0,a54ecd9f-1281-4e72-8ab6-c55574066df7
8846_0,97fd1d2e-a22e-4121-9196-41e39ea267ef
8870_0,9be85831-59b8-4037-8325-9fa660d2d89a
8534_1,49310004-9bc0-48bc-971b-958c7e849690
8616_i,27eb6407-8790-4ce0-aad1-3793affc8747
11440_1,2bdf7dc6-0f42-41a3-a334-0ac2e8dd5bcd
9748_1,bb19b914-bc4e-422a-8aaf-657700c1b902
9787_1,d7aa669c-9d86-4382-8948-f9439b3f896e
8668_i,ec01492d-5f5c-4d00-811e-b472b265386a
8579_0,75b17123-b5c6-449d-8c89-9797269838dc
8693_i,0019444b-e9b4-4d40-91ce-09e5e879ad01
8704_i,d6e7b6ff-d1b3-4bfe-855b-52227423414a
8725_0,31026fc1-8480-4689-a95b-2bf537c52512
8337_2,a4c1d551-abf4-41bb-9d3b-87a2eab8098a
8714_i,06d5a0b6-a40c-48ec-9ffe-71bb525a1100
8729_i,9f2c4e74-3f19-4dca-8004-2635cfa3bb2b
8766_1,595acc1c-12dc-474b-bd8e-ca32d6b5a31e
8897_2,e2d5644c-29cb-4ad5-ad45-f7c5be0b75f5
9477_0,b550f024-ef33-4951-ba61-196aed5f5aef
11134_2,11d1f8e8-a63d-4657-b621-9b503d630039
8832_2,333e85d5-136e-47b1-bf6d-3f89abb3dbc2
8712_0,078858fe-8c18-445b-b2c8-d333179ae62f
9724_2,ae43c804-3471-4127-ae1a-91608df196a7
8981_1,50bf12ea-45f0-4260-83ae-114b132eed2b
8891_0,74857c09-2ef0-451f-843e-0f376cb27fd2
8667_1,e66b136d-cfe2-40b8-b764-96d292757b47
10281_0,f75353a0-1b79-45b2-8e86-dff7734c1e52
8823_i,677c44c8-a56a-476d-b907-19b1afe9a514
8814_0,a5e231dc-170e-4bc5-9f7b-1c2124752286
9103_2,006ca3ba-ef32-48fd-bf6c-ebf7263b0957
8839_0,057b4c3c-ba73-4fd2-8e23-ac0738f8f66e
8673_0,10b8f91b-4ea5-450a-8808-40684edc0610
9633_0,10beaee5-6d50-415b-bfd0-2ec58c7e2081
9092_0,03c30397-796e-4dc3-87d8-869c507c327c
8872_i,c184b305-c562-48ce-9ff2-0dfae4f33fcf
9207_2,01450027-9ef2-434c-812d-38fb1bdbc19e
9081_2,019981f2-b6f5-4c2f-ae53-8190aab70741
9385_2,baf412f7-4bb5-4929-b798-31f062f88c57
9085_2,9e861f21-c326-4b06-ba76-67fe745292ff
8901_i,2aeabcbe-0ea0-4531-875e-186dd8161f75
8916_0,d6114a19-d1d6-441d-a50d-19ec4470c8ac
9126_0,c1bee66c-2dbc-4ee8-9c80-456af5278cec
8648_0,747edac2-e076-4589-86ac-5a33a1ce8647
10029_1,92f1286c-526a-4543-9e65-bdf15bead169
8912_i,665da35d-65ea-40c2-8d4e-82ccc75f0f91
8629_0,44f7fccc-b5ed-437a-ba04-39408a04b6de
9747_1,82ebd30c-a9f2-4dee-b7f2-e87b1d26280e
10401_1,f5f17203-7ffe-4cac-8c1d-aff82cea2246
9197_2,90bf3a8f-0fd3-4566-b864-d35de63f4467
9017_0,1786a18b-6c07-4a89-a63a-5defeb764c4c
8873_0,debb1ea2-9357-45de-921f-2bb628436d2e
9136_1,f9b370f6-2a58-4735-86fb-ea773cf5d595
9026_1,2166de1d-7891-4514-a6f8-82888fb24a94
9127_1,c87bfc5a-2a3d-4da7-a315-f18217581230
9215_0,5ffd72a0-bd0e-4b64-85ef-6ee6bdbf290b
9245_1,17464f60-cd36-4ac3-bb5c-9bd4dd605bc7
9034_0,85429167-e49e-4f02-b875-7a0da8ff86f3
9001_i,f637ce42-4a1e-40ac-97d4-191c9b73ea23
8941_0,ec052fe6-f3c2-41f6-acfe-c9b0b41175ea
9130_0,33692d2a-25e3-47e5-aec2-e7efd29e5e6b
9665_0,d3e9b1c5-092d-4b24-a4db-216b5417165f
8933_2,f936df28-50db-4b9e-839b-532d3354a500
8745_2,82c30a2f-a33c-46c8-a15e-8020a5edf360
8783_0,748ae8c2-7186-44ec-a98d-242f58fc3af9
9072_i,c7dc49c6-64b5-4596-b66a-c1753ae3e45d
8857_1,0d94273f-ff70-4065-8e00-f05c019237d9
8934_0,1a7befe9-b214-457a-ad69-24d01d47f290
9310_0,4ae732ad-7a21-4e38-a15d-bac43508f317
9781_3,4cc04b76-7de1-4eb3-8118-6588497e0640
9208_0,f6c13a1f-a29a-48de-b7e3-e1c1580e5bce
8658_2,21b889ec-10af-4a52-ad4d-dcbb835a1e44
9151_0,df713619-28d1-499a-97f8-2dd97c869a45
9093_0,3fe18db3-84a0-4809-b8b7-8c3e65dd5453
9683_0,2cdf2645-e4f1-4b30-878a-abd4723c7b9f
8560_1,7ff4e67c-a550-423b-a50f-786a6e682abc
9193_0,94d6478d-ec1c-435a-8cf6-0fa133cfb463
9157_0,3dedc391-cf66-42e5-84dc-3f80f3c084c2
9084_0,99c58693-b5fc-4133-aec6-38b8513723fc
10364_0,341a355c-d01b-438c-8f4a-c6a5b2814cdc
9790_0,d158f944-d8f1-495c-8936-feb234c84b58
9228_0,85ba73ff-b0ee-4705-be86-46e2d14bab1f
9147_0,90d81d6c-6e58-4e0a-8c06-0c5c0ead96eb
9422_2,39ab7069-795a-413e-b6d3-e81cd248f69a
10146_1,8ac23715-34ad-4309-addb-e8233b8bd9a1
9188_i,59d62f1d-ce99-452f-9136-6a1d0b8b0176
9196_i,61a6b244-9eb6-42bd-8676-94ea2bfe4689
9742_0,825f6e9c-6dd9-4edd-929d-5b05c18a8e85
9405_2,f8f2ba41-162b-4f35-b83f-f0591a0702a0
9098_2,a346ccd3-b997-4c16-9f68-55fc3967925b
9357_0,05faa408-4ab0-4f3a-844d-24c9fc32cb9f
9036_0,ecf4d579-37a6-47bf-a855-5f86eb596ab9
9254_0,47c526a9-f9e4-484b-98f2-ef5bd0439162
9249_0,f8809ba6-2760-4476-86f7-4cac2b3aa93e
9240_i,3b014c04-5755-44ea-9077-78abafc3fd03
10341_0,adcc3b85-bd82-4915-8121-5a1cffbc44d3
10757_0,b4000f9d-079b-4f92-b97b-d14d947f2448
9189_0,b6a239fd-a021-40a5-8ffd-b04daa4d0c9a
9259_i,a47d9471-33e3-4694-872c-538a782d47f0
9522_0,97018d6a-55d3-45c4-b038-10145adb9fe3
9264_i,a23fca19-12c8-40e8-a9cb-dfa867f1f6fa
9611_2,8e1f74dc-4775-48ef-961c-f1eb90a6ee1e
9318_0,86cf7357-616e-4275-87cc-1c7c352ea131
9288_0,c5277812-2261-4ce3-9695-7c757456c6a5
9400_2,07a51e60-65cc-48f6-974f-b59b6e14c65a
9930_1,5b07932a-34cd-43f5-95d6-d77b48b238d8
9997_0,4a2b9f85-bf06-4ace-858b-119e3a37c9ea
9291_i,5c58d59a-8bb6-4f79-bc89-f474c6f9c6fe
10405_2,ac581a57-7da1-4f8e-8dcc-beee6473fb2e
11178_2,b03c7684-81e6-4b97-b785-5655c0688399
9769_0,61f338ec-8223-4053-853e-d9925350c2ba
9295_i,afb2c975-2014-4354-8bb4-cbf80ad81e6f
10204_0,f18e3136-4758-45a2-a62b-ac82c9bcd29d
9250_0,6a4bb334-619a-4353-b74c-2eb79b844fbf
10324_0,d2567354-9f76-4fa2-a407-125999336705
13091_2,fae88b13-820c-480a-b7b3-a283dc2821f5
9461_0,bdd0007e-e633-4096-bd5b-923bdec0d3bc
9312_0,2274d2a5-098f-4cc9-86e0-518d6b48f102
10041_0,903f10ba-a7d4-40ed-84a5-087499097a7d
9252_0,42ba3b71-661b-4a0c-bdb1-b00ecd97e078
8932_0,413250fc-9743-4ec8-a8f9-e42ce78fddee
9364_0,01560cac-a95d-4e90-8378-9c5dda680b7c
9445_0,0bf27c93-6b35-429c-9a75-8c126f0609e7
9319_0,2897e8b2-1d00-41d9-8b7d-72c6bed95f10
10550_0,38f66829-ff2f-460a-ad86-e977d3334ee4
13056_3,5c24bfe8-5bc2-4ac3-b79c-7f6e1bbc28d2
10942_2,868da1c1-1c3c-4b8b-abdb-f1097c662619
9473_0,d0da3ec8-fa97-4a00-a5cf-70c2160585a6
9443_0,6d36d950-8b83-4f60-b787-15eaf9b67279
10005_2,747edac2-e076-4589-86ac-5a33a1ce8647
8939_0,8a6a8904-29c0-4dc7-aae3-63b252057e48
9962_0,2e9a25a2-e0ed-48d6-8131-32bdba5313c7
13229_0,a61d3a59-f627-4643-a23a-2f9596dd3b8d
9693_0,82616371-8ccd-4d53-b0b6-ffcbad5d4f07
9644_3,96cf7c06-6bbb-4279-b814-699cbe241baf
9413_0,be5f090b-cb73-465b-b891-71fa26db3d0d
9256_0,dfdb7472-99a2-4d73-8d39-301d8e7bbb07
9756_0,6bb0dc1b-e13c-4a64-97f9-658cb5c9fd04
9659_0,2bfb60b1-2a33-4b43-9d73-a40175268769
10032_1,99292150-acae-49ff-ae4b-71e3e406024e
9551_0,0aeed734-64aa-4e73-bfb0-beae42b677e1
9485_0,74857c09-2ef0-451f-843e-0f376cb27fd2
11796_0,38944350-ad4b-4c95-ae7a-acc3104e3b1e
9397_i,d5a7e9bf-6113-4857-96e5-d56709f838b5
10183_0,856edf86-e789-446f-91a0-79567c17e50d
9401_i,8d2c1acb-4727-4277-b64b-1da0861a2106
9983_0,2758c029-c1e5-4639-b43c-3fb42f888027
8613_2,30f20cea-b1fb-4a8b-aa3c-a4fdb4943ec8
9392_0,7efac226-b727-4eb6-bde0-672ec7b1c15c
12239_0,92530451-7f27-40d6-8bd3-c19de64bd8d8
9420_i,199f20bf-62e3-4ebf-94b4-cdcca2416467
9594_0,4c0e45b9-4a73-4be6-a978-e98e5e86acd5
10752_2,ffe9076c-df1f-4def-a290-ffb0f283d3fa
9687_0,52194896-224e-473b-97a9-0cdb54b5464a
9437_0,cb2a1f0b-8d82-444b-8507-bc6015796b67
10035_0,579a96d9-f60f-4899-93e3-718a3ae18eb3
8619_0,4c7d8438-9600-4981-88ee-c62acb3b4283
9587_0,c184b305-c562-48ce-9ff2-0dfae4f33fcf
8504_1,a54ecd9f-1281-4e72-8ab6-c55574066df7
10509_0,6c4dc1c5-2268-4a04-a8e9-e0f2412c3bbf
10058_0,9be85831-59b8-4037-8325-9fa660d2d89a
9453_i,916eab0d-1ed5-44ea-b915-08ab6baef02c
9498_0,49310004-9bc0-48bc-971b-958c7e849690
10065_0,27eb6407-8790-4ce0-aad1-3793affc8747
11440_2,2bdf7dc6-0f42-41a3-a334-0ac2e8dd5bcd
9748_2,bb19b914-bc4e-422a-8aaf-657700c1b902
9491_i,868c705e-96a9-4c5d-8ef2-b5095c03a475
9787_2,d7aa669c-9d86-4382-8948-f9439b3f896e
9436_0,ec01492d-5f5c-4d00-811e-b472b265386a
9501_i,e97a3cb6-ea7b-4db6-99c9-482db662358d
9504_i,8d68681f-5efe-45dd-b025-5993e34373de
8986_0,75b17123-b5c6-449d-8c89-9797269838dc
9567_0,d6e7b6ff-d1b3-4bfe-855b-52227423414a
9517_0,31026fc1-8480-4689-a95b-2bf537c52512
9375_0,a4c1d551-abf4-41bb-9d3b-87a2eab8098a
10167_0,06d5a0b6-a40c-48ec-9ffe-71bb525a1100
9650_0,9f2c4e74-3f19-4dca-8004-2635cfa3bb2b
9560_0,595acc1c-12dc-474b-bd8e-ca32d6b5a31e
10819_0,e2d5644c-29cb-4ad5-ad45-f7c5be0b75f5
10363_0,ac4e259d-9c81-4f2e-bc82-f41bbb7a15ed
11134_3,11d1f8e8-a63d-4657-b621-9b503d630039
9574_i,3126e520-d457-41eb-8e3a-da5f53d960b6
10431_0,333e85d5-136e-47b1-bf6d-3f89abb3dbc2
9724_3,ae43c804-3471-4127-ae1a-91608df196a7
9958_0,50bf12ea-45f0-4260-83ae-114b132eed2b
9470_0,55c32d2e-30e2-4135-94a4-388240c5de58
8667_2,e66b136d-cfe2-40b8-b764-96d292757b47
10281_1,f75353a0-1b79-45b2-8e86-dff7734c1e52
9784_0,ed46c5da-9479-479e-b9b2-5d0fa79c4869
9649_0,a5e231dc-170e-4bc5-9f7b-1c2124752286
9103_3,006ca3ba-ef32-48fd-bf6c-ebf7263b0957
9624_i,d6f2de39-04ff-4f68-a768-b3cb8190e80e
9627_i,78718e50-cbd9-4ee9-b5ea-a24bd9c81688
9634_i,c1158faa-8662-41aa-a8d2-42db00513db9
9638_i,7efac226-b727-4eb6-bde0-672ec7b1c15c
10314_0,10b8f91b-4ea5-450a-8808-40684edc0610
9633_1,10beaee5-6d50-415b-bfd0-2ec58c7e2081
9658_i,d434126a-7ba9-4002-bb6e-1ce5ad4146c4
9726_0,03c30397-796e-4dc3-87d8-869c507c327c
9833_0,c184b305-c562-48ce-9ff2-0dfae4f33fcf
9207_3,01450027-9ef2-434c-812d-38fb1bdbc19e
10017_0,019981f2-b6f5-4c2f-ae53-8190aab70741
9722_0,baf412f7-4bb5-4929-b798-31f062f88c57
10379_0,9e861f21-c326-4b06-ba76-67fe745292ff
9676_i,c55d0ed0-08d9-48af-8b99-345a994f14f0
9861_0,c1bee66c-2dbc-4ee8-9c80-456af5278cec
9044_0,747edac2-e076-4589-86ac-5a33a1ce8647
10029_2,92f1286c-526a-4543-9e65-bdf15bead169
9771_0,665da35d-65ea-40c2-8d4e-82ccc75f0f91
9926_0,44f7fccc-b5ed-437a-ba04-39408a04b6de
9747_2,82ebd30c-a9f2-4dee-b7f2-e87b1d26280e
10401_2,f5f17203-7ffe-4cac-8c1d-aff82cea2246
11280_0,7494b82f-3201-47b7-afbc-6ebb64ddd314
9867_0,1786a18b-6c07-4a89-a63a-5defeb764c4c
9990_0,debb1ea2-9357-45de-921f-2bb628436d2e
9835_0,ca22d58d-5890-4865-9b0a-8017b628cce1
9615_0,2166de1d-7891-4514-a6f8-82888fb24a94
10228_0,c87bfc5a-2a3d-4da7-a315-f18217581230
9847_0,5ffd72a0-bd0e-4b64-85ef-6ee6bdbf290b
9663_0,17464f60-cd36-4ac3-bb5c-9bd4dd605bc7
9678_0,1c6d4b08-c9bc-4cce-8054-1d7cf8cba0c9
9752_0,f637ce42-4a1e-40ac-97d4-191c9b73ea23
9758_0,ec052fe6-f3c2-41f6-acfe-c9b0b41175ea
11060_0,33692d2a-25e3-47e5-aec2-e7efd29e5e6b
9665_1,d3e9b1c5-092d-4b24-a4db-216b5417165f
9642_0,cbc3b0ca-fa32-4e56-af36-cf2d0b0f7f82
10142_0,82c30a2f-a33c-46c8-a15e-8020a5edf360
9844_0,c7dc49c6-64b5-4596-b66a-c1753ae3e45d
9965_0,0d94273f-ff70-4065-8e00-f05c019237d9
10224_0,1a7befe9-b214-457a-ad69-24d01d47f290
9812_0,d25c0ade-5e5a-43a9-a667-a57aaa02866a
9870_i,70ea1951-fcaf-4f44-801a-2281b451afb0
10350_0,f6c13a1f-a29a-48de-b7e3-e1c1580e5bce
10111_0,21b889ec-10af-4a52-ad4d-dcbb835a1e44
9908_0,df713619-28d1-499a-97f8-2dd97c869a45
8560_2,7ff4e67c-a550-423b-a50f-786a6e682abc
9816_0,94d6478d-ec1c-435a-8cf6-0fa133cfb463
9943_0,8fa76522-a756-4de6-902c-1ca6a0afd139
9799_0,99c58693-b5fc-4133-aec6-38b8513723fc
10364_1,341a355c-d01b-438c-8f4a-c6a5b2814cdc
10015_0,a3be3f0d-d1ce-4e4f-bd52-b4ba35b64415
10100_0,85ba73ff-b0ee-4705-be86-46e2d14bab1f
10265_0,90d81d6c-6e58-4e0a-8c06-0c5c0ead96eb
10146_2,8ac23715-34ad-4309-addb-e8233b8bd9a1
9993_0,592c29fb-ba7a-41df-a05f-641983cbad9e
9942_i,ebee7790-ca8d-4a25-9a4f-06c10832036c
10318_0,d91694d2-5fb2-4b63-a212-c84e9c784553
9984_0,825f6e9c-6dd9-4edd-929d-5b05c18a8e85
9405_3,f8f2ba41-162b-4f35-b83f-f0591a0702a0
9960_i,32089ab2-b002-4d8f-ada2-9160f4f34f20
9961_i,b6ffe313-6cc5-4dc2-8de6-b7c3140d3788
9854_0,a346ccd3-b997-4c16-9f68-55fc3967925b
10332_0,05faa408-4ab0-4f3a-844d-24c9fc32cb9f
10226_0,ecf4d579-37a6-47bf-a855-5f86eb596ab9
12574_0,47c526a9-f9e4-484b-98f2-ef5bd0439162
10121_0,f8809ba6-2760-4476-86f7-4cac2b3aa93e
9970_0,3b014c04-5755-44ea-9077-78abafc3fd03
10341_1,adcc3b85-bd82-4915-8121-5a1cffbc44d3
9998_i,48eebdc3-2936-48de-a287-1dba94524d69
10757_1,b4000f9d-079b-4f92-b97b-d14d947f2448
9460_0,b6a239fd-a021-40a5-8ffd-b04daa4d0c9a
9895_0,3b5dba66-3721-48ff-9416-37b4513b512e
10269_0,97018d6a-55d3-45c4-b038-10145adb9fe3
10519_0,c8e3d5ca-9520-4b41-bf80-b94d95933b2e
12634_0,8e1f74dc-4775-48ef-961c-f1eb90a6ee1e
10988_0,86cf7357-616e-4275-87cc-1c7c352ea131
9849_0,43bb3c8e-eb86-46d5-9711-9bc825a554dc
9853_0,07a51e60-65cc-48f6-974f-b59b6e14c65a
9930_2,5b07932a-34cd-43f5-95d6-d77b48b238d8
10024_0,4a2b9f85-bf06-4ace-858b-119e3a37c9ea
10031_0,5c58d59a-8bb6-4f79-bc89-f474c6f9c6fe
10405_3,ac581a57-7da1-4f8e-8dcc-beee6473fb2e
11178_3,b03c7684-81e6-4b97-b785-5655c0688399
9769_1,61f338ec-8223-4053-853e-d9925350c2ba
10116_0,afb2c975-2014-4354-8bb4-cbf80ad81e6f
10204_1,f18e3136-4758-45a2-a62b-ac82c9bcd29d
10259_0,845149a1-cb84-4e07-a748-83284775bea7
10051_i,bd44454f-6984-4ab7-b753-d2c789cfb247
10324_1,d2567354-9f76-4fa2-a407-125999336705
13091_3,fae88b13-820c-480a-b7b3-a283dc2821f5
10007_0,bdd0007e-e633-4096-bd5b-923bdec0d3bc
10145_0,8e86aaa2-794f-446e-b5cb-fd4e9ae89a95
10041_1,903f10ba-a7d4-40ed-84a5-087499097a7d
10068_i,2372b44b-9d9d-4935-98c4-fb1d365dd233
12098_0,413250fc-9743-4ec8-a8f9-e42ce78fddee
10241_0,01560cac-a95d-4e90-8378-9c5dda680b7c
10125_0,e2fdc4bc-62e7-4f1b-976c-8729acda6bbe
10550_1,38f66829-ff2f-460a-ad86-e977d3334ee4
13056_4,5c24bfe8-5bc2-4ac3-b79c-7f6e1bbc28d2
10942_3,868da1c1-1c3c-4b8b-abdb-f1097c662619
10113_0,d0da3ec8-fa97-4a00-a5cf-70c2160585a6
10091_i,8f9691e7-693f-4fec-b868-fe7f30a216fc
12697_0,6d36d950-8b83-4f60-b787-15eaf9b67279
10005_3,747edac2-e076-4589-86ac-5a33a1ce8647
9954_0,8a6a8904-29c0-4dc7-aae3-63b252057e48
10922_0,2e9a25a2-e0ed-48d6-8131-32bdba5313c7
13229_1,a61d3a59-f627-4643-a23a-2f9596dd3b8d
10107_i,b15cb058-bd33-4a26-8720-264b290c70f0
10042_0,82616371-8ccd-4d53-b0b6-ffcbad5d4f07
12130_0,6a7bc158-3f63-4988-b2dc-ffa342c0173a
10694_0,80dd4c66-92cc-447b-be7d-d40e855c3394
10110_0,6bb0dc1b-e13c-4a64-97f9-658cb5c9fd04
9659_1,2bfb60b1-2a33-4b43-9d73-a40175268769
10857_0,99292150-acae-49ff-ae4b-71e3e406024e
12122_0,b90cd200-2d43-4a15-a6b1-1ba995fdbb0e
10450_0,c30ce7ab-efcc-4bac-8fb2-62dede3deaff
11796_1,38944350-ad4b-4c95-ae7a-acc3104e3b1e
10183_1,856edf86-e789-446f-91a0-79567c17e50d
10591_0,8d2c1acb-4727-4277-b64b-1da0861a2106
11453_0,2758c029-c1e5-4639-b43c-3fb42f888027
10267_0,7efac226-b727-4eb6-bde0-672ec7b1c15c
12239_1,92530451-7f27-40d6-8bd3-c19de64bd8d8
10190_0,199f20bf-62e3-4ebf-94b4-cdcca2416467
10088_0,62899aee-5200-48c9-a923-50a1d2eba12a
10752_3,ffe9076c-df1f-4def-a290-ffb0f283d3fa
10134_0,52194896-224e-473b-97a9-0cdb54b5464a
10851_0,30b5062d-cf3d-4c07-a4e1-3d1e451218b1
10035_1,579a96d9-f60f-4899-93e3-718a3ae18eb3
9657_0,c184b305-c562-48ce-9ff2-0dfae4f33fcf
8504_2,a54ecd9f-1281-4e72-8ab6-c55574066df7
10509_1,6c4dc1c5-2268-4a04-a8e9-e0f2412c3bbf
10214_i,4d73da1c-51d7-477a-9d29-3121d5e8f550
10362_0,9be85831-59b8-4037-8325-9fa660d2d89a
10475_0,916eab0d-1ed5-44ea-b915-08ab6baef02c
10398_0,49310004-9bc0-48bc-971b-958c7e849690
10211_0,27eb6407-8790-4ce0-aad1-3793affc8747
11440_3,2bdf7dc6-0f42-41a3-a334-0ac2e8dd5bcd
10148_0,bb19b914-bc4e-422a-8aaf-657700c1b902
9999_0,868c705e-96a9-4c5d-8ef2-b5095c03a475
10037_0,d7aa669c-9d86-4382-8948-f9439b3f896e
9436_1,ec01492d-5f5c-4d00-811e-b472b265386a
10665_0,c7dc49c6-64b5-4596-b66a-c1753ae3e45d
10311_0,8d68681f-5efe-45dd-b025-5993e34373de
11011_0,8fbe66a0-0b6e-4bc5-ac40-733d64894b78
10420_0,7a58f4db-a0fd-4e17-9d90-d5b48e422969
10059_0,a4c1d551-abf4-41bb-9d3b-87a2eab8098a
10167_1,06d5a0b6-a40c-48ec-9ffe-71bb525a1100
12335_0,9f2c4e74-3f19-4dca-8004-2635cfa3bb2b
10777_0,595acc1c-12dc-474b-bd8e-ca32d6b5a31e
10819_1,e2d5644c-29cb-4ad5-ad45-f7c5be0b75f5
10363_1,ac4e259d-9c81-4f2e-bc82-f41bbb7a15ed
11134_4,11d1f8e8-a63d-4657-b621-9b503d630039
10284_0,3ad756a6-404f-4aa8-b0f0-5af08fc2ecc6
10431_1,333e85d5-136e-47b1-bf6d-3f89abb3dbc2
10456_0,11d7be90-b3cf-4777-993d-654932677d31
10408_0,1c895490-e90a-4e14-b69b-a7441d4febf8
11109_0,445591ca-bfc5-4e05-ad7b-53ddd25580f2
10359_i,f11ae73e-a28a-4c29-8749-6cd83975cc7a
10261_0,e66b136d-cfe2-40b8-b764-96d292757b47
10355_0,f75353a0-1b79-45b2-8e86-dff7734c1e52
10514_0,f2a98ea4-4dff-4b44-8acf-761b8f9fc3a0
10481_0,c833868c-3727-4ea3-bba0-5c83de0cbf0f
10795_0,d6f2de39-04ff-4f68-a768-b3cb8190e80e
10911_0,a70f0ad7-b0a3-469f-a4aa-88fd61489734
12592_0,2c5e8c63-fd17-4f09-915c-b8849fa14450
10422_0,7efac226-b727-4eb6-bde0-672ec7b1c15c
10314_1,10b8f91b-4ea5-450a-8808-40684edc0610
11769_0,03c30397-796e-4dc3-87d8-869c507c327c
10644_0,c184b305-c562-48ce-9ff2-0dfae4f33fcf
11054_0,01450027-9ef2-434c-812d-38fb1bdbc19e
11535_0,019981f2-b6f5-4c2f-ae53-8190aab70741
10596_0,9e861f21-c326-4b06-ba76-67fe745292ff
10768_0,c55d0ed0-08d9-48af-8b99-345a994f14f0
10623_0,65f40b14-39cc-47c2-b2ca-bb192620d52e
10143_0,92f1286c-526a-4543-9e65-bdf15bead169
10629_0,acdbfc26-e2f0-44df-afdb-9302118f084a
10197_0,44f7fccc-b5ed-437a-ba04-39408a04b6de
12142_0,82ebd30c-a9f2-4dee-b7f2-e87b1d26280e
10494_0,d2a8c06e-da42-4698-927b-1f95e299373c
11280_1,7494b82f-3201-47b7-afbc-6ebb64ddd314
10822_0,1786a18b-6c07-4a89-a63a-5defeb764c4c
12083_0,debb1ea2-9357-45de-921f-2bb628436d2e
10793_0,d8388771-04c9-48b1-9e2b-abfb26c68f06
11051_0,c87bfc5a-2a3d-4da7-a315-f18217581230
11984_0,17464f60-cd36-4ac3-bb5c-9bd4dd605bc7
10501_i,a25b1b1d-91b3-4d66-8cd7-fe4da92b2f32
10805_0,76b16a44-5124-4a8f-863b-ee7db6170e05
10535_i,8cf800ee-525c-4fa4-97cb-4c47891935ed
10692_0,f637ce42-4a1e-40ac-97d4-191c9b73ea23
11238_0,98e3902b-49f1-49e0-8512-7ad2add2dc90
10556_i,d8c6e384-f50e-40e8-b666-07305aaf2734
11060_1,33692d2a-25e3-47e5-aec2-e7efd29e5e6b
10658_0,d3e9b1c5-092d-4b24-a4db-216b5417165f
11840_0,3f845d9f-65d7-4e98-ad18-824e411e3cca
11093_0,82c30a2f-a33c-46c8-a15e-8020a5edf360
10185_0,0d94273f-ff70-4065-8e00-f05c019237d9
10686_i,e826bd38-1e2a-4723-943d-f61d10517bf9
10279_0,1a7befe9-b214-457a-ad69-24d01d47f290
11754_0,d25c0ade-5e5a-43a9-a667-a57aaa02866a
10863_0,70ea1951-fcaf-4f44-801a-2281b451afb0
10589_0,92bdd17e-8a60-41e2-82fc-0ade90c648a9
11920_0,21b889ec-10af-4a52-ad4d-dcbb835a1e44
10734_0,df713619-28d1-499a-97f8-2dd97c869a45
8560_3,7ff4e67c-a550-423b-a50f-786a6e682abc
10971_0,94d6478d-ec1c-435a-8cf6-0fa133cfb463
10790_0,8fa76522-a756-4de6-902c-1ca6a0afd139
10810_0,99c58693-b5fc-4133-aec6-38b8513723fc
11071_0,341a355c-d01b-438c-8f4a-c6a5b2814cdc
10592_0,3c2f1303-f7e3-4dff-9b1d-e991ef1c3aac
10944_0,85ba73ff-b0ee-4705-be86-46e2d14bab1f
10901_0,90d81d6c-6e58-4e0a-8c06-0c5c0ead96eb
11248_0,8ac23715-34ad-4309-addb-e8233b8bd9a1
10750_0,592c29fb-ba7a-41df-a05f-641983cbad9e
10994_0,ebee7790-ca8d-4a25-9a4f-06c10832036c
10789_0,d91694d2-5fb2-4b63-a212-c84e9c784553
11394_0,825f6e9c-6dd9-4edd-929d-5b05c18a8e85
9405_4,f8f2ba41-162b-4f35-b83f-f0591a0702a0
10745_0,32089ab2-b002-4d8f-ada2-9160f4f34f20
10730_0,ca5995f2-13eb-400d-8855-7c48b4a54275
10536_0,a346ccd3-b997-4c16-9f68-55fc3967925b
10811_0,05faa408-4ab0-4f3a-844d-24c9fc32cb9f
11353_0,ecf4d579-37a6-47bf-a855-5f86eb596ab9
12574_1,47c526a9-f9e4-484b-98f2-ef5bd0439162
11260_0,f8809ba6-2760-4476-86f7-4cac2b3aa93e
10969_0,3b014c04-5755-44ea-9077-78abafc3fd03
10776_0,48eebdc3-2936-48de-a287-1dba94524d69
10757_2,b4000f9d-079b-4f92-b97b-d14d947f2448
10773_0,b6a239fd-a021-40a5-8ffd-b04daa4d0c9a
10993_0,3b5dba66-3721-48ff-9416-37b4513b512e
11113_0,97018d6a-55d3-45c4-b038-10145adb9fe3
10519_1,c8e3d5ca-9520-4b41-bf80-b94d95933b2e
12634_1,8e1f74dc-4775-48ef-961c-f1eb90a6ee1e
10988_1,86cf7357-616e-4275-87cc-1c7c352ea131
11321_0,ef1d8e0e-d14c-48f8-81c6-c58d9bce61e1
10986_0,d7ad2f97-160d-4275-ba9d-ffaad6b2ce72
11237_0,4a2b9f85-bf06-4ace-858b-119e3a37c9ea
11493_0,f435d7ec-195d-48bc-a842-0e40cc8b1746
10830_0,ac581a57-7da1-4f8e-8dcc-beee6473fb2e
10916_i,06a55238-052d-4fc2-b25c-bdac9fd2c93f
11178_4,b03c7684-81e6-4b97-b785-5655c0688399
10965_0,61f338ec-8223-4053-853e-d9925350c2ba
11025_0,afb2c975-2014-4354-8bb4-cbf80ad81e6f
10204_2,f18e3136-4758-45a2-a62b-ac82c9bcd29d
11180_0,845149a1-cb84-4e07-a748-83284775bea7
10879_0,d2567354-9f76-4fa2-a407-125999336705
13091_4,fae88b13-820c-480a-b7b3-a283dc2821f5
10979_0,bdd0007e-e633-4096-bd5b-923bdec0d3bc
11023_0,5eb43079-bc92-41db-b9dc-353a5948cfb9
11098_0,7b26c6af-fd3c-4a17-9aac-28b89a3611c3
11527_0,2372b44b-9d9d-4935-98c4-fb1d365dd233
10973_i,d7a73a04-4529-460e-a87e-cd710c9d5d4c
12098_1,413250fc-9743-4ec8-a8f9-e42ce78fddee
11095_0,1f7db67c-f148-4fe2-ad8d-80957d7a7370
10983_0,38f66829-ff2f-460a-ad86-e977d3334ee4
13056_5,5c24bfe8-5bc2-4ac3-b79c-7f6e1bbc28d2
10996_0,dc40fc78-a306-4e4d-91b1-fc469c96b097
10964_0,d0da3ec8-fa97-4a00-a5cf-70c2160585a6
12697_1,6d36d950-8b83-4f60-b787-15eaf9b67279
11345_0,aabcdf14-a6ee-4820-912f-a8ba88bbf305
12653_0,8a6a8904-29c0-4dc7-aae3-63b252057e48
13229_2,a61d3a59-f627-4643-a23a-2f9596dd3b8d
11645_0,78142c64-1e38-491c-8be8-bb0a30e381da
10791_0,82616371-8ccd-4d53-b0b6-ffcbad5d4f07
12130_1,6a7bc158-3f63-4988-b2dc-ffa342c0173a
11081_0,0cb8d42f-3deb-4055-b9f6-ec9ff9f54074
11506_0,72f02f20-8476-488c-a6fb-47398f395704
11730_0,99292150-acae-49ff-ae4b-71e3e406024e
12122_1,b90cd200-2d43-4a15-a6b1-1ba995fdbb0e
11796_2,38944350-ad4b-4c95-ae7a-acc3104e3b1e
12149_0,a7f56f70-4b11-4b48-950d-bad39ff1e410
10882_0,8d2c1acb-4727-4277-b64b-1da0861a2106
11453_1,2758c029-c1e5-4639-b43c-3fb42f888027
11376_0,1f7abcd1-b29a-419b-a0aa-ad7c1c646a26
12239_2,92530451-7f27-40d6-8bd3-c19de64bd8d8
11030_0,199f20bf-62e3-4ebf-94b4-cdcca2416467
11397_0,2e73adb5-4790-4242-82c1-6763594ba8b8
11301_0,52194896-224e-473b-97a9-0cdb54b5464a
10851_1,30b5062d-cf3d-4c07-a4e1-3d1e451218b1
11483_0,1b5b7631-cbc3-498a-a84b-be53de655914
11721_0,c184b305-c562-48ce-9ff2-0dfae4f33fcf
12165_0,81c131ac-3689-4074-9737-7a160a8a5960
11013_0,915e928e-0871-46e9-a4c5-e36e86fed98c
11201_0,9be85831-59b8-4037-8325-9fa660d2d89a
12880_0,916eab0d-1ed5-44ea-b915-08ab6baef02c
11173_0,49310004-9bc0-48bc-971b-958c7e849690
11118_0,27eb6407-8790-4ce0-aad1-3793affc8747
11440_4,2bdf7dc6-0f42-41a3-a334-0ac2e8dd5bcd
10868_0,bb19b914-bc4e-422a-8aaf-657700c1b902
12479_0,868c705e-96a9-4c5d-8ef2-b5095c03a475
11037_0,ec01492d-5f5c-4d00-811e-b472b265386a
10997_0,592f2a41-fd47-4396-8fee-98dd5a87363d
11115_0,8d68681f-5efe-45dd-b025-5993e34373de
11011_1,8fbe66a0-0b6e-4bc5-ac40-733d64894b78
11614_0,06d5a0b6-a40c-48ec-9ffe-71bb525a1100
12335_1,9f2c4e74-3f19-4dca-8004-2635cfa3bb2b
12106_0,595acc1c-12dc-474b-bd8e-ca32d6b5a31e
11134_5,11d1f8e8-a63d-4657-b621-9b503d630039
11382_0,a8afccd4-72d3-42b6-a08a-c9b5d59d663b
11625_0,333e85d5-136e-47b1-bf6d-3f89abb3dbc2
11273_0,11d7be90-b3cf-4777-993d-654932677d31
11635_0,bd548d18-519a-4ead-811a-576e5f889bd1
11165_0,445591ca-bfc5-4e05-ad7b-53ddd25580f2
12286_0,f11ae73e-a28a-4c29-8749-6cd83975cc7a
12103_0,3841f1cf-909c-47d0-a941-9fc9979f1186
11407_0,0ba39920-0d7f-471a-81b3-3498d537da88
11202_0,c833868c-3727-4ea3-bba0-5c83de0cbf0f
11015_0,2c56db71-bc31-413e-877f-cd3fa3ea17e8
11902_0,a70f0ad7-b0a3-469f-a4aa-88fd61489734
12592_1,2c5e8c63-fd17-4f09-915c-b8849fa14450
11287_0,7efac226-b727-4eb6-bde0-672ec7b1c15c
11284_i,b25b02b3-0da1-4c27-acdb-f14d859c839c
11769_1,03c30397-796e-4dc3-87d8-869c507c327c
11334_0,c184b305-c562-48ce-9ff2-0dfae4f33fcf
11054_1,01450027-9ef2-434c-812d-38fb1bdbc19e
11535_1,019981f2-b6f5-4c2f-ae53-8190aab70741
11426_0,9e861f21-c326-4b06-ba76-67fe745292ff
11599_0,418426ca-5d18-49ff-9238-5b14d8a0b26d
11344_0,7511e096-8cc7-47d7-b198-f969ad1e6e87
11240_0,92f1286c-526a-4543-9e65-bdf15bead169
10844_0,7d7368e3-21b4-485b-8667-d6019ec0e0a9
11822_0,44f7fccc-b5ed-437a-ba04-39408a04b6de
12142_1,82ebd30c-a9f2-4dee-b7f2-e87b1d26280e
11732_0,17338a9c-8fed-4ad9-8d13-04bf156fa538
12855_0,7494b82f-3201-47b7-afbc-6ebb64ddd314
11617_0,1786a18b-6c07-4a89-a63a-5defeb764c4c
12083_1,debb1ea2-9357-45de-921f-2bb628436d2e
10793_1,d8388771-04c9-48b1-9e2b-abfb26c68f06
11373_i,b52c65b2-8a89-4775-b384-a498e607583c
12202_0,c87bfc5a-2a3d-4da7-a315-f18217581230
11984_1,17464f60-cd36-4ac3-bb5c-9bd4dd605bc7
11412_i,b697d6e0-e0a8-446b-8d15-1962ef340eac
11465_0,76b16a44-5124-4a8f-863b-ee7db6170e05
11035_0,8cf800ee-525c-4fa4-97cb-4c47891935ed
11763_0,f637ce42-4a1e-40ac-97d4-191c9b73ea23
11421_0,98e3902b-49f1-49e0-8512-7ad2add2dc90
11878_0,18fe6331-2161-4ef5-a25d-b809336acfa9
11447_i,7d453fe3-dada-43e4-aa61-5218bb221873
11930_0,33692d2a-25e3-47e5-aec2-e7efd29e5e6b
11515_0,d3e9b1c5-092d-4b24-a4db-216b5417165f
11840_1,3f845d9f-65d7-4e98-ad18-824e411e3cca
11508_i,825f6e9c-6dd9-4edd-929d-5b05c18a8e85
11816_0,82c30a2f-a33c-46c8-a15e-8020a5edf360
11860_0,ba241d37-29ef-426f-84c4-7f6597e90664
11571_0,e826bd38-1e2a-4723-943d-f61d10517bf9
12055_0,1a7befe9-b214-457a-ad69-24d01d47f290
11754_1,d25c0ade-5e5a-43a9-a667-a57aaa02866a
12136_0,70ea1951-fcaf-4f44-801a-2281b451afb0
11566_0,92bdd17e-8a60-41e2-82fc-0ade90c648a9
11920_1,21b889ec-10af-4a52-ad4d-dcbb835a1e44
11558_0,df713619-28d1-499a-97f8-2dd97c869a45
12199_0,94d6478d-ec1c-435a-8cf6-0fa133cfb463
11771_0,8fa76522-a756-4de6-902c-1ca6a0afd139
11844_0,99c58693-b5fc-4133-aec6-38b8513723fc
13199_0,341a355c-d01b-438c-8f4a-c6a5b2814cdc
11985_0,d4bc15a6-b1f0-4045-a62e-2a36bbc3806a
11654_0,85ba73ff-b0ee-4705-be86-46e2d14bab1f
11468_0,90d81d6c-6e58-4e0a-8c06-0c5c0ead96eb
11261_0,8ac23715-34ad-4309-addb-e8233b8bd9a1
10886_0,de932235-a350-440f-a07c-3e6936d0391c
11662_0,ebee7790-ca8d-4a25-9a4f-06c10832036c
12454_0,0300fadf-b792-4805-baae-6837d31d5d9b
11572_0,825f6e9c-6dd9-4edd-929d-5b05c18a8e85
12226_0,f8f2ba41-162b-4f35-b83f-f0591a0702a0
11739_0,aa5ba718-e455-4c24-84c6-6b15929f3dbe
12677_0,a346ccd3-b997-4c16-9f68-55fc3967925b
11668_0,05faa408-4ab0-4f3a-844d-24c9fc32cb9f
11353_1,ecf4d579-37a6-47bf-a855-5f86eb596ab9
12574_2,47c526a9-f9e4-484b-98f2-ef5bd0439162
12744_0,f8809ba6-2760-4476-86f7-4cac2b3aa93e
12198_0,3b014c04-5755-44ea-9077-78abafc3fd03
11664_i,2ac83b90-e541-43ea-a3c8-2c42d99214b9
11783_0,48eebdc3-2936-48de-a287-1dba94524d69
11363_0,b4000f9d-079b-4f92-b97b-d14d947f2448
12377_0,b6a239fd-a021-40a5-8ffd-b04daa4d0c9a
12206_0,3b5dba66-3721-48ff-9416-37b4513b512e
12634_2,8e1f74dc-4775-48ef-961c-f1eb90a6ee1e
12230_0,86cf7357-616e-4275-87cc-1c7c352ea131
14441_0,1e77f6f9-893a-4cb1-bd4f-a13dca2927e6
12139_0,4c7e69d5-ba21-4514-bc18-9824f4e8f9d5
11567_0,f435d7ec-195d-48bc-a842-0e40cc8b1746
11727_0,06a55238-052d-4fc2-b25c-bdac9fd2c93f
11767_0,61f338ec-8223-4053-853e-d9925350c2ba
12620_0,afb2c975-2014-4354-8bb4-cbf80ad81e6f
11446_0,4936f767-a545-49bc-9f63-55a3c758682a
11708_0,9c1ac452-fcee-48a9-9386-bdd99fcac74d
13091_5,fae88b13-820c-480a-b7b3-a283dc2821f5
11746_0,bdd0007e-e633-4096-bd5b-923bdec0d3bc
11750_0,5eb43079-bc92-41db-b9dc-353a5948cfb9
12760_0,7b26c6af-fd3c-4a17-9aac-28b89a3611c3
11641_0,2372b44b-9d9d-4935-98c4-fb1d365dd233
12091_0,d7a73a04-4529-460e-a87e-cd710c9d5d4c
12098_2,413250fc-9743-4ec8-a8f9-e42ce78fddee
12084_0,34474eed-e8fe-49e7-bde0-17be227fbce6
11780_0,38f66829-ff2f-460a-ad86-e977d3334ee4
13056_6,5c24bfe8-5bc2-4ac3-b79c-7f6e1bbc28d2
10996_1,dc40fc78-a306-4e4d-91b1-fc469c96b097
12138_0,89584da7-a476-4eaa-9a55-b804d6627466
12697_2,6d36d950-8b83-4f60-b787-15eaf9b67279
13905_0,aabcdf14-a6ee-4820-912f-a8ba88bbf305
12653_1,8a6a8904-29c0-4dc7-aae3-63b252057e48
13229_3,a61d3a59-f627-4643-a23a-2f9596dd3b8d
11958_0,78142c64-1e38-491c-8be8-bb0a30e381da
11993_0,9298b291-57e6-4d54-9519-b73ffadd762c
12130_2,6a7bc158-3f63-4988-b2dc-ffa342c0173a
12231_0,0cb8d42f-3deb-4055-b9f6-ec9ff9f54074
11775_0,72f02f20-8476-488c-a6fb-47398f395704
12942_0,99292150-acae-49ff-ae4b-71e3e406024e
12122_2,b90cd200-2d43-4a15-a6b1-1ba995fdbb0e
11796_3,38944350-ad4b-4c95-ae7a-acc3104e3b1e
12149_1,a7f56f70-4b11-4b48-950d-bad39ff1e410
11899_0,8d2c1acb-4727-4277-b64b-1da0861a2106
11970_0,4aef4062-d209-4200-a138-7f90f36241a4
11962_0,1f7abcd1-b29a-419b-a0aa-ad7c1c646a26
12239_3,92530451-7f27-40d6-8bd3-c19de64bd8d8
12067_0,199f20bf-62e3-4ebf-94b4-cdcca2416467
12767_0,150c59ab-05c9-4a7f-b4ae-2cfc0f59e683
12674_0,52194896-224e-473b-97a9-0cdb54b5464a
11978_0,30b5062d-cf3d-4c07-a4e1-3d1e451218b1
11741_0,1b5b7631-cbc3-498a-a84b-be53de655914
11721_1,c184b305-c562-48ce-9ff2-0dfae4f33fcf
12165_1,81c131ac-3689-4074-9737-7a160a8a5960
12504_0,915e928e-0871-46e9-a4c5-e36e86fed98c
12293_0,9be85831-59b8-4037-8325-9fa660d2d89a
12880_1,916eab0d-1ed5-44ea-b915-08ab6baef02c
11950_0,49310004-9bc0-48bc-971b-958c7e849690
12540_0,27eb6407-8790-4ce0-aad1-3793affc8747
11440_5,2bdf7dc6-0f42-41a3-a334-0ac2e8dd5bcd
12205_0,bb19b914-bc4e-422a-8aaf-657700c1b902
12479_1,868c705e-96a9-4c5d-8ef2-b5095c03a475
11037_1,ec01492d-5f5c-4d00-811e-b472b265386a
12076_0,8d68681f-5efe-45dd-b025-5993e34373de
11595_0,8fbe66a0-0b6e-4bc5-ac40-733d64894b78
11969_0,06d5a0b6-a40c-48ec-9ffe-71bb525a1100
12335_2,9f2c4e74-3f19-4dca-8004-2635cfa3bb2b
12106_1,595acc1c-12dc-474b-bd8e-ca32d6b5a31e
11134_6,11d1f8e8-a63d-4657-b621-9b503d630039
12066_0,a8afccd4-72d3-42b6-a08a-c9b5d59d663b
14003_0,333e85d5-136e-47b1-bf6d-3f89abb3dbc2
11286_0,11d7be90-b3cf-4777-993d-654932677d31
13782_0,ab4af96d-72da-460c-944e-a06c5e2f4841
12145_0,445591ca-bfc5-4e05-ad7b-53ddd25580f2
12286_1,f11ae73e-a28a-4c29-8749-6cd83975cc7a
12103_1,3841f1cf-909c-47d0-a941-9fc9979f1186
12044_i,5a9a2bf8-9783-4b64-ad45-1745686d3bd1
11938_0,cad272fa-0412-46d4-be85-3d0f9428a50f
12913_0,c833868c-3727-4ea3-bba0-5c83de0cbf0f
12328_0,ebfa755f-c0d0-4d17-ae77-e253521b9bd9
11913_0,a70f0ad7-b0a3-469f-a4aa-88fd61489734
12592_2,2c5e8c63-fd17-4f09-915c-b8849fa14450
12588_0,7efac226-b727-4eb6-bde0-672ec7b1c15c
12078_i,48a1084d-9307-42a6-9ffd-a66f5fd1af61
11764_0,b25b02b3-0da1-4c27-acdb-f14d859c839c
12208_0,03c30397-796e-4dc3-87d8-869c507c327c
11334_1,c184b305-c562-48ce-9ff2-0dfae4f33fcf
12929_0,9e861f21-c326-4b06-ba76-67fe745292ff
12077_0,c55d0ed0-08d9-48af-8b99-345a994f14f0
12089_0,44f7fccc-b5ed-437a-ba04-39408a04b6de
12142_2,82ebd30c-a9f2-4dee-b7f2-e87b1d26280e
12229_0,7110b61b-dd01-4ca6-9a3b-93a8dedfcefd
12855_1,7494b82f-3201-47b7-afbc-6ebb64ddd314
12188_0,1786a18b-6c07-4a89-a63a-5defeb764c4c
12147_0,debb1ea2-9357-45de-921f-2bb628436d2e
12162_0,ca22d58d-5890-4865-9b0a-8017b628cce1
12425_0,b52c65b2-8a89-4775-b384-a498e607583c
12202_1,c87bfc5a-2a3d-4da7-a315-f18217581230
11984_2,17464f60-cd36-4ac3-bb5c-9bd4dd605bc7
12417_0,b697d6e0-e0a8-446b-8d15-1962ef340eac
12237_i,a847c55f-aeb9-45db-aa65-91385cc8e36e
12371_0,b26afb8b-e8d9-4364-b4cf-ed8cc20b610e
12581_0,8cf800ee-525c-4fa4-97cb-4c47891935ed
12233_0,98e3902b-49f1-49e0-8512-7ad2add2dc90
12605_0,3ad8fe0d-edf3-4d19-8191-47c9ab0eab63
12054_0,7d453fe3-dada-43e4-aa61-5218bb221873
11930_1,33692d2a-25e3-47e5-aec2-e7efd29e5e6b
12301_0,d3e9b1c5-092d-4b24-a4db-216b5417165f
11840_2,3f845d9f-65d7-4e98-ad18-824e411e3cca
11626_0,825f6e9c-6dd9-4edd-929d-5b05c18a8e85
12346_i,a5b6a33d-1818-4216-8c0f-b648c55087d1
11816_1,82c30a2f-a33c-46c8-a15e-8020a5edf360
12340_0,ba241d37-29ef-426f-84c4-7f6597e90664
11905_0,e826bd38-1e2a-4723-943d-f61d10517bf9
12402_0,1a7befe9-b214-457a-ad69-24d01d47f290
12915_0,d25c0ade-5e5a-43a9-a667-a57aaa02866a
12667_0,70ea1951-fcaf-4f44-801a-2281b451afb0
12320_0,df713619-28d1-499a-97f8-2dd97c869a45
12603_0,94d6478d-ec1c-435a-8cf6-0fa133cfb463
12492_0,8fa76522-a756-4de6-902c-1ca6a0afd139
13375_0,99c58693-b5fc-4133-aec6-38b8513723fc
13199_1,341a355c-d01b-438c-8f4a-c6a5b2814cdc
12258_0,57ea9c32-fe05-4c44-89ad-929f57184dce
12577_0,85ba73ff-b0ee-4705-be86-46e2d14bab1f
12610_0,8ac23715-34ad-4309-addb-e8233b8bd9a1
12441_0,592c29fb-ba7a-41df-a05f-641983cbad9e
12366_0,ebee7790-ca8d-4a25-9a4f-06c10832036c
12454_1,0300fadf-b792-4805-baae-6837d31d5d9b
12405_0,825f6e9c-6dd9-4edd-929d-5b05c18a8e85
12933_0,f8f2ba41-162b-4f35-b83f-f0591a0702a0
12694_0,60212ec9-fec0-4019-b5b1-e8e14e1ccd85
12677_1,a346ccd3-b997-4c16-9f68-55fc3967925b
12529_0,05faa408-4ab0-4f3a-844d-24c9fc32cb9f
12619_0,ecf4d579-37a6-47bf-a855-5f86eb596ab9
12574_3,47c526a9-f9e4-484b-98f2-ef5bd0439162
12744_1,f8809ba6-2760-4476-86f7-4cac2b3aa93e
13872_0,0f23c28f-f64f-491e-ad66-1f2084ac224c
12790_0,2ac83b90-e541-43ea-a3c8-2c42d99214b9
12533_0,48eebdc3-2936-48de-a287-1dba94524d69
13952_0,b4000f9d-079b-4f92-b97b-d14d947f2448
12377_1,b6a239fd-a021-40a5-8ffd-b04daa4d0c9a
12705_0,3b5dba66-3721-48ff-9416-37b4513b512e
12634_3,8e1f74dc-4775-48ef-961c-f1eb90a6ee1e
12373_0,86cf7357-616e-4275-87cc-1c7c352ea131
14441_1,1e77f6f9-893a-4cb1-bd4f-a13dca2927e6
12510_0,4c7e69d5-ba21-4514-bc18-9824f4e8f9d5
12791_0,f435d7ec-195d-48bc-a842-0e40cc8b1746
13675_0,06a55238-052d-4fc2-b25c-bdac9fd2c93f
14119_0,61f338ec-8223-4053-853e-d9925350c2ba
12620_1,afb2c975-2014-4354-8bb4-cbf80ad81e6f
13091_6,fae88b13-820c-480a-b7b3-a283dc2821f5
12589_0,bdd0007e-e633-4096-bd5b-923bdec0d3bc
12760_1,7b26c6af-fd3c-4a17-9aac-28b89a3611c3
12820_0,d7a73a04-4529-460e-a87e-cd710c9d5d4c
12194_0,413250fc-9743-4ec8-a8f9-e42ce78fddee
13681_0,a4f5ee45-5107-455d-a303-73ceaeec3ee2
12703_0,38f66829-ff2f-460a-ad86-e977d3334ee4
13056_7,5c24bfe8-5bc2-4ac3-b79c-7f6e1bbc28d2
12138_1,89584da7-a476-4eaa-9a55-b804d6627466
12697_3,6d36d950-8b83-4f60-b787-15eaf9b67279
13905_1,aabcdf14-a6ee-4820-912f-a8ba88bbf305
12653_2,8a6a8904-29c0-4dc7-aae3-63b252057e48
13229_4,a61d3a59-f627-4643-a23a-2f9596dd3b8d
12708_0,c0c518fd-3aac-4258-ab58-efa9943572be
13263_0,d7432791-9828-4218-9f41-b9069f9844be
12888_0,27e5a725-bb57-4775-bb52-daa58f20a156
12630_0,feae7a11-d466-4de8-a234-04a7e605157c
12942_1,99292150-acae-49ff-ae4b-71e3e406024e
12659_0,b90cd200-2d43-4a15-a6b1-1ba995fdbb0e
13162_0,b24f35f0-175c-4434-972b-de141aacc102
13301_0,6b926f3f-d313-42d4-af2c-11e716af7075
12762_0,199f20bf-62e3-4ebf-94b4-cdcca2416467
12767_1,150c59ab-05c9-4a7f-b4ae-2cfc0f59e683
12674_1,52194896-224e-473b-97a9-0cdb54b5464a
13742_0,30b5062d-cf3d-4c07-a4e1-3d1e451218b1
12753_0,c184b305-c562-48ce-9ff2-0dfae4f33fcf
13429_0,b05861d0-b8c9-42b3-b2b1-1d96151b5c30
13387_0,9be85831-59b8-4037-8325-9fa660d2d89a
12880_2,916eab0d-1ed5-44ea-b915-08ab6baef02c
13343_0,49310004-9bc0-48bc-971b-958c7e849690
13658_0,42d37c72-2cb5-4173-a2cb-d7214e4e509d
12953_0,bb19b914-bc4e-422a-8aaf-657700c1b902
12487_0,868c705e-96a9-4c5d-8ef2-b5095c03a475
11037_2,ec01492d-5f5c-4d00-811e-b472b265386a
12505_0,8d68681f-5efe-45dd-b025-5993e34373de
13859_0,06d5a0b6-a40c-48ec-9ffe-71bb525a1100
12858_0,595acc1c-12dc-474b-bd8e-ca32d6b5a31e
12861_i,b26bc446-b14f-47cd-a27c-2f172693c837
13630_0,11d1f8e8-a63d-4657-b621-9b503d630039
12881_0,a8afccd4-72d3-42b6-a08a-c9b5d59d663b
14003_1,333e85d5-136e-47b1-bf6d-3f89abb3dbc2
13280_0,11d7be90-b3cf-4777-993d-654932677d31
13782_1,ab4af96d-72da-460c-944e-a06c5e2f4841
12897_i,97a085e8-d583-49d5-b781-24fe71471fb1
13230_0,445591ca-bfc5-4e05-ad7b-53ddd25580f2
12678_0,f11ae73e-a28a-4c29-8749-6cd83975cc7a
12901_i,ce183522-8693-45d8-bacd-5e85dd4cad06
12957_0,3841f1cf-909c-47d0-a941-9fc9979f1186
12954_0,15aa3be6-80bc-44ce-ad5f-9df4dee2bc6b
13087_0,626f2caf-44b3-4423-a3c3-aee77b0648b7
12913_1,c833868c-3727-4ea3-bba0-5c83de0cbf0f
12940_0,a70f0ad7-b0a3-469f-a4aa-88fd61489734
13098_0,0643d8e7-0bdb-4d5f-9925-6338d96a7870
13256_0,48a1084d-9307-42a6-9ffd-a66f5fd1af61
13184_0,b25b02b3-0da1-4c27-acdb-f14d859c839c
13504_0,c184b305-c562-48ce-9ff2-0dfae4f33fcf
12929_1,9e861f21-c326-4b06-ba76-67fe745292ff
13816_0,82ebd30c-a9f2-4dee-b7f2-e87b1d26280e
13881_0,60d99091-718c-415f-a7f9-262a7d6670b9
12975_0,7494b82f-3201-47b7-afbc-6ebb64ddd314
13042_0,1786a18b-6c07-4a89-a63a-5defeb764c4c
13344_0,debb1ea2-9357-45de-921f-2bb628436d2e
13077_0,b52c65b2-8a89-4775-b384-a498e607583c
13747_0,17464f60-cd36-4ac3-bb5c-9bd4dd605bc7
12885_0,b697d6e0-e0a8-446b-8d15-1962ef340eac
13041_0,fa7ebaee-43a5-459c-a558-1765f5fcfb66
13349_0,631f3378-0715-4a41-b894-356aef0bf7ae
13134_0,8cf800ee-525c-4fa4-97cb-4c47891935ed
13334_0,98e3902b-49f1-49e0-8512-7ad2add2dc90
13290_0,75b844b1-fbed-4776-a415-58e755df2f10
12781_0,33692d2a-25e3-47e5-aec2-e7efd29e5e6b
13314_0,d3e9b1c5-092d-4b24-a4db-216b5417165f
13666_0,825f6e9c-6dd9-4edd-929d-5b05c18a8e85
13261_0,a5b6a33d-1818-4216-8c0f-b648c55087d1
11816_2,82c30a2f-a33c-46c8-a15e-8020a5edf360
13867_0,0d94273f-ff70-4065-8e00-f05c019237d9
11905_1,e826bd38-1e2a-4723-943d-f61d10517bf9
14306_0,d25c0ade-5e5a-43a9-a667-a57aaa02866a
13207_0,70ea1951-fcaf-4f44-801a-2281b451afb0
13529_0,df713619-28d1-499a-97f8-2dd97c869a45
13354_0,8fa76522-a756-4de6-902c-1ca6a0afd139
13375_1,99c58693-b5fc-4133-aec6-38b8513723fc
13235_0,341a355c-d01b-438c-8f4a-c6a5b2814cdc
13550_0,443944e8-79cd-4bbd-bd62-4b4423824eab
13629_0,85ba73ff-b0ee-4705-be86-46e2d14bab1f
13391_0,825f6e9c-6dd9-4edd-929d-5b05c18a8e85
14023_0,f8f2ba41-162b-4f35-b83f-f0591a0702a0
13499_0,7f7b4f9f-d187-4207-8447-397b5a37105b
12677_2,a346ccd3-b997-4c16-9f68-55fc3967925b
13413_0,05faa408-4ab0-4f3a-844d-24c9fc32cb9f
13735_0,8b7553c7-f4e2-4f32-84a4-ef51dbc9bc58
13872_1,0f23c28f-f64f-491e-ad66-1f2084ac224c
13299_0,2ac83b90-e541-43ea-a3c8-2c42d99214b9
13890_0,530a1327-7559-4f42-8bf5-07b07b35b531
13952_1,b4000f9d-079b-4f92-b97b-d14d947f2448
13453_0,b6a239fd-a021-40a5-8ffd-b04daa4d0c9a
13762_0,8e1f74dc-4775-48ef-961c-f1eb90a6ee1e
14148_0,86cf7357-616e-4275-87cc-1c7c352ea131
14441_2,1e77f6f9-893a-4cb1-bd4f-a13dca2927e6
12948_0,4c7e69d5-ba21-4514-bc18-9824f4e8f9d5
14061_0,f435d7ec-195d-48bc-a842-0e40cc8b1746
13675_1,06a55238-052d-4fc2-b25c-bdac9fd2c93f
14119_1,61f338ec-8223-4053-853e-d9925350c2ba
13689_0,afb2c975-2014-4354-8bb4-cbf80ad81e6f
14587_0,fae88b13-820c-480a-b7b3-a283dc2821f5
13466_0,bdd0007e-e633-4096-bd5b-923bdec0d3bc
14227_0,f65ed54f-d1f9-4f30-96e3-74c8dfdb5420
13681_1,a4f5ee45-5107-455d-a303-73ceaeec3ee2
13384_0,5c24bfe8-5bc2-4ac3-b79c-7f6e1bbc28d2
14133_0,89584da7-a476-4eaa-9a55-b804d6627466
13905_2,aabcdf14-a6ee-4820-912f-a8ba88bbf305
13596_0,5fd38d3a-28c6-4deb-9fae-881170664b4f
13229_5,a61d3a59-f627-4643-a23a-2f9596dd3b8d
13722_0,6e61db4a-359d-466e-9d8f-e8de56c7f707
13623_0,0b6a1f4c-ad0e-40a2-a5cc-c7c82f60c49c
13577_0,65356736-4e69-4311-afd5-b00ddec00845
14106_0,bd76442e-ab23-448a-af45-10ff6a6112b7
13719_0,d9136235-1b2e-460f-951c-fa2cdf504cc1
13809_0,199f20bf-62e3-4ebf-94b4-cdcca2416467
13740_0,470e02a4-15b0-433c-b09a-2ef9b0abae73
13742_1,30b5062d-cf3d-4c07-a4e1-3d1e451218b1
12753_1,c184b305-c562-48ce-9ff2-0dfae4f33fcf
13463_0,dfb5ad31-d74e-49a1-8367-5b26502ea8f6
14145_0,9be85831-59b8-4037-8325-9fa660d2d89a
13728_0,916eab0d-1ed5-44ea-b915-08ab6baef02c
13751_0,49310004-9bc0-48bc-971b-958c7e849690
13658_1,42d37c72-2cb5-4173-a2cb-d7214e4e509d
13552_0,868c705e-96a9-4c5d-8ef2-b5095c03a475
13638_0,ec01492d-5f5c-4d00-811e-b472b265386a
12505_1,8d68681f-5efe-45dd-b025-5993e34373de
13859_1,06d5a0b6-a40c-48ec-9ffe-71bb525a1100
14585_0,595acc1c-12dc-474b-bd8e-ca32d6b5a31e
13646_0,b26bc446-b14f-47cd-a27c-2f172693c837
13630_1,11d1f8e8-a63d-4657-b621-9b503d630039
14003_2,333e85d5-136e-47b1-bf6d-3f89abb3dbc2
13702_0,11d7be90-b3cf-4777-993d-654932677d31
13782_2,ab4af96d-72da-460c-944e-a06c5e2f4841
14240_0,97a085e8-d583-49d5-b781-24fe71471fb1
13610_0,445591ca-bfc5-4e05-ad7b-53ddd25580f2
13687_0,f11ae73e-a28a-4c29-8749-6cd83975cc7a
13581_0,ce183522-8693-45d8-bacd-5e85dd4cad06
13604_0,3841f1cf-909c-47d0-a941-9fc9979f1186
13714_0,0ba5bdc1-4736-4be0-9586-c268c937b078
13585_0,c833868c-3727-4ea3-bba0-5c83de0cbf0f
13730_i,538dcbcd-3145-4555-b08b-714b0baba8b8
13417_0,a70f0ad7-b0a3-469f-a4aa-88fd61489734
13993_0,0643d8e7-0bdb-4d5f-9925-6338d96a7870
13775_0,48a1084d-9307-42a6-9ffd-a66f5fd1af61
13686_0,b25b02b3-0da1-4c27-acdb-f14d859c839c
13816_1,82ebd30c-a9f2-4dee-b7f2-e87b1d26280e
13881_1,60d99091-718c-415f-a7f9-262a7d6670b9
13077_1,b52c65b2-8a89-4775-b384-a498e607583c
14042_0,b697d6e0-e0a8-446b-8d15-1962ef340eac
13891_i,c3a5b803-d157-4154-8c0f-43ebcb91dc20
13964_0,c773a871-de0d-4426-be34-b327141a21b5
14850_0,98e3902b-49f1-49e0-8512-7ad2add2dc90
13970_0,d3e9b1c5-092d-4b24-a4db-216b5417165f
14259_0,825f6e9c-6dd9-4edd-929d-5b05c18a8e85
14111_0,a5b6a33d-1818-4216-8c0f-b648c55087d1
14036_0,ba241d37-29ef-426f-84c4-7f6597e90664
14348_0,e826bd38-1e2a-4723-943d-f61d10517bf9
14306_1,d25c0ade-5e5a-43a9-a667-a57aaa02866a
13906_0,df713619-28d1-499a-97f8-2dd97c869a45
14126_0,8fa76522-a756-4de6-902c-1ca6a0afd139
14768_0,85ba73ff-b0ee-4705-be86-46e2d14bab1f
14105_i,82d3bafb-0e77-4c78-989b-aeb7734cafe9
14608_0,9ac953b9-e4cb-419e-bbec-a2b1a5ead897
14023_1,f8f2ba41-162b-4f35-b83f-f0591a0702a0
14143_0,386277a3-7fbe-4007-8881-e1185ff0191e
14157_0,05faa408-4ab0-4f3a-844d-24c9fc32cb9f
14497_0,8b7553c7-f4e2-4f32-84a4-ef51dbc9bc58
13872_2,0f23c28f-f64f-491e-ad66-1f2084ac224c
13890_1,530a1327-7559-4f42-8bf5-07b07b35b531
13900_0,8e1f74dc-4775-48ef-961c-f1eb90a6ee1e
14441_3,1e77f6f9-893a-4cb1-bd4f-a13dca2927e6
13870_0,06a55238-052d-4fc2-b25c-bdac9fd2c93f
14125_0,61f338ec-8223-4053-853e-d9925350c2ba
14587_1,fae88b13-820c-480a-b7b3-a283dc2821f5
14227_1,f65ed54f-d1f9-4f30-96e3-74c8dfdb5420
14133_1,89584da7-a476-4eaa-9a55-b804d6627466
14283_0,aabcdf14-a6ee-4820-912f-a8ba88bbf305
14692_0,806c3d36-d94f-43b8-b6b7-fbe62aa7a463
13623_1,0b6a1f4c-ad0e-40a2-a5cc-c7c82f60c49c
14640_0,40540800-25b4-4f22-994e-11990e2a3791
14470_0,199f20bf-62e3-4ebf-94b4-cdcca2416467
14438_i,c08838ec-9c43-4630-81d0-0a0bb883452a
14011_0,3417b03d-4465-41e9-8db7-64b2d391e631
14358_0,9be85831-59b8-4037-8325-9fa660d2d89a
13638_1,ec01492d-5f5c-4d00-811e-b472b265386a
14585_1,595acc1c-12dc-474b-bd8e-ca32d6b5a31e
14616_0,b26bc446-b14f-47cd-a27c-2f172693c837
14813_0,333e85d5-136e-47b1-bf6d-3f89abb3dbc2
14553_0,97a085e8-d583-49d5-b781-24fe71471fb1
14638_0,a5e231dc-170e-4bc5-9f7b-1c2124752286
14613_0,8debb1dc-4926-4d3b-9e3d-a02e16b2fbc7
14683_0,cca590cf-ecf3-4b5d-b739-bcb297a5920f
14923_0,c773a871-de0d-4426-be34-b327141a21b5
14850_1,98e3902b-49f1-49e0-8512-7ad2add2dc90
