6122_i,72f7bb05-4729-4984-b64c-adfdc83a0977
6123_i,091fe699-1f3f-44a7-b81e-0073f713fe37
6126_i,6d139442-9909-488f-997f-824a9d7b4c48
6127_i,54e6e6e4-cf5f-4731-bf61-152875c3a2ab
6128_i,5a9dd67c-e298-409f-a9f4-d07d7b836591
6129_i,7473acc4-a130-41c9-ad71-c51c37c527f8
6132_i,857ce300-25cd-4aef-9232-de1dab65d1ee
6137_i,0ecabc57-2c63-4fed-8c79-e0539fe362a9
6140_i,bbd00347-7b60-42d3-9052-b81d4611f01a
6143_i,308e5e38-dcb1-4527-89f4-f0ca3e286314
6145_i,1f3de7c3-0167-4408-b537-e1a6227414af
6147_i,33f0845d-ab6f-4698-bc1c-3b9abeea3886
6150_i,7ea196cb-968f-47b3-a58c-1ccc39fbef3b
6154_i,d0a4a780-3774-4645-bbb6-53abca87c919
6155_i,6115bcea-767c-46dd-b687-0d82657d508c
6157_i,b38a0d7a-3508-48d5-a0fd-231fb893ed89
6158_i,a4b9ed80-24a1-43fe-8f64-cba25e719a50
6164_i,bf1ea248-3a41-49a8-99e9-513e7d38a37d
6174_i,fc15be19-3643-493b-94a9-1e8480c762da
6207_i,6e93a55e-559d-49f8-83b1-56a69ac202e0
6218_i,6ddc0d09-7eca-40c8-a056-53272eeaf3e7
6224_i,d504cf8e-d2d5-496f-bc41-5c73cc0d28e5
6226_i,3443c73c-9d8d-4849-b04b-de11a2a459b0
6232_i,5c0ae353-beb7-4c3b-9f41-602ad3311b79
6238_i,7cc7d739-77cb-452c-9f04-14df59dd4293
6253_i,7d6a6293-f5ac-4e20-addf-8fa9e4065143
6262_i,87d20659-8f4d-4180-a7e2-92a3d008d351
6266_i,0671d18b-4bd9-41e6-bbb1-059249fcbc30
6269_i,cbd67551-65dd-4b2e-9e34-97cf5a81cee6
6280_i,968d84f2-405f-4d7a-b8ac-09eda290749e
6295_i,c2e759eb-b056-49c1-becd-6604d1cfa6ff
6299_i,504cce72-0fe9-4e0d-aa9c-a3b555f4bd1d
6301_i,f26e0c64-412a-4b20-ac29-dbed31c2b520
6305_i,5453c49e-25df-4c78-b54b-79671e9b40f8
6307_i,a2df2fca-7bbb-4a6c-b3e6-e45b8f366fe4
6316_i,dc9f74e1-38bc-4e32-baa3-a7c292cf29be
6337_i,460d9431-feaa-4fcc-8964-d94f7e34e85a
6340_i,44581c58-67f5-4157-bce6-abaf316741f0
6344_i,8902f53b-5e3e-44a9-b123-05cebcda48ea
6375_i,0ecb6b1d-512d-4c0d-ac50-c732dcada9c1
6378_i,a52422c5-1092-4242-a9d6-3f3815ae49b1
6379_i,3e7ebe02-21bf-43c3-83db-d4f68cb6095c
6388_i,21a33163-1340-4954-933e-d49bbe888b42
6398_i,6a3c9c89-6375-4989-a9e5-af1fa9d2e52d
6410_i,bbd00347-7b60-42d3-9052-b81d4611f01a
6411_i,b4a58463-5d0a-4708-baf2-3faafe6acf66
6414_i,d93042eb-8349-4ff7-af77-766d8c0af92d
6416_i,d6a9798e-0109-43d7-95c7-e793a0b5c5a2
6417_i,7b037620-c50c-430a-a952-0c15de092939
6418_i,e1aeec9f-0806-4f59-b7d4-a7e9f212290c
6420_i,14333aaa-8bd5-43d3-b56c-7e0246c579ed
6421_i,1736739c-0d4d-4751-8626-2e0e3226cce6
6431_i,f26e0c64-412a-4b20-ac29-dbed31c2b520
6434_i,6cc6bde4-185a-449f-bc87-f9b5ece40f3b
6435_i,0ecabc57-2c63-4fed-8c79-e0539fe362a9
6456_i,ee87bb4b-53c1-477e-b253-7bbd5a6281a6
6466_i,76070b78-3f1f-4545-9ae0-3f5d18262d94
6468_i,3a54d49a-cfc9-4d78-a006-720ac17b45ea
6481_i,6c215714-3c21-40ef-a89e-b350acadb50c
6500_i,a3a6a6ea-1101-47a6-b0d8-2b72747e9bef
6505_i,082563f9-c0db-478b-9537-bb427908d512
6522_i,9ff0255f-0b99-4657-90ff-3ce4979a22de
6538_i,4f39d900-4417-46e7-937d-71a67cde1f3a
6548_i,c1d56e8e-b4d6-4b1b-a694-69e16aac674e
6550_i,f4b6f2e1-efa0-4d88-92ec-478048bf4f2d
6552_i,c36b64a7-a31b-40bb-bafb-3e75946af60e
6557_i,e1aeec9f-0806-4f59-b7d4-a7e9f212290c
6573_i,0f00e622-6383-4cc8-8b36-33dbc2e2eefd
6578_i,e1aeec9f-0806-4f59-b7d4-a7e9f212290c
6580_i,1fefde62-d3aa-4e49-a434-87333ba6ac7a
6588_i,1daac461-4d07-4783-b0b4-4bd7bd398d31
6614_i,48c3fed7-d1d9-4a25-9e01-75a25bb377e7
6645_i,bb665b19-f82b-480d-a46d-46a1cff3ca82
6660_i,3f1a3acf-6ada-4001-8189-c96cb247e072
6662_i,85ca338a-6bd6-442f-bbf0-bbc0d0cc018a
6712_i,d07dd666-c2e9-4c25-9c0c-78b44928e5f0
6736_i,a1346700-d363-41cd-a543-1f5a849822b3
6759_i,8a17711d-dedc-4d1b-bc7e-4686bc1bc6fb
6784_i,c9f0f0c9-18ec-4f3c-b91f-2304117f5d20
6791_i,b71c3b23-d035-4dc3-886d-a5330534adaf
6814_i,08ddf95b-31a7-4298-addb-7eb55c37e172
6819_i,14b6b95f-4eb7-43f3-b9df-812453b1c920
6821_i,51f1d7ac-30ff-46da-97e0-63006979943d
6822_i,afc4eb56-0985-4a9c-a7b9-156cb1a4189d
6834_i,51d42924-80fa-44c4-823a-c9cf46b35d73
6839_i,3e9644f7-8f81-4da6-880e-41192b2d5527
6869_i,b72ce495-e810-45d7-85a7-45660ebf8a06
6871_i,89dab9d0-1485-4fda-ae9f-b607823a29ac
6885_i,f313b155-45ca-4638-b92e-0aed6fab80d6
6887_i,4b436247-a23a-41bd-a7c6-bad389551481
6906_i,e1aeec9f-0806-4f59-b7d4-a7e9f212290c
6933_i,e1aeec9f-0806-4f59-b7d4-a7e9f212290c
6941_i,4144b02b-25b0-46c2-b84a-aab665d8dd39
6942_i,67676d14-e8df-4fd1-b7e5-7d7996adc895
6948_i,159246b2-007d-4607-8db0-6d881d59420c
6979_i,f59558cf-648d-48c1-98f7-35c2fea48758
6981_i,3890ea69-150d-4791-ab12-469654160dda
6988_i,7473acc4-a130-41c9-ad71-c51c37c527f8
6991_i,98f694de-7f30-452b-bc33-76a97158fb3d
7017_i,0ecb6b1d-512d-4c0d-ac50-c732dcada9c1
7023_i,cbafd20a-1e19-425c-90ba-5b1e0dd480a4
7027_i,e1aeec9f-0806-4f59-b7d4-a7e9f212290c
7035_i,e1aeec9f-0806-4f59-b7d4-a7e9f212290c
7073_i,5c353617-9c2e-471a-a6b3-3afe0c3b66a3
7080_i,f2b064e4-162e-42b7-b126-22d8efd1b2fa
7137_i,45b0b087-c9f5-421c-91b7-37000365d2df
7141_i,aaa6642d-af83-45ee-babd-c711a2e71e36
7152_i,a7dcacac-d547-4b15-a043-2d17ed2cb775
7157_i,bffceb18-0e13-4820-b85b-2fbda8cac5c2
7175_i,eae728f4-5e45-4b14-879b-6acb47d6453f
7185_i,ba1c2230-6352-4927-ae16-9edda5ca4595
7188_i,7e944613-1e3d-4c1d-b346-e894e8671986
7254_i,a422d8fd-9bca-4f32-beff-bb8d46eb92a1
7261_i,c589eb20-b7a8-47e7-895e-16ceaf2967b4
7273_i,edc43092-20e2-4fb2-848c-cc2d87b25610
7319_i,794ad2ed-a8a7-4ce0-8883-7e6a1683049e
7593_0,31a26840-6317-4732-b0b8-354de5219845
7452_0,505c4d21-b8a1-4bb6-aade-cbedfe0c245d
9781_0,6d139442-9909-488f-997f-824a9d7b4c48
7555_0,ab97d457-8bc6-4efd-86a9-6a09f96c7101
7540_0,775dc33d-9144-4bd4-a7fa-7c44a6e90f6b
7095_0,84056e3b-fcce-439b-9896-9a6ac7ce0508
7399_0,0ecabc57-2c63-4fed-8c79-e0539fe362a9
7610_0,357049d6-e8ac-44a2-a4f0-d8194ab2a63a
7683_0,e6ae4ca6-3ca5-43d5-b5eb-7ff5cade077f
7338_i,1373615c-f6f6-4fd4-8319-adc46723f9a3
6195_0,f1838c13-ae45-46da-9f27-01f322b9e2e6
7269_0,3115492b-5f53-452a-a2eb-3a66e30119cf
7499_0,7ea196cb-968f-47b3-a58c-1ccc39fbef3b
7898_0,d1aa3381-bade-4ebc-ad94-d852dbdc04d5
7380_0,0e0cfa5f-c414-4d2e-be75-04024c1317f7
7866_0,45841154-d71f-4667-8044-58fb829bb458
7572_0,02315a84-8dfb-4c35-aa2e-8bb07053776f
7583_0,df29dde4-d671-4c31-95de-5fb5c59c8436
8449_0,beed30b6-3250-4d63-b038-63eade175d45
7377_i,8daf2838-dbcf-40ea-a1b2-2fe212b81bd6
7381_i,1c30eaf8-2da8-4f58-9ef1-e50cd8a89d67
7402_i,e6ae4ca6-3ca5-43d5-b5eb-7ff5cade077f
7412_i,a3edae0f-2372-4373-81bf-94f3eb2be820
7441_i,7473acc4-a130-41c9-ad71-c51c37c527f8
7784_0,d504cf8e-d2d5-496f-bc41-5c73cc0d28e5
7435_0,89dab9d0-1485-4fda-ae9f-b607823a29ac
7165_0,83a344d8-eede-4d45-8592-3e8f7fe68cda
7453_i,5e6b7e9f-37ee-4be6-aa9f-2010ecf3f478
7475_0,e2ca0183-2968-4f58-b08a-1cf6b207dbcc
7460_i,afc4eb56-0985-4a9c-a7b9-156cb1a4189d
7473_i,b69ad427-7109-4d38-b34d-a2d2a8dc0f05
8342_0,68a9e218-a73b-49f7-9dcf-d9b353f0ccb2
7563_0,7379d394-9305-4ac6-8b86-31e3453d89df
7785_0,97a07f29-e5d7-447d-960b-0e9640eee716
7502_i,38e9770e-67da-4aa6-9fa3-043ff5000bfc
8550_0,b60df0e4-388a-4915-9d35-310e794ec905
7508_i,b2f17629-d068-41a9-a59f-55a1af0dc574
7515_i,37cc8823-78f0-455d-984c-e9b4e18e32fe
7516_i,120f8edc-a3bb-42f3-a867-9c6b0f7f485b
7944_0,2fac3189-b2fb-4eab-9981-f62227e484ff
7960_0,c8aa9054-b953-4425-890a-8b86a6cfb2f1
7812_0,e495afba-ca79-43de-aca0-73f5dfc50603
8027_0,afc4eb56-0985-4a9c-a7b9-156cb1a4189d
7537_0,73c51706-ce28-403f-9a05-d7173ea5a476
8129_0,a2be22de-06c8-49ec-84b3-6cd02f206242
8395_0,892a723b-3750-4dac-8d9a-68f5a7efe221
7845_0,19314c3d-53cd-4802-9cec-55408ab0ab2e
7156_0,f73454ed-b196-4e53-bc46-fcd475b8e62b
7599_i,e18bd267-2581-4181-81ed-798614dff48b
7612_i,afc4eb56-0985-4a9c-a7b9-156cb1a4189d
7617_0,afc4eb56-0985-4a9c-a7b9-156cb1a4189d
7760_0,0a66dfb0-029b-402a-9e04-f220b59f8066
8657_0,c2125cc2-9416-4c65-aac2-e48bc873a862
7961_0,f999db19-093e-4401-bcc2-5bbfcb2642a0
7630_i,d4e0df35-e90c-4dd8-aa5d-f01e3b71d96c
7623_0,14f852df-8bbf-4048-82ab-81fca6dd75f7
7666_0,b8da3043-0a42-4e60-aa58-1f9a85588502
7750_0,6aae5c29-e807-4468-b961-32ea0b47c7d8
13056_0,18535b1a-1e74-4f5b-acaf-ae1cd719b90c
7927_0,231448e1-6ed3-4691-8cda-6b6e39d3f822
7104_0,a71c0507-3b68-4bba-b019-d7e19a67765d
8174_0,c83bc28d-8581-412e-a200-bf9a07d58ff3
7665_0,6cc6bde4-185a-449f-bc87-f9b5ece40f3b
8065_0,0ecabc57-2c63-4fed-8c79-e0539fe362a9
7971_0,0540b4e8-298d-40ba-8d60-c13609ef9af8
9644_0,bb6cbfa4-c883-4a4c-b2a2-9bc77bfbcdb9
8859_0,7ea6e693-0ac8-41c7-bad4-1f0270852a9f
8244_0,3f46f445-af9a-4325-9f82-fabc6f92977f
7724_i,a41b76ea-ecca-40ce-9ca8-b1cff14684a6
8737_0,636c0382-a43b-4dc5-a05a-f78075fca7b3
7731_i,090249a9-ec03-4455-8574-b24561b2d6de
7689_0,4ffd46f6-f18e-4685-ade9-a8304524a39e
8069_0,5a9d2e7a-a673-42eb-b169-730d4d6537d6
7103_0,dace7ac3-6337-40e2-aca5-1e27fbd95f2d
7994_0,7ac8ca36-0a7e-43a9-ae28-caa268df1090
8948_0,5163e8d8-666a-42cc-8032-2b462ddaa65f
7768_i,7f082f99-678e-44c9-a51e-27849ce22985
7769_i,d1aef40f-0680-4df9-bd3b-fb74881c074a
7833_0,c184e265-8826-4ffa-85c9-b8147e9708f5
8865_0,39f1189b-762b-4755-8034-4161445c06d7
8436_0,a8544ab4-7d48-4cd7-aa97-ca6496e4da7b
7783_i,29afaa6f-b9d1-42d8-bcd7-ce8a5cf580b2
8058_0,77312df1-5b24-4da0-893c-2fd2d494ff68
8385_0,deacfedf-3be8-4bfd-9f28-8568bbdca96f
8009_0,caf52ec6-15b3-442c-962b-2a4bc1148e6b
7989_0,0d787d9d-a0fb-4d1a-a9ed-4f84cc110759
7838_i,981a807d-f229-443d-8be5-57ceafc745f4
8159_0,85ca338a-6bd6-442f-bbf0-bbc0d0cc018a
7853_i,9e8cad4f-acfe-4a59-b452-d4d5d2e1ff2b
8337_0,a982c801-aee2-45e0-b07d-d36bd64ad983
7915_i,63f66adc-ad2f-4e5a-bcfc-8ffe69e63e73
8897_0,cdbddbeb-13d2-40f5-97a9-fc3403488756
7772_0,8a17711d-dedc-4d1b-bc7e-4686bc1bc6fb
11134_0,31b7149c-14b8-49dc-b9c0-282cd98cda1a
7835_0,b71c3b23-d035-4dc3-886d-a5330534adaf
8832_0,8da4caab-86e6-4e18-8e23-eb87403c6b66
8185_0,d7e4483c-30ad-4d00-b51b-a21dcc16be7d
9724_0,4e80d61e-3298-4d8c-8f7d-b461cfb0cdd6
8188_0,afc4eb56-0985-4a9c-a7b9-156cb1a4189d
7755_0,ae1ccbf7-7d41-4f41-a95c-47a6d6dde7c3
8019_0,3e9644f7-8f81-4da6-880e-41192b2d5527
8012_i,ae242da3-0765-466b-8f20-0dec0a9967a2
8247_0,b72ce495-e810-45d7-85a7-45660ebf8a06
8108_0,89dab9d0-1485-4fda-ae9f-b607823a29ac
9103_0,5163e8d8-666a-42cc-8032-2b462ddaa65f
8046_0,17dfba22-2048-4216-823b-84f43bb03782
8056_i,705739fc-f756-4cf9-8e44-da68dda8e3b9
8789_0,5163e8d8-666a-42cc-8032-2b462ddaa65f
8073_i,bf97387f-4386-43b1-adcd-d01a4d7e2290
8089_i,fd820cfe-ec6a-4369-9eb8-8eb5a512a7ce
8101_i,fad16761-b1c5-49d8-8bb6-22a92046fd46
9207_0,5163e8d8-666a-42cc-8032-2b462ddaa65f
9081_0,5163e8d8-666a-42cc-8032-2b462ddaa65f
9385_0,5199c5dc-e1e6-4030-bbf6-4b3ca83b31cd
9085_0,31e088a0-6345-4ac2-ba5e-54f883d60f56
8740_0,b753014c-84b3-4c74-8134-b3a95ae3ee92
7787_0,3890ea69-150d-4791-ab12-469654160dda
8224_0,081f37e9-3135-4c4d-8644-bbafc8990902
8130_i,532e5159-7067-4563-8c9c-bdb954e3dce6
8245_0,a5f146eb-5c3e-4672-bf2f-2ea1b883bd6d
8135_i,aa60c3a8-3232-4afb-b2ed-6fd478857c17
7282_0,0ecb6b1d-512d-4c0d-ac50-c732dcada9c1
9197_0,8ea4e3be-5c02-4448-a6f4-fa3ec73dedaa
8169_i,3a48f1a3-5c3d-40e9-aa8f-2b8255495edf
8804_0,b25d3165-3c1e-4697-ad69-0f20e0544271
8270_0,e1aeec9f-0806-4f59-b7d4-a7e9f212290c
8192_i,c83bc28d-8581-412e-a200-bf9a07d58ff3
8211_i,f314f117-5010-4b5f-9ab0-1219860bac08
8297_0,ac18589d-d524-4ec6-aaeb-9259bcd7397b
8243_0,5f67630f-2ad6-44f7-a42d-38d70c051b4e
8558_0,580c43bd-741c-4c2b-b377-4b62783e354e
7152_0,a7dcacac-d547-4b15-a043-2d17ed2cb775
8643_0,012ecf51-b6c3-4cbd-a683-f5a93abfb867
8096_0,dace7ac3-6337-40e2-aca5-1e27fbd95f2d
8370_0,04ac786f-8386-4e17-a4e7-5cc377cb5949
8933_0,fa4c60f5-d7e5-4678-8179-4fe4b5705a79
8745_0,6b94f23e-8e7a-4188-847b-b4b4dfcaa782
8314_0,45b2ba74-39c8-49be-ba06-c45ff769bfbd
8221_0,794ad2ed-a8a7-4ce0-8883-7e6a1683049e
8042_0,863e22ad-123e-4898-8548-85cba1b5e43d
8609_0,286f7d91-274f-4fb2-b0f4-3899694df2f3
9781_1,6d139442-9909-488f-997f-824a9d7b4c48
8275_0,ab97d457-8bc6-4efd-86a9-6a09f96c7101
8205_0,775dc33d-9144-4bd4-a7fa-7c44a6e90f6b
8658_0,4340b870-3eec-4816-9056-47e828f039af
8236_0,fd04f24e-4a2a-45ed-8490-a3a122799ca7
8433_0,5693ab9d-8f19-44f3-8b40-67bcf883f798
8711_0,9aa88021-a09f-4880-99ca-bd0114e2484e
8339_0,0565db83-9822-476b-9beb-c57585e99671
8741_0,afefc712-bfdd-4dd7-9663-8bdc87f6716e
8251_0,7ea196cb-968f-47b3-a58c-1ccc39fbef3b
8384_0,3d6c49d5-e935-4548-bfda-9a7b3996dda8
8703_0,71131081-34a4-4b68-9b0d-56e7318d8113
8356_0,ef5b262f-0564-4368-aa02-ed0e60a44eb1
8322_0,7eac4818-dc64-4577-9cbf-40b1e416a276
8449_1,beed30b6-3250-4d63-b038-63eade175d45
9422_0,3fb429db-6cf7-4465-9f4c-c03db80ba124
8516_0,b53e176f-fb29-479b-9742-c669023f2e9a
8622_0,fcdc486a-9f81-44fe-ba45-982093d3feb4
9405_0,5946a501-8f77-466a-bc17-44e3111233fe
9098_0,6a5d320c-a2ce-4a67-aee3-733f3262941e
8397_0,d504cf8e-d2d5-496f-bc41-5c73cc0d28e5
8645_0,83a344d8-eede-4d45-8592-3e8f7fe68cda
8301_0,2f4ec7ff-e8c7-486a-9362-5eb68a7343fd
8317_0,e2ca0183-2968-4f58-b08a-1cf6b207dbcc
7873_0,6e2a6a75-774d-4290-b68e-6b376c0497d0
8342_1,68a9e218-a73b-49f7-9dcf-d9b353f0ccb2
8458_0,460bb96c-ab84-4ade-98e2-cc14264d586b
8313_0,5c298b64-9170-471c-8b77-aa3060ac6714
8664_0,12ce05a5-4a45-4b3c-ac62-7297846bd1b1
8550_1,b60df0e4-388a-4915-9d35-310e794ec905
9611_0,b2f17629-d068-41a9-a59f-55a1af0dc574
8321_0,c4fba465-d3c9-49f4-8c03-04ade282e1f4
8525_0,6cfb09a4-8d1b-4ec2-a5f2-35f0752e308e
9400_0,5f7ee4ec-56b7-4797-b42b-7af83170b122
8414_0,74c1a3a7-0757-4f1c-a066-695cbcd9dc8e
8097_0,e495afba-ca79-43de-aca0-73f5dfc50603
10405_0,a92bc563-a6ba-4397-b2b6-2e8cbce38218
11178_0,702d36dc-f518-4dd7-ae59-a638f7497a96
8129_1,a2be22de-06c8-49ec-84b3-6cd02f206242
8395_1,892a723b-3750-4dac-8d9a-68f5a7efe221
8209_0,19314c3d-53cd-4802-9cec-55408ab0ab2e
8295_0,4264970d-2c95-4fdc-87d0-af19d5dbec85
8410_0,3754cd17-6de6-4235-88ca-e7c6615070cf
13091_0,0c5c9df9-842a-44ee-9ecd-2b81fdd72683
8407_0,4aa5decf-0365-4a2e-b90e-8dd215afeba8
8323_0,81954137-efdf-4958-bbac-7300c3dde744
8657_1,c2125cc2-9416-4c65-aac2-e48bc873a862
8294_i,ccbcd675-6d6e-4cef-a2cf-7600c925d5d6
7961_1,f999db19-093e-4401-bcc2-5bbfcb2642a0
8304_i,3bd9518c-f9a6-4190-8cc9-527ef71b07a7
8927_0,65f01fc1-971b-453a-81e2-9c3038a3c245
8303_0,1e908069-43c7-4c8a-858e-ba31da2d3032
8440_0,c3178c42-2daf-4e04-a9c0-c6c07941a845
9182_0,8dc7e4c3-316a-4d5b-8f81-9d651b7915fc
13056_1,18535b1a-1e74-4f5b-acaf-ae1cd719b90c
10942_0,02bf6f92-60c4-45a9-9d5a-83431bc8456c
8428_0,a71c0507-3b68-4bba-b019-d7e19a67765d
8174_1,c83bc28d-8581-412e-a200-bf9a07d58ff3
10005_0,b0b7e017-bb63-4ebe-9cd4-c6fa2b2c110d
8663_0,c32a924d-cb8b-478a-849b-ea373c8ecb53
8346_i,1bc51dae-c56b-4670-b16b-0535ebd5a6bf
8368_i,b38a0d7a-3508-48d5-a0fd-231fb893ed89
8390_i,557a8fac-dc25-4101-999d-3a0d804bd014
9644_1,bb6cbfa4-c883-4a4c-b2a2-9bc77bfbcdb9
8859_1,7ea6e693-0ac8-41c7-bad4-1f0270852a9f
8400_i,c6c4561b-00aa-4169-bbf9-61d3ec1dddb3
8905_0,7e8875a1-7a47-4776-8282-7f83d0ec4d85
8426_i,edb982f5-9935-4397-9635-3626621eb571
8328_0,63fa4cd0-15bf-45d8-b0fc-c8ea2ee72684
8445_i,bfe32bde-c474-458a-9a9e-f31974ccac1d
8737_1,636c0382-a43b-4dc5-a05a-f78075fca7b3
8698_0,090249a9-ec03-4455-8574-b24561b2d6de
8404_0,4ffd46f6-f18e-4685-ade9-a8304524a39e
8478_i,3c2922fd-cb2d-4c8c-a593-609950c4f181
8613_0,c1cf84ae-0603-4782-b942-47d384732bf2
8351_0,dace7ac3-6337-40e2-aca5-1e27fbd95f2d
8652_0,7ac8ca36-0a7e-43a9-ae28-caa268df1090
8948_1,5163e8d8-666a-42cc-8032-2b462ddaa65f
10752_0,2ce79ee7-8ef2-4432-a936-79e55c6786bd
8967_0,4f023498-e0d9-4cd6-a5d7-84a07d57aa81
8394_0,5adc50e6-73d3-437a-8e2e-6fbe055940b5
8865_1,39f1189b-762b-4755-8034-4161445c06d7
8436_1,a8544ab4-7d48-4cd7-aa97-ca6496e4da7b
8411_0,b81f78bb-726d-47b1-a817-55cf7b799433
8504_i,cc0e8686-1fe7-43cf-ab70-dc5aeea81a44
8510_0,60c8b26f-7271-4f4e-a9b8-aecb7a3621d0
8385_1,deacfedf-3be8-4bfd-9f28-8568bbdca96f
8534_0,cab6ce64-1d13-4cd6-9f47-85bee9d14199
11440_0,8771946d-f953-4607-8124-4775bca8d90d
9748_0,85ca338a-6bd6-442f-bbf0-bbc0d0cc018a
9787_0,c43add2b-47c3-4eda-becc-46d71976668c
8579_i,5163e8d8-666a-42cc-8032-2b462ddaa65f
8594_i,afa477c4-7356-48a2-9044-642f6b77b190
8337_1,a982c801-aee2-45e0-b07d-d36bd64ad983
8766_0,9669ef01-24b4-409c-9000-44b1663afabe
8897_1,cdbddbeb-13d2-40f5-97a9-fc3403488756
8422_0,8a17711d-dedc-4d1b-bc7e-4686bc1bc6fb
11134_1,31b7149c-14b8-49dc-b9c0-282cd98cda1a
8585_0,456c23ef-1387-4d9b-bc44-97b1af3bcc94
8832_1,8da4caab-86e6-4e18-8e23-eb87403c6b66
8185_1,8c92caf5-817a-4788-b156-6a92485a8281
9724_1,4e80d61e-3298-4d8c-8f7d-b461cfb0cdd6
8981_0,a92bc563-a6ba-4397-b2b6-2e8cbce38218
7755_1,da97fa97-04e8-4cd6-92f7-f5a0b7bf51ff
8667_0,1669ae42-dc6a-4911-a94c-2af16577901c
8631_0,8d017143-86eb-4461-b91c-ee188659c980
8718_0,a37da610-9bb1-4b5e-8b4a-07af7ad2f093
9103_1,5163e8d8-666a-42cc-8032-2b462ddaa65f
8710_0,17dfba22-2048-4216-823b-84f43bb03782
8345_0,b4094599-ed2c-4754-b7ca-1e07598f75b7
8789_1,5163e8d8-666a-42cc-8032-2b462ddaa65f
8647_0,45c82dfc-e9b2-4cc4-a1fc-2b368e94ccb0
9207_1,5163e8d8-666a-42cc-8032-2b462ddaa65f
9081_1,5163e8d8-666a-42cc-8032-2b462ddaa65f
9385_1,0be50788-1025-46a5-a712-7a8096a235ea
9085_1,31e088a0-6345-4ac2-ba5e-54f883d60f56
8740_1,b753014c-84b3-4c74-8134-b3a95ae3ee92
7787_1,3890ea69-150d-4791-ab12-469654160dda
8224_1,081f37e9-3135-4c4d-8644-bbafc8990902
10029_0,5da20bd7-8f70-47da-a74e-242ede3b76bb
8245_1,a5f146eb-5c3e-4672-bf2f-2ea1b883bd6d
9747_0,5cd16909-04ef-41a9-8d09-75d1d08e30e4
10401_0,a92bc563-a6ba-4397-b2b6-2e8cbce38218
9197_1,8ea4e3be-5c02-4448-a6f4-fa3ec73dedaa
8584_0,e27ddab5-6d1b-434c-b8c1-4c524a2f48f1
8804_1,b25d3165-3c1e-4697-ad69-0f20e0544271
9136_0,5163e8d8-666a-42cc-8032-2b462ddaa65f
9026_0,763529cc-b3b3-4038-bccb-6dd6c3a3cc29
9127_0,01b4c784-b728-4780-b001-3f7a4f90b181
8297_1,ac18589d-d524-4ec6-aaeb-9259bcd7397b
9245_0,2043a6c7-23cb-4e81-8e15-0d1e51f7aef7
8654_0,15a36cb4-3c86-40ae-8df1-bf48b2f72e9b
7152_1,a7dcacac-d547-4b15-a043-2d17ed2cb775
8643_1,012ecf51-b6c3-4cbd-a683-f5a93abfb867
8738_0,6bad7639-0949-474b-b2c7-e444476e570e
8869_0,98543c5b-f71d-4caa-8a74-a7f5e0e10b7c
8933_1,fa4c60f5-d7e5-4678-8179-4fe4b5705a79
8745_1,7e8875a1-7a47-4776-8282-7f83d0ec4d85
8314_1,45b2ba74-39c8-49be-ba06-c45ff769bfbd
8857_0,794ad2ed-a8a7-4ce0-8883-7e6a1683049e
8587_0,81b09020-d0ab-4818-8c3f-6c0518a1283d
8609_1,f439684d-d7b9-4f75-9795-a184c3f5cc43
9781_2,6d139442-9909-488f-997f-824a9d7b4c48
8618_0,ab97d457-8bc6-4efd-86a9-6a09f96c7101
8658_1,1feed22a-862e-4d70-8dee-928a1c151c54
8431_0,0ecabc57-2c63-4fed-8c79-e0539fe362a9
8765_0,0ebb9d40-2b79-4c6e-bb5d-95d8e863b194
8711_1,9aa88021-a09f-4880-99ca-bd0114e2484e
8560_0,0565db83-9822-476b-9beb-c57585e99671
8741_1,e562b7c3-45fd-4e48-8770-ec03fc794495
8879_0,8e420699-f2bb-436e-8ca9-976c37fbb41c
8818_0,ed9c16fa-ff56-4d72-8bb5-66bfb80ab8fb
8703_1,71131081-34a4-4b68-9b0d-56e7318d8113
8697_0,c2e263a4-a043-4f1c-b2ba-02048873a04d
8719_0,e6f1f2c0-a9df-4d94-a64a-885fa60d0258
8709_0,0b5de56a-7006-47a4-bc57-7dd571dc36f4
9422_1,db120156-30c9-4b65-9629-317379bcfd36
10146_0,98543c5b-f71d-4caa-8a74-a7f5e0e10b7c
8622_1,fcdc486a-9f81-44fe-ba45-982093d3feb4
9405_1,5946a501-8f77-466a-bc17-44e3111233fe
9098_1,6a5d320c-a2ce-4a67-aee3-733f3262941e
8397_1,d504cf8e-d2d5-496f-bc41-5c73cc0d28e5
8645_1,83a344d8-eede-4d45-8592-3e8f7fe68cda
8301_1,2f4ec7ff-e8c7-486a-9362-5eb68a7343fd
8620_0,e2ca0183-2968-4f58-b08a-1cf6b207dbcc
8486_0,8149ffc1-23ba-4578-9e82-72ab88ac852c
9199_0,a72ee285-e0e6-4f37-aa07-c3c3749a26ba
8500_0,98543c5b-f71d-4caa-8a74-a7f5e0e10b7c
8664_1,12ce05a5-4a45-4b3c-ac62-7297846bd1b1
8550_2,b60df0e4-388a-4915-9d35-310e794ec905
9611_1,b2f17629-d068-41a9-a59f-55a1af0dc574
8802_0,9708e7e7-0d5c-4b02-a157-d515897de090
8642_0,6dea9203-cf26-4680-b472-aff0677299cf
9400_1,5f7ee4ec-56b7-4797-b42b-7af83170b122
9930_0,74c1a3a7-0757-4f1c-a066-695cbcd9dc8e
8097_1,e495afba-ca79-43de-aca0-73f5dfc50603
10405_1,a92bc563-a6ba-4397-b2b6-2e8cbce38218
11178_1,702d36dc-f518-4dd7-ae59-a638f7497a96
8129_2,a2be22de-06c8-49ec-84b3-6cd02f206242
8395_2,892a723b-3750-4dac-8d9a-68f5a7efe221
8544_0,19314c3d-53cd-4802-9cec-55408ab0ab2e
8694_0,53d5e1f3-4ce6-4013-b0db-c0d604d9166f
8410_1,3754cd17-6de6-4235-88ca-e7c6615070cf
13091_1,0c5c9df9-842a-44ee-9ecd-2b81fdd72683
8604_0,a92bc563-a6ba-4397-b2b6-2e8cbce38218
8323_1,81954137-efdf-4958-bbac-7300c3dde744
8657_2,c2125cc2-9416-4c65-aac2-e48bc873a862
8625_0,35cca8a7-28ce-478a-a1ed-f0280d75fbd7
7961_2,f999db19-093e-4401-bcc2-5bbfcb2642a0
8304_0,3bd9518c-f9a6-4190-8cc9-527ef71b07a7
8927_1,65f01fc1-971b-453a-81e2-9c3038a3c245
8406_0,1e908069-43c7-4c8a-858e-ba31da2d3032
8498_0,5ee5d7a6-e38e-488c-870f-1131fb3e69cb
9182_1,8dc7e4c3-316a-4d5b-8f81-9d651b7915fc
13056_2,18535b1a-1e74-4f5b-acaf-ae1cd719b90c
10942_1,02bf6f92-60c4-45a9-9d5a-83431bc8456c
8428_1,a71c0507-3b68-4bba-b019-d7e19a67765d
8416_0,c58c58c5-6592-4e1c-9ad2-210a4301bcde
10005_1,b0b7e017-bb63-4ebe-9cd4-c6fa2b2c110d
8663_1,c32a924d-cb8b-478a-849b-ea373c8ecb53
8946_0,dfa8a2df-4c00-4d44-a8b5-113c7e3929c0
8368_0,b38a0d7a-3508-48d5-a0fd-231fb893ed89
9086_0,ca68b752-a4ba-4518-8dae-a270f08e9bd0
9644_2,7e8875a1-7a47-4776-8282-7f83d0ec4d85
8859_2,7ea6e693-0ac8-41c7-bad4-1f0270852a9f
8686_0,ccc45834-de5c-48ac-a26e-b3efc91b78b5
8905_1,eecb8bff-5b70-4718-8e3e-1af964a951bd
8426_0,edb982f5-9935-4397-9635-3626621eb571
10032_0,551c98d2-89f8-405d-9c3b-122059084abc
8445_0,bfe32bde-c474-458a-9a9e-f31974ccac1d
8737_2,636c0382-a43b-4dc5-a05a-f78075fca7b3
8698_1,090249a9-ec03-4455-8574-b24561b2d6de
8599_0,b01e3871-820c-4e9e-950d-5286fdcef65e
8478_0,3c2922fd-cb2d-4c8c-a593-609950c4f181
8613_1,c1cf84ae-0603-4782-b942-47d384732bf2
8351_1,dace7ac3-6337-40e2-aca5-1e27fbd95f2d
8652_1,7ac8ca36-0a7e-43a9-ae28-caa268df1090
8948_2,5163e8d8-666a-42cc-8032-2b462ddaa65f
10752_1,2ce79ee7-8ef2-4432-a936-79e55c6786bd
8967_1,d9a3bbeb-fd52-4331-b8c0-12b237db81d7
8394_1,5adc50e6-73d3-437a-8e2e-6fbe055940b5
8865_2,39f1189b-762b-4755-8034-4161445c06d7
8436_2,a8544ab4-7d48-4cd7-aa97-ca6496e4da7b
8610_0,0da16c03-8e31-4118-a72d-66812e245e80
8504_0,cc0e8686-1fe7-43cf-ab70-dc5aeea81a44
8846_0,10bf430c-24a9-4a77-96c3-43b8e68e6d2c
8870_0,deacfedf-3be8-4bfd-9f28-8568bbdca96f
8534_1,9e8b760b-df07-4953-9fe4-a4cdc7e20c13
8616_i,c3d56403-41ea-4c28-bd08-f41d59d439e8
11440_1,8771946d-f953-4607-8124-4775bca8d90d
9748_1,85ca338a-6bd6-442f-bbf0-bbc0d0cc018a
9787_1,c43add2b-47c3-4eda-becc-46d71976668c
8668_i,40b4a116-641f-42de-963b-bfb5444220a3
8579_0,5163e8d8-666a-42cc-8032-2b462ddaa65f
8693_i,045ea317-205c-409d-99ac-b0817ddf233d
8704_i,c215b5a5-9859-46ca-b828-33ffdf87dfd3
8725_0,0ad53405-f087-4c9c-8eb2-5e312d928a49
8337_2,a982c801-aee2-45e0-b07d-d36bd64ad983
8714_i,07e88545-a1d6-4f6a-a028-5b5c0d9bf2c3
8729_i,f42a2c90-3fbe-4982-bbfd-24448d3448a1
8766_1,9669ef01-24b4-409c-9000-44b1663afabe
8897_2,cdbddbeb-13d2-40f5-97a9-fc3403488756
9477_0,8a17711d-dedc-4d1b-bc7e-4686bc1bc6fb
11134_2,31b7149c-14b8-49dc-b9c0-282cd98cda1a
8832_2,bc686650-f801-4bcf-bd0d-963f1080fe3b
8712_0,0916bd8f-2ba5-4c1b-ae4d-3f49322a24d7
9724_2,4e80d61e-3298-4d8c-8f7d-b461cfb0cdd6
8981_1,a92bc563-a6ba-4397-b2b6-2e8cbce38218
8891_0,64da326e-72d5-4ce4-8ce5-4e715a41e620
8667_1,1669ae42-dc6a-4911-a94c-2af16577901c
10281_0,f45b5178-1bb8-4f38-99fe-199284b42c30
8823_i,1ea8c966-15e3-4013-b427-96e6b9af8b6b
8814_0,70c07046-f089-44dd-92d4-dc499d8dba70
9103_2,5163e8d8-666a-42cc-8032-2b462ddaa65f
8839_0,fff0bd72-5617-4b66-b42a-d803079873bd
8673_0,5163e8d8-666a-42cc-8032-2b462ddaa65f
9633_0,5163e8d8-666a-42cc-8032-2b462ddaa65f
9092_0,45c82dfc-e9b2-4cc4-a1fc-2b368e94ccb0
8872_i,2087b091-2e4a-4683-a081-7b4dd4f6f946
9207_2,5163e8d8-666a-42cc-8032-2b462ddaa65f
9081_2,7c309a82-6d2c-42a4-b5c5-70772e0e5613
9385_2,e2e94471-f2e7-4ad7-b253-91588a5812ac
9085_2,31e088a0-6345-4ac2-ba5e-54f883d60f56
8901_i,93efd1ab-b959-44bc-898d-9397e61dab37
8916_0,422605cd-7311-458d-9cca-842e4842411e
9126_0,a0828ad9-581e-4731-b2a9-e0dfd0691155
8648_0,425491bb-561f-4f5f-a489-2f793afb6265
10029_1,5da20bd7-8f70-47da-a74e-242ede3b76bb
8912_i,7c201b20-2a8e-4cc7-b0d8-491e1f746bc6
8629_0,e6ae4ca6-3ca5-43d5-b5eb-7ff5cade077f
9747_1,0b495609-8722-4a1d-b380-857282150137
10401_1,02cd5de4-d42e-4215-b98d-3b4e977dfbb9
9197_2,8ea4e3be-5c02-4448-a6f4-fa3ec73dedaa
9017_0,bd8bd024-f1ff-4260-af0a-b95e69a2e86e
8873_0,b25d3165-3c1e-4697-ad69-0f20e0544271
9136_1,5163e8d8-666a-42cc-8032-2b462ddaa65f
9026_1,763529cc-b3b3-4038-bccb-6dd6c3a3cc29
9127_1,01b4c784-b728-4780-b001-3f7a4f90b181
9215_0,ac18589d-d524-4ec6-aaeb-9259bcd7397b
9245_1,2043a6c7-23cb-4e81-8e15-0d1e51f7aef7
9034_0,5f7ee4ec-56b7-4797-b42b-7af83170b122
9001_i,c9702e21-75f7-445d-8ec7-4d9baa4cfc1b
8941_0,012ecf51-b6c3-4cbd-a683-f5a93abfb867
9130_0,969b85a7-c304-4d74-b6b0-7b62406de1ea
9665_0,98543c5b-f71d-4caa-8a74-a7f5e0e10b7c
8933_2,fa4c60f5-d7e5-4678-8179-4fe4b5705a79
8745_2,eecb8bff-5b70-4718-8e3e-1af964a951bd
8783_0,a6b54c85-4faa-4ec4-9647-977d03a65b5d
9072_i,3cba725d-7e50-4581-82ad-5c28c39d2474
8857_1,794ad2ed-a8a7-4ce0-8883-7e6a1683049e
8934_0,4866fc41-430a-4b42-a84d-fc6a4ca2a9ee
9310_0,f7377815-e69b-4637-b041-5d72561cbee2
9781_3,6d139442-9909-488f-997f-824a9d7b4c48
9208_0,ab97d457-8bc6-4efd-86a9-6a09f96c7101
8658_2,ff95b508-5f63-4c7f-8145-d3b350ae9b3e
9151_0,69ae478a-aa12-41c0-bfd2-8519cd4af09e
9093_0,3e64d10f-7861-4b27-a0de-e18ad237621b
9683_0,732874f6-20bf-4e5e-aec2-77467d2eefbb
8560_1,0565db83-9822-476b-9beb-c57585e99671
9193_0,0fcacb0a-b1f4-43f6-adfc-29fee56412e2
9157_0,e1b83bf6-65ef-4c7c-a21f-bc1bdd89dc62
9084_0,244eee1e-c8bc-4c29-8add-d9c1f69e752c
10364_0,92cdefc0-348c-4d56-9877-4d9b5aca1f36
9790_0,b8412cff-aa78-4508-a721-612b6803f00f
9228_0,9d2428bd-068b-4aba-b877-de7e1ea91c5b
9147_0,0b5de56a-7006-47a4-bc57-7dd571dc36f4
9422_2,8b3acec3-a9fe-4a9d-ae8a-01cb8ef1ac6e
10146_1,98543c5b-f71d-4caa-8a74-a7f5e0e10b7c
9188_i,80edfa66-ece5-4aa3-8fc1-5505cdd9a932
9196_i,ff975210-0586-4add-8574-d6fce9140086
9742_0,bc07e2f3-332f-4292-a1cb-43c96fdd53ae
9405_2,5946a501-8f77-466a-bc17-44e3111233fe
9098_2,6a5d320c-a2ce-4a67-aee3-733f3262941e
9357_0,d504cf8e-d2d5-496f-bc41-5c73cc0d28e5
9036_0,fe5c4d41-e59d-4a0b-b4fa-8904c08da065
9254_0,070d2004-6253-4931-a122-768d7005a7bf
9249_0,e2ca0183-2968-4f58-b08a-1cf6b207dbcc
9240_i,0b8fadf7-85b2-4c02-ad9c-fe46a91d13ce
10341_0,dfaed36a-a75a-4ac2-96cb-91e0198788a0
10757_0,a72ee285-e0e6-4f37-aa07-c3c3749a26ba
9189_0,98543c5b-f71d-4caa-8a74-a7f5e0e10b7c
9259_i,b3661c5f-0dad-4f81-8cd4-5727f1be5842
9522_0,96eafff5-db88-41d1-937b-e28a3cbd23c2
9264_i,c1e40c2d-1765-4042-9b7c-8d5075691258
9611_2,b2f17629-d068-41a9-a59f-55a1af0dc574
9318_0,9708e7e7-0d5c-4b02-a157-d515897de090
9288_0,9b6bb7be-14bc-4fd9-8aba-743161979fff
9400_2,5f7ee4ec-56b7-4797-b42b-7af83170b122
9930_1,74c1a3a7-0757-4f1c-a066-695cbcd9dc8e
9997_0,704377ae-d495-4ee8-bc35-5e031b70aadb
9291_i,3dbaf272-b4d5-4fac-9237-ad7c01abc79a
10405_2,b35b850c-3f54-473d-a552-7cd806aa6d91
11178_2,702d36dc-f518-4dd7-ae59-a638f7497a96
9769_0,66a680ee-7476-4c3f-bf42-f16150857711
9295_i,5163e8d8-666a-42cc-8032-2b462ddaa65f
10204_0,8d8cf352-7c7a-434d-94b8-8434039a0305
9250_0,7c201b20-2a8e-4cc7-b0d8-491e1f746bc6
10324_0,1b98e334-84f0-4161-a5c6-95a698045aff
13091_2,0c5c9df9-842a-44ee-9ecd-2b81fdd72683
9461_0,d6d07f5c-69a5-4103-b5ce-d65a9245183b
9312_0,81954137-efdf-4958-bbac-7300c3dde744
10041_0,3ad9e72c-81bd-4f12-9482-818b5d76394b
9252_0,35cca8a7-28ce-478a-a1ed-f0280d75fbd7
8932_0,76a1b3b3-a15e-4310-a0cd-b37face02329
9364_0,2278a656-fa68-40eb-bf80-ee7f0da309d9
9445_0,fc6bff6d-14ad-40bc-a40d-726d1cf8464f
9319_0,26e78d5e-a35a-4632-977a-810b3f7ebd18
10550_0,8d7d8de1-19f5-4dde-96db-396360b0d855
13056_3,18535b1a-1e74-4f5b-acaf-ae1cd719b90c
10942_2,02bf6f92-60c4-45a9-9d5a-83431bc8456c
9473_0,ab3d8e8f-5335-4eca-9eec-919a4e78cb77
9443_0,2087b091-2e4a-4683-a081-7b4dd4f6f946
10005_2,b0b7e017-bb63-4ebe-9cd4-c6fa2b2c110d
8939_0,c32a924d-cb8b-478a-849b-ea373c8ecb53
9962_0,2c1fb2c5-d003-4125-a247-4624efa396ab
13229_0,3cf50fff-0f7b-4f88-af6f-143523125017
9693_0,343a711d-7851-4e5e-9f79-183a2d5c5f4c
9644_3,eecb8bff-5b70-4718-8e3e-1af964a951bd
9413_0,de4b71d3-6f3b-4747-ab40-7243acc8c0ab
9256_0,820e455c-7784-4f42-a690-b82fbacd817f
9756_0,c5c79e32-5ca0-4c7f-b801-876886c15172
9659_0,7f55ff6a-4073-4276-a2b7-7d634e5b55a3
10032_1,27f6c0a6-a87f-467f-b3aa-8f0ddf831389
9551_0,2832c886-5894-42fb-87a4-a68cae0e4a1b
9485_0,636c0382-a43b-4dc5-a05a-f78075fca7b3
11796_0,d462719f-51e2-4349-8c9b-14231c92dc50
9397_i,51b4c933-c545-4cba-ad06-f2bbadd8cb02
10183_0,6c915b53-4405-4a5b-8433-46722b96361c
9401_i,662c89fd-0210-4f21-822d-9865ad19900e
9983_0,e660ab23-7f4b-410a-ad2f-bb9c7d340639
8613_2,c1cf84ae-0603-4782-b942-47d384732bf2
9392_0,b8412cff-aa78-4508-a721-612b6803f00f
12239_0,e176f1c0-f3ef-4bbe-8b2f-6a40a49c89f6
9420_i,de20d56d-fb4e-4b91-a2ea-d4cbb7921417
9594_0,7c201b20-2a8e-4cc7-b0d8-491e1f746bc6
10752_2,2ce79ee7-8ef2-4432-a936-79e55c6786bd
9687_0,30e05cc3-b3ab-4fe9-94c5-90230fdf710d
9437_0,5adc50e6-73d3-437a-8e2e-6fbe055940b5
10035_0,367aa2e1-c854-4c34-a788-42b132bec424
8619_0,c423f3d5-967e-48f5-b143-91859c15bd2f
9587_0,7c201b20-2a8e-4cc7-b0d8-491e1f746bc6
8504_1,cc0e8686-1fe7-43cf-ab70-dc5aeea81a44
10509_0,e2e0315d-0f42-4c03-a1c1-536453f04147
10058_0,deacfedf-3be8-4bfd-9f28-8568bbdca96f
9453_i,637de114-f041-40ff-abdc-192a5b254eb1
9498_0,f36624c3-5b91-4a78-912f-baa1d83c0a4e
10065_0,7b058ba4-a113-428a-bb43-9c4015401b18
11440_2,8771946d-f953-4607-8124-4775bca8d90d
9748_2,85ca338a-6bd6-442f-bbf0-bbc0d0cc018a
9491_i,e47d46a6-74f4-4b84-b8a9-64ee990289be
9787_2,c43add2b-47c3-4eda-becc-46d71976668c
9436_0,40b4a116-641f-42de-963b-bfb5444220a3
9501_i,5cc4f329-8d6a-431d-8275-3bf8347c136c
9504_i,aeb19fe1-5650-4360-aa79-f10a6bfff4fa
8986_0,ea076adb-329e-470a-b945-d12bdfe1cf55
9567_0,a30d6d5f-0068-49de-a286-9bced97ca5ff
9517_0,0ad53405-f087-4c9c-8eb2-5e312d928a49
9375_0,3e784ed8-bea5-4526-8103-21267628e5a2
10167_0,8b45d972-919b-4bb7-a182-5e483885cfcd
9650_0,f42a2c90-3fbe-4982-bbfd-24448d3448a1
9560_0,049d0dad-e249-4294-b76c-fd1d67befc78
10819_0,0b0a1172-1471-42f5-9092-acac5abe46e8
10363_0,8a17711d-dedc-4d1b-bc7e-4686bc1bc6fb
11134_3,31b7149c-14b8-49dc-b9c0-282cd98cda1a
9574_i,27397dde-35fa-48f8-82e4-3098d1a54821
10431_0,c1214c88-af6b-43b0-b3ea-edb9fddb67a0
9724_3,4e80d61e-3298-4d8c-8f7d-b461cfb0cdd6
9958_0,91d518f7-fefc-4e03-8b6f-fd857b80684b
9470_0,da97fa97-04e8-4cd6-92f7-f5a0b7bf51ff
8667_2,1669ae42-dc6a-4911-a94c-2af16577901c
10281_1,87c4d524-245b-4dbf-bd1a-f46e5cc975fd
9784_0,a1c345ab-25c4-4ffe-aa74-619203051aba
9649_0,70c07046-f089-44dd-92d4-dc499d8dba70
9103_3,108c41bc-c90f-40ba-bb34-27a5ca753841
9624_i,c7f09d1a-efec-4b5b-afb7-af647dff825d
9627_i,77e8f84c-95ca-4bd3-ba37-a6ce94b73f77
9634_i,fc65e337-2f28-4fd5-836b-ffc93b7e5c07
9638_i,3aec6237-acd8-46d8-9831-04be025dfc52
10314_0,577fd336-0695-4cfa-be03-5487d9aa0f40
9633_1,7c201b20-2a8e-4cc7-b0d8-491e1f746bc6
9658_i,7660356c-909d-481f-abe9-7a9e3569101d
9726_0,45c82dfc-e9b2-4cc4-a1fc-2b368e94ccb0
9833_0,425491bb-561f-4f5f-a489-2f793afb6265
9207_3,367aa2e1-c854-4c34-a788-42b132bec424
10017_0,8434a579-8531-4b83-84cd-39fbfd24062d
9722_0,e2e94471-f2e7-4ad7-b253-91588a5812ac
10379_0,31e088a0-6345-4ac2-ba5e-54f883d60f56
9676_i,435d4c92-d727-41ee-a5a7-5933c50b00bf
9861_0,a0828ad9-581e-4731-b2a9-e0dfd0691155
9044_0,eb6dfe76-78d7-4dad-820c-1b05b6969e4a
10029_2,5da20bd7-8f70-47da-a74e-242ede3b76bb
9771_0,386f94d9-a02e-48ad-b49e-9d9be9e455fe
9926_0,e6ae4ca6-3ca5-43d5-b5eb-7ff5cade077f
9747_2,427e7e9b-3329-4f08-ae5e-a8a8aa8d228e
10401_2,02cd5de4-d42e-4215-b98d-3b4e977dfbb9
11280_0,645a3b28-6c09-422a-a1cf-ea613a24f025
9867_0,6d7ff8d0-48a3-4abf-964d-c430035b4070
9990_0,367aa2e1-c854-4c34-a788-42b132bec424
9835_0,5163e8d8-666a-42cc-8032-2b462ddaa65f
9615_0,2087b091-2e4a-4683-a081-7b4dd4f6f946
10228_0,226f6aba-cc21-4ae6-ae1a-54151e4429a2
9847_0,ac18589d-d524-4ec6-aaeb-9259bcd7397b
9663_0,2043a6c7-23cb-4e81-8e15-0d1e51f7aef7
9678_0,a30d6d5f-0068-49de-a286-9bced97ca5ff
9752_0,c9702e21-75f7-445d-8ec7-4d9baa4cfc1b
9758_0,012ecf51-b6c3-4cbd-a683-f5a93abfb867
11060_0,9036cf0c-9153-41ec-bc31-6cde35c59119
9665_1,98543c5b-f71d-4caa-8a74-a7f5e0e10b7c
9642_0,22071184-d4a9-496c-9ee4-e8cb78831ce5
10142_0,2268153e-1ef9-4772-b8a0-605300308aed
9844_0,23d3793f-b352-47f8-883a-7a3eb8ebbad8
9965_0,dce6221f-2c2d-417a-a378-663a8e631aff
10224_0,298853e6-4707-4492-8f3d-93042a9ec3e4
9812_0,6d139442-9909-488f-997f-824a9d7b4c48
9870_i,aef1bc81-1d27-4950-8b38-78ad13aee51b
10350_0,144d4abb-01af-4c17-b793-c82885ab8666
10111_0,ff95b508-5f63-4c7f-8145-d3b350ae9b3e
9908_0,74a32a56-dcad-4580-9323-1076866f6821
8560_2,0565db83-9822-476b-9beb-c57585e99671
9816_0,0fcacb0a-b1f4-43f6-adfc-29fee56412e2
9943_0,e1b83bf6-65ef-4c7c-a21f-bc1bdd89dc62
9799_0,244eee1e-c8bc-4c29-8add-d9c1f69e752c
10364_1,92cdefc0-348c-4d56-9877-4d9b5aca1f36
10015_0,d2bc6040-59ba-4e27-9d87-e3e24e0dcc6c
10100_0,9d2428bd-068b-4aba-b877-de7e1ea91c5b
10265_0,afb32b19-fe98-48af-ae6a-2e39944901ba
10146_2,98543c5b-f71d-4caa-8a74-a7f5e0e10b7c
9993_0,1b8c83f3-7824-4c00-bebe-f5e68b628837
9942_i,922b516b-1df8-4acc-9a1a-b31a767adc56
10318_0,75f70828-d7f1-4e6d-b8a5-190c237fd660
9984_0,03ee2aa2-6a3b-44e7-85c2-afc02adaa506
9405_3,5946a501-8f77-466a-bc17-44e3111233fe
9960_i,00b41e15-7eef-4538-a0f0-6ebb5b13339f
9961_i,d3d1e370-56f8-446a-b569-1605b44c8703
9854_0,31f2eeb2-4cf0-4597-8025-a151bd551648
10332_0,d504cf8e-d2d5-496f-bc41-5c73cc0d28e5
10226_0,fe5c4d41-e59d-4a0b-b4fa-8904c08da065
12574_0,0295e471-2757-4aba-b97e-0c4a4c84e289
10121_0,e2ca0183-2968-4f58-b08a-1cf6b207dbcc
9970_0,c76415cc-35ba-4fc1-a89c-e665f4ee4cfd
10341_1,dfaed36a-a75a-4ac2-96cb-91e0198788a0
9998_i,c2592ad6-6a4e-4e82-abb8-c8f911536c78
10757_1,a72ee285-e0e6-4f37-aa07-c3c3749a26ba
9460_0,98543c5b-f71d-4caa-8a74-a7f5e0e10b7c
9895_0,367aa2e1-c854-4c34-a788-42b132bec424
10269_0,6fe4ef65-b3bf-4c77-9a89-ad964e88b69b
10519_0,c1e40c2d-1765-4042-9b7c-8d5075691258
12634_0,71042134-2bd5-4e0c-9b9a-ee1a936a6a7b
10988_0,4bf2ee38-352b-41c1-a863-3885b96822c1
9849_0,8b010dea-2585-4d11-af35-d2a623345389
9853_0,5f7ee4ec-56b7-4797-b42b-7af83170b122
9930_2,74c1a3a7-0757-4f1c-a066-695cbcd9dc8e
10024_0,74701cf8-f896-4a5f-9ed1-4dd9815290bc
10031_0,3dbaf272-b4d5-4fac-9237-ad7c01abc79a
10405_3,b35b850c-3f54-473d-a552-7cd806aa6d91
11178_3,702d36dc-f518-4dd7-ae59-a638f7497a96
9769_1,66a680ee-7476-4c3f-bf42-f16150857711
10116_0,5bb6e3bb-69f8-4d80-9349-559a5c161805
10204_1,8d8cf352-7c7a-434d-94b8-8434039a0305
10259_0,17f69720-d5c7-4c0b-9822-c44f8c123cbe
10051_i,ae96e24c-4a35-4a15-a247-3c3423835869
10324_1,1b98e334-84f0-4161-a5c6-95a698045aff
13091_3,0c5c9df9-842a-44ee-9ecd-2b81fdd72683
10007_0,a70cfe25-db2c-44d5-abb6-e705b21cf606
10145_0,99d7bb7d-4b60-4202-963c-df947baf9291
10041_1,3ad9e72c-81bd-4f12-9482-818b5d76394b
10068_i,cfb809c7-3326-49c9-af69-6ef727e534bd
12098_0,6c63f047-3a8e-4f7d-a12c-81dd2bf3ed5e
10241_0,2278a656-fa68-40eb-bf80-ee7f0da309d9
10125_0,c0b3c51f-6ae7-461a-96d6-4796302e2368
10550_1,91a37117-1798-4020-8b61-531df1a66685
13056_4,18535b1a-1e74-4f5b-acaf-ae1cd719b90c
10942_3,02bf6f92-60c4-45a9-9d5a-83431bc8456c
10113_0,ab3d8e8f-5335-4eca-9eec-919a4e78cb77
10091_i,a3464387-2486-48e2-899f-f4c460975926
12697_0,afbc1ec7-25d9-454d-9def-2393759679bf
10005_3,b0b7e017-bb63-4ebe-9cd4-c6fa2b2c110d
9954_0,c32a924d-cb8b-478a-849b-ea373c8ecb53
10922_0,2c1fb2c5-d003-4125-a247-4624efa396ab
13229_1,3cf50fff-0f7b-4f88-af6f-143523125017
10107_i,4bf2ee38-352b-41c1-a863-3885b96822c1
10042_0,fbffe887-3ce1-420b-b69f-6f1c441a622b
12130_0,061e93c6-ed31-4ee4-892f-1e43ea098d81
10694_0,5c2d702f-a466-4552-ad2e-598fe95b263e
10110_0,131f3660-abed-4cc1-b45b-b32a36d3256c
9659_1,131f3660-abed-4cc1-b45b-b32a36d3256c
10857_0,c5e47dac-5093-49d4-ac04-aa54c33a89ca
12122_0,9cc001f8-9d19-48b2-8fd6-810aba734c6c
10450_0,f4d60766-bdb5-4b95-a62a-edc7afb468f7
11796_1,d462719f-51e2-4349-8c9b-14231c92dc50
10183_1,6c915b53-4405-4a5b-8433-46722b96361c
10591_0,662c89fd-0210-4f21-822d-9865ad19900e
11453_0,e660ab23-7f4b-410a-ad2f-bb9c7d340639
10267_0,b8412cff-aa78-4508-a721-612b6803f00f
12239_1,8194e33d-8881-4382-8427-777263a69b62
10190_0,de20d56d-fb4e-4b91-a2ea-d4cbb7921417
10088_0,ffb9d201-a886-4e1a-a85c-c1080bb043ce
10752_3,2ce79ee7-8ef2-4432-a936-79e55c6786bd
10134_0,3dba7c98-3696-413c-b0c4-f68bc9ca67de
10851_0,b95f2524-062a-48aa-a51c-8982d672c53d
10035_1,22f2427b-cfcc-4f9b-9c69-9c54754dbcbc
9657_0,7c201b20-2a8e-4cc7-b0d8-491e1f746bc6
8504_2,cc0e8686-1fe7-43cf-ab70-dc5aeea81a44
10509_1,a3a12ff0-8059-46b3-b76d-4a843f46562c
10214_i,b2a1a8c1-6506-40e9-9871-a8de35338d59
10362_0,deacfedf-3be8-4bfd-9f28-8568bbdca96f
10475_0,6ce219ca-e30d-4e78-a2a3-e8bf87aa01ee
10398_0,9025ccc6-f197-4087-9e44-6146f0cc23a3
10211_0,0c92cda9-8010-408e-83c6-0344d0610227
11440_3,8771946d-f953-4607-8124-4775bca8d90d
10148_0,85ca338a-6bd6-442f-bbf0-bbc0d0cc018a
9999_0,4593fd72-a9ca-4cba-a49b-4e7311108549
10037_0,c43add2b-47c3-4eda-becc-46d71976668c
9436_1,40b4a116-641f-42de-963b-bfb5444220a3
10665_0,ff89f326-3ef4-4d7a-a405-0dbb713292ca
10311_0,aeb19fe1-5650-4360-aa79-f10a6bfff4fa
11011_0,241084d9-4490-494e-820b-ce6ddb847a5d
10420_0,cb3da2bf-8653-494a-8f92-d79837308c29
10059_0,5c678947-283e-4710-a01c-897ed0479a32
10167_1,8b45d972-919b-4bb7-a182-5e483885cfcd
12335_0,241084d9-4490-494e-820b-ce6ddb847a5d
10777_0,049d0dad-e249-4294-b76c-fd1d67befc78
10819_1,0b0a1172-1471-42f5-9092-acac5abe46e8
10363_1,8a17711d-dedc-4d1b-bc7e-4686bc1bc6fb
11134_4,31b7149c-14b8-49dc-b9c0-282cd98cda1a
10284_0,4306b3e3-3034-4a76-b9ee-fda9d07ee481
10431_1,c1214c88-af6b-43b0-b3ea-edb9fddb67a0
10456_0,4e80d61e-3298-4d8c-8f7d-b461cfb0cdd6
10408_0,8136cb36-3c51-4657-bbb0-97a3905e3529
11109_0,13e7ebe6-19e0-40b8-b748-6ec7e67cdc4b
10359_i,9fc12f86-3d97-47e1-8ede-9299a1159150
10261_0,1669ae42-dc6a-4911-a94c-2af16577901c
10355_0,3703cfb1-422f-4f29-afdd-290737167485
10514_0,1ea8c966-15e3-4013-b427-96e6b9af8b6b
10481_0,b58e0617-bf77-46a0-ba2b-2fbfde4e6eea
10795_0,b7686c0d-ab7c-43ca-ab78-cc60956b7d2c
10911_0,e58716d1-48d2-4e91-ac60-9004c8dd9a64
12592_0,fc65e337-2f28-4fd5-836b-ffc93b7e5c07
10422_0,d4cd48ad-8aae-4979-85a4-1fcee53170ed
10314_1,ea076adb-329e-470a-b945-d12bdfe1cf55
11769_0,45c82dfc-e9b2-4cc4-a1fc-2b368e94ccb0
10644_0,78c79d28-fd76-4419-ad3a-d7f3b3f86288
11054_0,4e88ce61-96ee-410a-be9e-b7258807eef7
11535_0,4e88ce61-96ee-410a-be9e-b7258807eef7
10596_0,bb62d60f-46a9-40b4-bdf3-ead4befc86f6
10768_0,71318d11-d4e9-4c56-a437-777e1818da73
10623_0,0b76b980-c263-4bfb-83be-6069e99dd70b
10143_0,5da20bd7-8f70-47da-a74e-242ede3b76bb
10629_0,b35b850c-3f54-473d-a552-7cd806aa6d91
10197_0,281b7c68-10c0-4b5b-bfbc-93240a8e0e3c
12142_0,21e7195e-ae14-425c-b19a-9564475ee5c3
10494_0,02cd5de4-d42e-4215-b98d-3b4e977dfbb9
11280_1,645a3b28-6c09-422a-a1cf-ea613a24f025
10822_0,55771680-5610-4cb5-bb91-b64aaf86a133
12083_0,4e88ce61-96ee-410a-be9e-b7258807eef7
10793_0,12f50b91-3cf2-4171-bec8-f82edfa0ac8f
11051_0,d8cfee0c-4e8a-4ec6-9aec-3dde9549f49d
11984_0,ba4e4a01-b658-4f72-9ddf-47031a83ffc6
10501_i,a95ea88c-6c66-4937-a91e-b68b1394c2ce
10805_0,de40ecb5-9275-4e52-86ff-26218c5cf2ef
10535_i,75f70828-d7f1-4e6d-b8a5-190c237fd660
10692_0,c9702e21-75f7-445d-8ec7-4d9baa4cfc1b
11238_0,bf39ea55-7f31-44a9-8f63-44a2e17971af
10556_i,91d518f7-fefc-4e03-8b6f-fd857b80684b
11060_1,9036cf0c-9153-41ec-bc31-6cde35c59119
10658_0,98543c5b-f71d-4caa-8a74-a7f5e0e10b7c
11840_0,a83a4e9e-1d97-4d83-b44f-ec35e86452db
11093_0,ba3b4ace-16b2-49e4-a49e-d6938be58577
10185_0,9ecefb31-bb68-468f-a5e9-d2c9b37479e4
10686_i,702fc1c6-fdab-4b0b-a67c-76cfab19417f
10279_0,05cb527f-3b3b-4e1b-8a05-cdd03eb8819b
11754_0,6d139442-9909-488f-997f-824a9d7b4c48
10863_0,241084d9-4490-494e-820b-ce6ddb847a5d
10589_0,97f90369-365f-46a5-a57b-d3ac2207af74
11920_0,435eaeca-1433-46d0-a5c5-0fb57dd5bd54
10734_0,dbfa78eb-2ebf-4c3a-9443-b189918ea5da
8560_3,0565db83-9822-476b-9beb-c57585e99671
10971_0,0fcacb0a-b1f4-43f6-adfc-29fee56412e2
10790_0,1d835482-fad5-40ff-bacd-a6c599c22395
10810_0,7870ea94-23c9-4a2d-a797-b71e8ecc89d8
11071_0,f1c1266c-c26d-47ff-9c8d-049ef4a1d07c
10592_0,b8412cff-aa78-4508-a721-612b6803f00f
10944_0,9c7143ec-3b74-4368-b610-e83e04347e7e
10901_0,4178c7b1-42fe-4c44-9967-010ed5cdaa02
11248_0,d563fba5-5153-4d69-9ad9-fc9e4247d584
10750_0,1b8c83f3-7824-4c00-bebe-f5e68b628837
10994_0,d214839e-8e20-47bf-9a90-d62c77f06657
10789_0,75f70828-d7f1-4e6d-b8a5-190c237fd660
11394_0,2c3b5ef9-ae95-4f6a-b6c9-888012555df4
9405_4,5946a501-8f77-466a-bc17-44e3111233fe
10745_0,1ab3cfc0-629e-41ce-bef7-f21086ffa264
10730_0,a886c65f-dc2d-45de-8fd5-abb3d52f6c4e
10536_0,31f2eeb2-4cf0-4597-8025-a151bd551648
10811_0,d504cf8e-d2d5-496f-bc41-5c73cc0d28e5
11353_0,e3c6279f-e3e9-47a7-8aa5-faf7e556d806
12574_1,0295e471-2757-4aba-b97e-0c4a4c84e289
11260_0,3db5d6df-4917-4511-9130-351d3dbca2f5
10969_0,bd0bd443-c3de-4555-954b-bf7b52fbd850
10776_0,b401ed1c-de88-472c-85e2-7054e668cff6
10757_2,3261e5a9-3675-4f1f-b297-c4e3c15f2600
10773_0,faa00972-93b2-442a-83d0-6dbcea0e2172
10993_0,b8e68f3d-782a-477e-989a-84d24397c655
11113_0,e0ab01a2-1f53-4d51-a08c-9b878b05a419
10519_1,c1e40c2d-1765-4042-9b7c-8d5075691258
12634_1,71042134-2bd5-4e0c-9b9a-ee1a936a6a7b
10988_1,4bf2ee38-352b-41c1-a863-3885b96822c1
11321_0,de40ecb5-9275-4e52-86ff-26218c5cf2ef
10986_0,74c1a3a7-0757-4f1c-a066-695cbcd9dc8e
11237_0,74701cf8-f896-4a5f-9ed1-4dd9815290bc
11493_0,d5311f14-998f-4c08-8be6-611d9898909a
10830_0,8bc4b24d-a138-4914-ac99-ae83c3e6b1e7
10916_i,add3f6a8-dbf6-40e8-a4cd-c2e659f6540e
11178_4,702d36dc-f518-4dd7-ae59-a638f7497a96
10965_0,b45d3cfa-85ac-4c67-86a9-33b19a3e1153
11025_0,0315b8e3-5c05-41cf-97ac-3b5121e9b558
10204_2,8d8cf352-7c7a-434d-94b8-8434039a0305
11180_0,b27893a5-efb8-429b-b4ab-9f5e441a0791
10879_0,6adca7b3-c02f-4955-9fed-8c16a82818dc
13091_4,0c5c9df9-842a-44ee-9ecd-2b81fdd72683
10979_0,02cd5de4-d42e-4215-b98d-3b4e977dfbb9
11023_0,c6439800-e884-4a00-a61a-e1a1ad953fbc
11098_0,99831f41-10bc-439a-843d-a7f0e5f37ec0
11527_0,5e43b4bf-f9cc-41b1-bdbb-383c4554f786
10973_i,04e60604-2166-4e4c-a2be-9741a14ffa9c
12098_1,6c63f047-3a8e-4f7d-a12c-81dd2bf3ed5e
11095_0,e25c507d-a08b-4f21-a8be-928c78fdbb91
10983_0,96a529af-d03a-4a57-98f6-db810adbc190
13056_5,18535b1a-1e74-4f5b-acaf-ae1cd719b90c
10996_0,843653ab-e8e1-4e49-a08b-ee49211145c5
10964_0,ab3d8e8f-5335-4eca-9eec-919a4e78cb77
12697_1,afbc1ec7-25d9-454d-9def-2393759679bf
11345_0,3af4c0e8-38bb-4107-b54b-905ab7dc203c
12653_0,a7ff2b19-62c1-4504-ba12-a7a717c84134
13229_2,3cf50fff-0f7b-4f88-af6f-143523125017
11645_0,679f18e1-f1dd-4193-8497-53471379a7a7
10791_0,70e9f1ea-0a0a-442f-ab59-c57f7ee20fe4
12130_1,061e93c6-ed31-4ee4-892f-1e43ea098d81
11081_0,66a0b306-ff96-4c1f-8eb0-c424836dd209
11506_0,b02471d6-7a21-4a7a-968c-ea531a74fb06
11730_0,aa73b152-d3ed-478a-b3c2-f15cf12086ac
12122_1,9cc001f8-9d19-48b2-8fd6-810aba734c6c
11796_2,d462719f-51e2-4349-8c9b-14231c92dc50
12149_0,09790d0d-1e91-47f3-ba8a-68cb4095d10f
10882_0,1b6a61b5-d91c-477a-8f1b-58eb6b288d28
11453_1,e660ab23-7f4b-410a-ad2f-bb9c7d340639
11376_0,cd06013c-d0fd-4d4a-8d30-8bdd5c784245
12239_2,8194e33d-8881-4382-8427-777263a69b62
11030_0,de20d56d-fb4e-4b91-a2ea-d4cbb7921417
11397_0,a8c3f1ae-fb00-4125-b6de-880dcbc4f612
11301_0,354c85ba-31c1-4699-8f72-40f7ea9ea51e
10851_1,b95f2524-062a-48aa-a51c-8982d672c53d
11483_0,a8c3f1ae-fb00-4125-b6de-880dcbc4f612
11721_0,6ec1fbc8-d808-4e70-bb1c-5cd7609a8a29
12165_0,45fce36f-e4fd-4037-a7fe-d5ee7a1d4ead
11013_0,4361d1ac-eef3-4e44-a19c-e6774e5409cd
11201_0,bf4dce67-9bd2-4280-ae49-fdf0397a8409
12880_0,55d53a40-e2f9-4c43-baa2-f03c9a13b8a8
11173_0,7cbfb131-a330-4238-bdb6-8bd0d43095c6
11118_0,f572157d-314e-4233-aa24-e974391f75f7
11440_4,8771946d-f953-4607-8124-4775bca8d90d
10868_0,85ca338a-6bd6-442f-bbf0-bbc0d0cc018a
12479_0,bfcc137c-e42d-417f-86a5-b1562abd5aea
11037_0,3facdf35-8a50-4c55-9166-fe67296fe32e
10997_0,545872b4-4788-441d-a34e-77a35b06cc4b
11115_0,aeb19fe1-5650-4360-aa79-f10a6bfff4fa
11011_1,add3f6a8-dbf6-40e8-a4cd-c2e659f6540e
11614_0,a8c3f1ae-fb00-4125-b6de-880dcbc4f612
12335_1,241084d9-4490-494e-820b-ce6ddb847a5d
12106_0,9035e1d7-ef71-4d78-8cf7-4e8450d16334
11134_5,31b7149c-14b8-49dc-b9c0-282cd98cda1a
11382_0,0fe7c44d-5d07-4221-8bc3-17a949f4b0a9
11625_0,4ed4cfca-b516-44d6-bc21-c16c7740e3b4
11273_0,4e80d61e-3298-4d8c-8f7d-b461cfb0cdd6
11635_0,378b225e-9ffa-4a52-aa66-f5e282079e87
11165_0,13e7ebe6-19e0-40b8-b748-6ec7e67cdc4b
12286_0,08e53691-0662-4901-9235-cdde3ada2662
12103_0,fb96dcf3-c191-4226-a8d9-810d3af2d1d7
11407_0,08d17e41-ec2f-4c26-9787-342a63d46b01
11202_0,c5592e4e-0e44-4c06-b8c0-2234893114d6
11015_0,91f4017c-7737-4c09-99bf-30f9e6d409e3
11902_0,e58716d1-48d2-4e91-ac60-9004c8dd9a64
12592_1,fc65e337-2f28-4fd5-836b-ffc93b7e5c07
11287_0,c3b96653-d691-4ae6-9cd7-185d3cf17dc7
11284_i,e0612841-060d-41d9-b579-7c68f39c8ac8
11769_1,45c82dfc-e9b2-4cc4-a1fc-2b368e94ccb0
11334_0,59483087-2890-47f8-bb7e-724f1eb0488c
11054_1,a8c3f1ae-fb00-4125-b6de-880dcbc4f612
11535_1,a8c3f1ae-fb00-4125-b6de-880dcbc4f612
11426_0,1b6a61b5-d91c-477a-8f1b-58eb6b288d28
11599_0,68df4048-2ab6-4192-b6ef-921ccd841e56
11344_0,40a166c5-3a4f-41d9-a71e-803c89e57510
11240_0,1bcc350a-20ba-4701-af21-4db0e43ce654
10844_0,73eb9b90-2a60-4b8c-908e-6c3392c7c798
11822_0,cd3caf43-8583-4535-a6d3-11bc01833973
12142_1,21e7195e-ae14-425c-b19a-9564475ee5c3
11732_0,37b93ad5-55fb-48ff-a758-975691f3022d
12855_0,21c47998-c782-4b27-b4ea-e0dc0d0e7d3d
11617_0,55771680-5610-4cb5-bb91-b64aaf86a133
12083_1,4e88ce61-96ee-410a-be9e-b7258807eef7
10793_1,12f50b91-3cf2-4171-bec8-f82edfa0ac8f
11373_i,513fec3c-8dc8-4474-8733-6caf9d3bb038
12202_0,3f4e67b3-66ea-4fa4-b0a8-d61fb762f4e2
11984_1,ba4e4a01-b658-4f72-9ddf-47031a83ffc6
11412_i,06a343c4-8e1a-4c72-b35b-9431be96551b
11465_0,de40ecb5-9275-4e52-86ff-26218c5cf2ef
11035_0,44cde8d3-9ecc-444e-9cde-35e35746ea42
11763_0,e6abc490-6acd-436e-9fa8-4baf8e731e51
11421_0,bf39ea55-7f31-44a9-8f63-44a2e17971af
11878_0,5e43b4bf-f9cc-41b1-bdbb-383c4554f786
11447_i,e8562ebe-af80-45ba-80fd-4522a6afb224
11930_0,b02471d6-7a21-4a7a-968c-ea531a74fb06
11515_0,d563fba5-5153-4d69-9ad9-fc9e4247d584
11840_1,a83a4e9e-1d97-4d83-b44f-ec35e86452db
11508_i,79326b09-dccf-45f9-bb15-f4afb9bbec2c
11816_0,e151a754-f018-4c48-98c3-72405d816cac
11860_0,1140f8b4-bd48-4c36-82ba-7a603907efee
11571_0,e3c75497-66a9-4924-897b-8ec9dcea9f0b
12055_0,a3cb46ce-4c55-4b1b-a7a0-7bcd79b118f5
11754_1,6d139442-9909-488f-997f-824a9d7b4c48
12136_0,241084d9-4490-494e-820b-ce6ddb847a5d
11566_0,0ec8304b-fc1a-4bc6-b6f3-8158a1927e96
11920_1,243fc125-e527-49e0-a80f-dab5b6fb2c38
11558_0,d563fba5-5153-4d69-9ad9-fc9e4247d584
12199_0,8dc63840-144b-459d-a39b-28ea53e05194
11771_0,be83abd5-b583-4eac-9c9a-9399aaef8f9b
11844_0,8aff8d0e-3e62-4e06-abd8-12006edab0c0
13199_0,44b07c77-f1fa-411c-91a9-da048a2b612d
11985_0,d37adad8-c146-442d-b1d9-573c08d4bb86
11654_0,99c95ccc-31ea-40ba-86c2-062b36e52287
11468_0,fdbf9870-44d7-4a93-9765-d895d2726160
11261_0,d563fba5-5153-4d69-9ad9-fc9e4247d584
10886_0,59483087-2890-47f8-bb7e-724f1eb0488c
11662_0,4fd157b8-88a6-4b1d-ae14-b43f9245db47
12454_0,241084d9-4490-494e-820b-ce6ddb847a5d
11572_0,2c3b5ef9-ae95-4f6a-b6c9-888012555df4
12226_0,cec7b8ce-86d7-4f43-98da-d62532f99730
11739_0,7f797d0e-ea81-42be-bd09-a663a8bd6a03
12677_0,8f699914-bee6-4858-9059-980f409db797
11668_0,f5e7c863-ae62-44c3-b92d-bddded6faf33
11353_1,e3c6279f-e3e9-47a7-8aa5-faf7e556d806
12574_2,0295e471-2757-4aba-b97e-0c4a4c84e289
12744_0,32a69725-4275-4ecd-ad9d-d5f4fbe5f90e
12198_0,4ec3edfb-c0bc-4693-9fc3-b3ee1d3dbd59
11664_i,0a0e9c93-daad-41f2-8316-c268489f319e
11783_0,b401ed1c-de88-472c-85e2-7054e668cff6
11363_0,fd4c6d45-75b0-41e0-a5ff-f04261dfa4bc
12377_0,faa00972-93b2-442a-83d0-6dbcea0e2172
12206_0,add3f6a8-dbf6-40e8-a4cd-c2e659f6540e
12634_2,71042134-2bd5-4e0c-9b9a-ee1a936a6a7b
12230_0,db7e2b88-dd0d-469f-b3d5-115438d4ddfc
14441_0,5afe3900-e5bd-43df-8992-ecd4e4a17311
12139_0,704377ae-d495-4ee8-bc35-5e031b70aadb
11567_0,d5311f14-998f-4c08-8be6-611d9898909a
11727_0,add3f6a8-dbf6-40e8-a4cd-c2e659f6540e
11767_0,b45d3cfa-85ac-4c67-86a9-33b19a3e1153
12620_0,18535b1a-1e74-4f5b-acaf-ae1cd719b90c
11446_0,8988322e-dc1e-47bd-9e39-c378aaadbea8
11708_0,a8c3f1ae-fb00-4125-b6de-880dcbc4f612
13091_5,0c5c9df9-842a-44ee-9ecd-2b81fdd72683
11746_0,ae73cb29-3040-49c1-a49c-7215f8c672f9
11750_0,78db376b-f57e-4be5-b41a-012461c93db7
12760_0,99831f41-10bc-439a-843d-a7f0e5f37ec0
11641_0,5e43b4bf-f9cc-41b1-bdbb-383c4554f786
12091_0,1c76f199-aeba-4dbb-8328-c3421e295017
12098_2,6c63f047-3a8e-4f7d-a12c-81dd2bf3ed5e
12084_0,ea1334e8-15c2-428a-b3c9-b729462a2aaf
11780_0,1bade0d7-d885-4597-8a31-985649e4c7b7
13056_6,18535b1a-1e74-4f5b-acaf-ae1cd719b90c
10996_1,341b6c84-26c6-4aba-9b5d-2e8366279925
12138_0,0f155f1a-731a-4936-b1ad-052094ea469d
12697_2,afbc1ec7-25d9-454d-9def-2393759679bf
13905_0,a219bbca-b569-4308-8ea5-79bb60650618
12653_1,a7ff2b19-62c1-4504-ba12-a7a717c84134
13229_3,3cf50fff-0f7b-4f88-af6f-143523125017
11958_0,679f18e1-f1dd-4193-8497-53471379a7a7
11993_0,84a2f39e-0703-4553-9882-be7d1de6f759
12130_2,b02471d6-7a21-4a7a-968c-ea531a74fb06
12231_0,805bdbcf-aca1-4931-b3af-8d58f2f70985
11775_0,0f5c154b-b9fb-488d-992a-1984ae0bf2de
12942_0,a84a363a-5ffd-4536-8a30-7c39e2532172
12122_2,9cc001f8-9d19-48b2-8fd6-810aba734c6c
11796_3,d462719f-51e2-4349-8c9b-14231c92dc50
12149_1,09790d0d-1e91-47f3-ba8a-68cb4095d10f
11899_0,1b6a61b5-d91c-477a-8f1b-58eb6b288d28
11970_0,cdf44336-969d-43f5-a60e-7c4d305bcf63
11962_0,d37adad8-c146-442d-b1d9-573c08d4bb86
12239_3,8194e33d-8881-4382-8427-777263a69b62
12067_0,de20d56d-fb4e-4b91-a2ea-d4cbb7921417
12767_0,18535b1a-1e74-4f5b-acaf-ae1cd719b90c
12674_0,354c85ba-31c1-4699-8f72-40f7ea9ea51e
11978_0,60b9e30b-8d72-4822-aa08-5f1f89f8a66b
11741_0,9912200f-2891-4ddd-bb8e-4e2088d2e1fe
11721_1,6ec1fbc8-d808-4e70-bb1c-5cd7609a8a29
12165_1,45fce36f-e4fd-4037-a7fe-d5ee7a1d4ead
12504_0,4361d1ac-eef3-4e44-a19c-e6774e5409cd
12293_0,bf4dce67-9bd2-4280-ae49-fdf0397a8409
12880_1,55d53a40-e2f9-4c43-baa2-f03c9a13b8a8
11950_0,c9528d2a-5240-4316-a5ec-fd2f26c199b2
12540_0,3ba0eb61-bd43-40fd-9628-9b259fc0ad95
11440_5,8771946d-f953-4607-8124-4775bca8d90d
12205_0,1fdb7185-8852-4414-a057-9a5550c615c4
12479_1,bfcc137c-e42d-417f-86a5-b1562abd5aea
11037_1,9721aa71-aa37-4934-b9f8-d08072a97b0c
12076_0,aeb19fe1-5650-4360-aa79-f10a6bfff4fa
11595_0,906e3673-fe56-48e9-a02f-e9f8a5b4ad60
11969_0,aef3c964-3268-4003-8891-eb22e3490428
12335_2,b7408d35-95dc-4603-a67f-840fe0bbed2c
12106_1,9035e1d7-ef71-4d78-8cf7-4e8450d16334
11134_6,31b7149c-14b8-49dc-b9c0-282cd98cda1a
12066_0,ad718f0b-578c-47c8-8a3e-6cbcbbba03ec
14003_0,7ed7801c-efab-4010-a8a8-4cda8e35ae34
11286_0,4e80d61e-3298-4d8c-8f7d-b461cfb0cdd6
13782_0,0c5c9df9-842a-44ee-9ecd-2b81fdd72683
12145_0,13e7ebe6-19e0-40b8-b748-6ec7e67cdc4b
12286_1,08e53691-0662-4901-9235-cdde3ada2662
12103_1,fb96dcf3-c191-4226-a8d9-810d3af2d1d7
12044_i,860369d7-6394-4653-bf42-ae634c82635e
11938_0,08d17e41-ec2f-4c26-9787-342a63d46b01
12913_0,95cd59c5-e397-4f05-a714-35f89999dc8a
12328_0,5c7e5825-75f6-4527-8c35-2aafb5dd87dd
11913_0,e58716d1-48d2-4e91-ac60-9004c8dd9a64
12592_2,fc65e337-2f28-4fd5-836b-ffc93b7e5c07
12588_0,9e653fac-f7df-45c9-bb61-0e5b0ea6807e
12078_i,8c28c9b1-e968-40d3-99fb-e9f932eb5654
11764_0,e0612841-060d-41d9-b579-7c68f39c8ac8
12208_0,002e6648-1f54-4f7f-b0fc-3b5bbd48fca5
11334_1,59483087-2890-47f8-bb7e-724f1eb0488c
12929_0,097dbef7-b7eb-442c-bf46-92c1ef9d47af
12077_0,869dd291-b343-43ca-8892-b29d8d67e040
12089_0,0fddcfcf-5ccd-498b-9864-18c4acf3136d
12142_2,21e7195e-ae14-425c-b19a-9564475ee5c3
12229_0,2eff3142-d69f-4efc-95b4-13c309e934ca
12855_1,21c47998-c782-4b27-b4ea-e0dc0d0e7d3d
12188_0,51015982-bd46-4fd7-a5a5-1b77fb438d17
12147_0,4e88ce61-96ee-410a-be9e-b7258807eef7
12162_0,12f50b91-3cf2-4171-bec8-f82edfa0ac8f
12425_0,e3e6be42-8b6c-4631-915d-e7a8ebe8d922
12202_1,3f4e67b3-66ea-4fa4-b0a8-d61fb762f4e2
11984_2,ba4e4a01-b658-4f72-9ddf-47031a83ffc6
12417_0,a0d5cf07-a0d3-42f0-9546-19eb00c4ef90
12237_i,37b26f4f-6245-48e1-99bd-3242b51b4894
12371_0,de40ecb5-9275-4e52-86ff-26218c5cf2ef
12581_0,88d6c9e9-44f0-4c24-af88-7d526c0824da
12233_0,bf39ea55-7f31-44a9-8f63-44a2e17971af
12605_0,f561b750-e51b-42f4-b10d-b53e43301df5
12054_0,1b6a61b5-d91c-477a-8f1b-58eb6b288d28
11930_1,0f5c154b-b9fb-488d-992a-1984ae0bf2de
12301_0,ac8ee5cd-eba0-436a-9d9a-3a5d9c41d464
11840_2,a83a4e9e-1d97-4d83-b44f-ec35e86452db
11626_0,2599e283-956a-4489-a473-1cd7c7027f24
12346_i,f04d3643-167d-4d3e-94b3-aaeb088e471a
11816_1,e151a754-f018-4c48-98c3-72405d816cac
12340_0,ed57b44f-204a-4e49-85ad-b0548172b693
11905_0,43bd0825-5c82-45a3-815b-536edbb968a4
12402_0,fc7500a7-26c9-45b4-869c-754d66d1f223
12915_0,6d139442-9909-488f-997f-824a9d7b4c48
12667_0,0890b24c-ae91-4902-8cdb-9182d9d67a43
12320_0,0297f54f-013d-4787-bb4f-d59e5f916850
12603_0,ec9197ca-30a8-4930-a5de-c2186d721a43
12492_0,be83abd5-b583-4eac-9c9a-9399aaef8f9b
13375_0,4ef33b50-3e94-4b6b-9aff-507fb0547dec
13199_1,44b07c77-f1fa-411c-91a9-da048a2b612d
12258_0,c3979765-5c49-48ad-bafc-9bb4c6a41eaf
12577_0,f6d9e63d-b319-46cd-8696-32a44b55fb31
12610_0,813f3848-b235-45e7-85ad-4806a4b9db9c
12441_0,59483087-2890-47f8-bb7e-724f1eb0488c
12366_0,a932b8c3-4f1b-42ea-abfc-2164d0d96d2c
12454_1,b7408d35-95dc-4603-a67f-840fe0bbed2c
12405_0,2c3b5ef9-ae95-4f6a-b6c9-888012555df4
12933_0,ba961995-144c-4e03-80dd-0b971afb1f7e
12694_0,b4bfab12-464b-4981-9102-30d2cb2bcfdc
12677_1,8f699914-bee6-4858-9059-980f409db797
12529_0,bbffb5f1-9c51-4b60-b206-abd89a272005
12619_0,bedc9443-4e9d-4220-831d-a58563f638c4
12574_3,0295e471-2757-4aba-b97e-0c4a4c84e289
12744_1,32a69725-4275-4ecd-ad9d-d5f4fbe5f90e
13872_0,c76415cc-35ba-4fc1-a89c-e665f4ee4cfd
12790_0,b826fa3e-0ae2-4063-81f9-e01e8831ef2d
12533_0,41efe159-234a-4401-9d03-708a6161146c
13952_0,932b86c5-6c2f-4d24-8046-2877e748dbff
12377_1,faa00972-93b2-442a-83d0-6dbcea0e2172
12705_0,18535b1a-1e74-4f5b-acaf-ae1cd719b90c
12634_3,71042134-2bd5-4e0c-9b9a-ee1a936a6a7b
12373_0,db7e2b88-dd0d-469f-b3d5-115438d4ddfc
14441_1,5afe3900-e5bd-43df-8992-ecd4e4a17311
12510_0,22aef439-bc86-4aca-928b-860664a23602
12791_0,1bf401c1-2be7-44ab-86ab-e40931eefb0b
13675_0,18535b1a-1e74-4f5b-acaf-ae1cd719b90c
14119_0,fd2d2d32-184d-4789-a88f-94ecfe6fbfc7
12620_1,18535b1a-1e74-4f5b-acaf-ae1cd719b90c
13091_6,0c5c9df9-842a-44ee-9ecd-2b81fdd72683
12589_0,2eff3142-d69f-4efc-95b4-13c309e934ca
12760_1,99831f41-10bc-439a-843d-a7f0e5f37ec0
12820_0,0f5c154b-b9fb-488d-992a-1984ae0bf2de
12194_0,94003e6f-54c7-4149-85b7-3c464b6f47da
13681_0,16f3e8cf-a6d7-4a72-bf68-7b392747a48e
12703_0,80f161db-2ccd-485a-8c2a-8cd19a23e2da
13056_7,18535b1a-1e74-4f5b-acaf-ae1cd719b90c
12138_1,0f155f1a-731a-4936-b1ad-052094ea469d
12697_3,afbc1ec7-25d9-454d-9def-2393759679bf
13905_1,a219bbca-b569-4308-8ea5-79bb60650618
12653_2,a7ff2b19-62c1-4504-ba12-a7a717c84134
13229_4,3cf50fff-0f7b-4f88-af6f-143523125017
12708_0,a12aa8dc-e91f-4aa8-8c42-808b02271d31
13263_0,e77e2807-4ed4-4e4a-ab14-b8c36a70b3c3
12888_0,fe007a62-aeec-4557-83cc-29576b9827c7
12630_0,e2a07012-eb1e-4685-8d2b-31f6231d7d39
12942_1,a84a363a-5ffd-4536-8a30-7c39e2532172
12659_0,9cc001f8-9d19-48b2-8fd6-810aba734c6c
13162_0,20302253-629e-4fff-b633-33edcf8ed1a3
13301_0,78ab5f76-8b96-4a4e-b9c8-4520ddf6b65c
12762_0,de20d56d-fb4e-4b91-a2ea-d4cbb7921417
12767_1,18535b1a-1e74-4f5b-acaf-ae1cd719b90c
12674_1,354c85ba-31c1-4699-8f72-40f7ea9ea51e
13742_0,60b9e30b-8d72-4822-aa08-5f1f89f8a66b
12753_0,b826fa3e-0ae2-4063-81f9-e01e8831ef2d
13429_0,9e2ef5da-5931-489f-84df-e057079dbdfd
13387_0,bf4dce67-9bd2-4280-ae49-fdf0397a8409
12880_2,55d53a40-e2f9-4c43-baa2-f03c9a13b8a8
13343_0,9ad85c01-e89e-4fc4-8d2c-4947b13d3baa
13658_0,e33e178c-533f-48c2-8498-1372519d4015
12953_0,92d3abcc-a377-4199-9775-730ee35f120f
12487_0,bfcc137c-e42d-417f-86a5-b1562abd5aea
11037_2,acf50c32-49f0-47bf-a8f7-f69fb88fa657
12505_0,aeb19fe1-5650-4360-aa79-f10a6bfff4fa
13859_0,d69a3e5d-ea1a-476d-8d70-abf6f95eda2d
12858_0,4a311d0a-6868-4585-9f1a-3c95794b9621
12861_i,0c5c9df9-842a-44ee-9ecd-2b81fdd72683
13630_0,54e9a597-f246-409c-8d09-1f295e727e98
12881_0,dad11731-2b49-4f0c-b735-d4fcad688ed9
14003_1,738ba092-bb1f-4752-81a0-76acd1e38b8f
13280_0,4e80d61e-3298-4d8c-8f7d-b461cfb0cdd6
13782_1,0c5c9df9-842a-44ee-9ecd-2b81fdd72683
12897_i,e1442c86-efb2-43be-8ac0-1dc18064becd
13230_0,a251677b-10b5-4d91-bf96-2c545b910870
12678_0,a0e76ccb-42f9-432f-849f-a6c2bd955e29
12901_i,3c79ab7c-a809-4f1b-83a9-02df06e770b4
12957_0,26b8d0fd-7cc9-4c86-90ca-27ce5824d2c3
12954_0,7aa4265f-120d-4435-80e3-82306edb227b
13087_0,5f82e3c5-0455-46eb-87cf-8d849e441ff8
12913_1,95cd59c5-e397-4f05-a714-35f89999dc8a
12940_0,c9710267-3ed5-49fe-90db-a4c83ea145da
13098_0,fc65e337-2f28-4fd5-836b-ffc93b7e5c07
13256_0,777b25b2-58cd-4bb6-ab76-7fad8e5550db
13184_0,e0612841-060d-41d9-b579-7c68f39c8ac8
13504_0,a5b1ae35-f62f-485a-9d31-719062edc83e
12929_1,097dbef7-b7eb-442c-bf46-92c1ef9d47af
13816_0,10667886-63f0-4249-9f52-50586e713774
13881_0,b47eaa25-daa5-4ee2-a51d-a9c387dffa68
12975_0,e52852f9-a10e-4666-8f2e-30ce0d31c098
13042_0,0f585c14-e191-42fa-af5e-b15b005179c0
13344_0,18535b1a-1e74-4f5b-acaf-ae1cd719b90c
13077_0,0d3e6515-d253-49e5-a818-b1ba7c22af30
13747_0,d1191a39-df8f-4e67-a586-9a3339d1f410
12885_0,b5de5f38-1b1b-4a1f-8942-45925516edcb
13041_0,37b26f4f-6245-48e1-99bd-3242b51b4894
13349_0,93436137-a5c8-4abe-a382-2bac22bfbba7
13134_0,88d6c9e9-44f0-4c24-af88-7d526c0824da
13334_0,16b199e4-9bb0-4bc5-a850-1d1f4be0be3f
13290_0,a0bdf99c-bf1d-4171-9c63-849723931071
12781_0,5f284ed2-0505-4abb-bb0c-04db9a3a318d
13314_0,9727f9cf-bdb6-420e-a382-71cf7581c266
13666_0,390d9d05-5ae4-41a2-9824-c9167e0a8111
13261_0,f04d3643-167d-4d3e-94b3-aaeb088e471a
11816_2,e151a754-f018-4c48-98c3-72405d816cac
13867_0,ed57b44f-204a-4e49-85ad-b0548172b693
11905_1,43bd0825-5c82-45a3-815b-536edbb968a4
14306_0,6d139442-9909-488f-997f-824a9d7b4c48
13207_0,0890b24c-ae91-4902-8cdb-9182d9d67a43
13529_0,8265fa04-f3e0-4ae8-b573-cb0ad00593f0
13354_0,ac3bc321-a916-4ca3-81ce-a8c7ea771716
13375_1,f97338ee-fe39-4858-a855-ed7a847c0877
13235_0,4a26a426-c03c-4510-97aa-62f80c1455db
13550_0,78ab5f76-8b96-4a4e-b9c8-4520ddf6b65c
13629_0,3313fb9d-d3ab-4f82-a371-cc2e44594eea
13391_0,18535b1a-1e74-4f5b-acaf-ae1cd719b90c
14023_0,334d14c2-9089-4e4a-b224-5713b784d900
13499_0,0da4656d-1b76-4af3-87f5-cf2f66ef8952
12677_2,8f699914-bee6-4858-9059-980f409db797
13413_0,bbffb5f1-9c51-4b60-b206-abd89a272005
13735_0,a79a85c9-9107-44c9-a0ec-4d21f38b8b1f
13872_1,c76415cc-35ba-4fc1-a89c-e665f4ee4cfd
13299_0,8714579a-d78f-4f58-9d12-14295e49a96e
13890_0,78ab5f76-8b96-4a4e-b9c8-4520ddf6b65c
13952_1,932b86c5-6c2f-4d24-8046-2877e748dbff
13453_0,9727f9cf-bdb6-420e-a382-71cf7581c266
13762_0,71042134-2bd5-4e0c-9b9a-ee1a936a6a7b
14148_0,a400ad18-44ac-42a6-97dc-5afc8003c089
14441_2,5afe3900-e5bd-43df-8992-ecd4e4a17311
12948_0,eb107aca-22db-4597-bd6c-ad4a979dc3f6
14061_0,1bf401c1-2be7-44ab-86ab-e40931eefb0b
13675_1,e6dc344b-9da4-4acc-a5b4-f061bc9b605b
14119_1,fd2d2d32-184d-4789-a88f-94ecfe6fbfc7
13689_0,e1508234-64ed-49a7-a354-90581f9af6c4
14587_0,33842938-3078-4353-bfd9-839c38df8027
13466_0,263a6bef-2791-4fb6-9aa8-6b869e14f29e
14227_0,aa7b65dc-e89c-40c7-9c0b-161d71ae51f2
13681_1,16f3e8cf-a6d7-4a72-bf68-7b392747a48e
13384_0,725ac0b5-faa8-4dda-8e22-36f96a1cc5c3
14133_0,dc545093-5c2c-43e8-a63d-c6bb6777c703
13905_2,a219bbca-b569-4308-8ea5-79bb60650618
13596_0,8265fa04-f3e0-4ae8-b573-cb0ad00593f0
13229_5,3cf50fff-0f7b-4f88-af6f-143523125017
13722_0,213b681f-5d01-48ca-ba52-c29b83f2fa9f
13623_0,dad32856-e45c-4981-9459-664f0d97e566
13577_0,78ab5f76-8b96-4a4e-b9c8-4520ddf6b65c
14106_0,20302253-629e-4fff-b633-33edcf8ed1a3
13719_0,272f30e9-050f-4bea-8b73-c8d6f75303cf
13809_0,de20d56d-fb4e-4b91-a2ea-d4cbb7921417
13740_0,dfb93bda-ddd5-441f-981a-5c2fe70e8039
13742_1,60b9e30b-8d72-4822-aa08-5f1f89f8a66b
12753_1,b826fa3e-0ae2-4063-81f9-e01e8831ef2d
13463_0,9e2ef5da-5931-489f-84df-e057079dbdfd
14145_0,b1c55177-6e30-4fed-8d21-11461f3ee9a6
13728_0,55d53a40-e2f9-4c43-baa2-f03c9a13b8a8
13751_0,9ad85c01-e89e-4fc4-8d2c-4947b13d3baa
13658_1,e33e178c-533f-48c2-8498-1372519d4015
13552_0,bfcc137c-e42d-417f-86a5-b1562abd5aea
13638_0,3d90233e-d0ea-4142-8c37-d610ae74a208
12505_1,aeb19fe1-5650-4360-aa79-f10a6bfff4fa
13859_1,d69a3e5d-ea1a-476d-8d70-abf6f95eda2d
14585_0,4a311d0a-6868-4585-9f1a-3c95794b9621
13646_0,0c5c9df9-842a-44ee-9ecd-2b81fdd72683
13630_1,54e9a597-f246-409c-8d09-1f295e727e98
14003_2,f7972bce-6aeb-4670-a8bf-42bab45aec8e
13702_0,4e80d61e-3298-4d8c-8f7d-b461cfb0cdd6
13782_2,0c5c9df9-842a-44ee-9ecd-2b81fdd72683
14240_0,0668a83b-b83a-44b1-b18f-d8873cd7ad54
13610_0,652548de-33e4-419a-b67b-704bdb471554
13687_0,a0e76ccb-42f9-432f-849f-a6c2bd955e29
13581_0,1b0625d3-1f7b-4058-9097-b27685e9245e
13604_0,df84aa4b-5f7b-4f4b-af3f-2f6cb6df280d
13714_0,e6dc344b-9da4-4acc-a5b4-f061bc9b605b
13585_0,95cd59c5-e397-4f05-a714-35f89999dc8a
13730_i,2049abd0-5c59-4e92-885c-f89a570daa87
13417_0,be218f46-962c-4ee4-8729-986ba2f98c1b
13993_0,fc65e337-2f28-4fd5-836b-ffc93b7e5c07
13775_0,e2f32d10-4964-4485-886c-222f4b0c37e5
13686_0,13a80b95-2229-4e33-bfc4-00ba8d494b87
13816_1,10667886-63f0-4249-9f52-50586e713774
13881_1,b47eaa25-daa5-4ee2-a51d-a9c387dffa68
13077_1,5b982f46-ad40-4178-942b-9fa036d8a68f
14042_0,f501e5c6-7734-441e-b024-154908170d90
13891_i,f5e53b25-9ee3-4891-af95-083e64177e27
13964_0,2cfe599b-d001-4e8c-8f21-a3a55e218d88
14850_0,97c772e6-bc56-4e73-bcfe-06dc97ae4c5a
13970_0,9727f9cf-bdb6-420e-a382-71cf7581c266
14259_0,098a698c-1a52-4187-b6f2-08d2a38fd972
14111_0,f04d3643-167d-4d3e-94b3-aaeb088e471a
14036_0,ed57b44f-204a-4e49-85ad-b0548172b693
14348_0,e685218f-9dda-4293-98e1-bbe4d6bbff96
14306_1,6d139442-9909-488f-997f-824a9d7b4c48
13906_0,5b422561-79cc-4606-ad6b-b5b8a4798403
14126_0,7e037b96-8a6b-4f82-a332-2129ff14373c
14768_0,3313fb9d-d3ab-4f82-a371-cc2e44594eea
14105_i,c4ee951e-5779-4e3a-940d-3c3763560d2a
14608_0,48480601-9646-4456-968a-9164049d8b04
14023_1,334d14c2-9089-4e4a-b224-5713b784d900
14143_0,0da4656d-1b76-4af3-87f5-cf2f66ef8952
14157_0,d504cf8e-d2d5-496f-bc41-5c73cc0d28e5
14497_0,a79a85c9-9107-44c9-a0ec-4d21f38b8b1f
13872_2,c76415cc-35ba-4fc1-a89c-e665f4ee4cfd
13890_1,78ab5f76-8b96-4a4e-b9c8-4520ddf6b65c
13900_0,d8d8b619-e499-4861-849c-431585b3ce7f
14441_3,2cfe599b-d001-4e8c-8f21-a3a55e218d88
13870_0,e6dc344b-9da4-4acc-a5b4-f061bc9b605b
14125_0,fd2d2d32-184d-4789-a88f-94ecfe6fbfc7
14587_1,33842938-3078-4353-bfd9-839c38df8027
14227_1,aa7b65dc-e89c-40c7-9c0b-161d71ae51f2
14133_1,3bf1f950-6e23-42b7-aa66-72fa41eea264
14283_0,626a8405-aeee-4656-9032-7352f5500e9b
14692_0,8265fa04-f3e0-4ae8-b573-cb0ad00593f0
13623_1,dad32856-e45c-4981-9459-664f0d97e566
14640_0,78ab5f76-8b96-4a4e-b9c8-4520ddf6b65c
14470_0,de20d56d-fb4e-4b91-a2ea-d4cbb7921417
14438_i,d95c02ab-e99b-4f9d-b5bf-e2aa1de092af
14011_0,71053069-5116-4bd8-948a-c6ad46497222
14358_0,b1c55177-6e30-4fed-8d21-11461f3ee9a6
13638_1,e45970f5-bb0e-49ce-b534-57d7c417cf3b
14585_1,4a311d0a-6868-4585-9f1a-3c95794b9621
14616_0,6a4a0efe-43aa-4ffa-9d11-e564a6b91f48
14813_0,99236f5a-c128-4da2-8d3a-10b33febaa9c
14553_0,0668a83b-b83a-44b1-b18f-d8873cd7ad54
14638_0,cea69a54-5bfe-4ac8-b7d4-46fccb8e8e41
14613_0,3f4941a2-0854-44e4-9802-46671111f13c
14683_0,f5e53b25-9ee3-4891-af95-083e64177e27
14923_0,2cfe599b-d001-4e8c-8f21-a3a55e218d88
14850_1,97c772e6-bc56-4e73-bcfe-06dc97ae4c5a
